{
  "meta": {
    "data_version": "1.0.0",
    "created": "2019-05-31",
    "revision": 1
  },
  "info": {
    "balls_per_over": 6,
    "city": "Nottingham",
    "dates": [
      "2019-05-31"
    ],
    "event": {
      "name": "World Cup",
      "match_number": 2
    },
    "gender": "male",
    "match_type": "ODI",
    "match_type_number": 4144,
    "officials": {
      "match_referees": [
        "JJ Crowe"
      ],
      "reserve_umpires": [
        "RSA Palliyaguruge"
      ],
      "tv_umpires": [
        "S Ravi"
      ],
      "umpires": [
        "CB Gaffaney",
        "M Erasmus"
      ]
    },
    "outcome": {
      "winner": "West Indies",
      "by": {
        "wickets": 7
      }
    },
    "overs": 50,
    "player_of_match": [
      "O Thomas"
    ],
    "players": {
      "Pakistan": [
        "Imam-ul-Haq",
        "Fakhar Zaman",
        "Babar Azam",
        "Haris Sohail",
        "Sarfraz Ahmed",
        "Mohammad Hafeez",
        "Imad Wasim",
        "Shadab Khan",
        "Hasan Ali",
        "Wahab Riaz",
        "Mohammad Amir"
      ],
      "West Indies": [
        "CH Gayle",
        "SD Hope",
        "DM Bravo",
        "N Pooran",
        "SO Hetmyer",
        "AD Russell",
        "JO Holder",
        "CR Brathwaite",
        "AR Nurse",
        "SS Cottrell",
        "O Thomas"
      ]
    },
    "registry": {
      "people": {
        "AD Russell": "bbd41817",
        "AR Nurse": "4a745f65",
        "Babar Azam": "8a75e999",
        "CB Gaffaney": "d5ac41d8",
        "CH Gayle": "db584dad",
        "CR Brathwaite": "e342e5fb",
        "DM Bravo": "14b14cd8",
        "Fakhar Zaman": "1777c020",
        "Haris Sohail": "7cd0a092",
        "Hasan Ali": "2911de16",
        "Imad Wasim": "9cb8d7a6",
        "Imam-ul-Haq": "40c041ea",
        "JJ Crowe": "2e760301",
        "JO Holder": "0f721006",
        "M Erasmus": "15d3c895",
        "Mohammad Amir": "e174dadd",
        "Mohammad Hafeez": "9ab63e7b",
        "N Pooran": "3241e3fd",
        "O Thomas": "c6097d68",
        "RSA Palliyaguruge": "4339c19d",
        "S Ravi": "9b9ee0df",
        "SD Hope": "1fc6ef83",
        "SO Hetmyer": "48a1d7b7",
        "SS Cottrell": "a1d053dd",
        "Sarfraz Ahmed": "2254ab79",
        "Shadab Khan": "9de62878",
        "Wahab Riaz": "b3118300"
      }
    },
    "season": "2019",
    "team_type": "international",
    "teams": [
      "Pakistan",
      "West Indies"
    ],
    "toss": {
      "decision": "field",
      "winner": "West Indies"
    },
    "venue": "Trent Bridge"
  },
  "innings": [
    {
      "team": "Pakistan",
      "overs": [
        {
          "over": 0,
          "deliveries": [
            {
              "batter": "Imam-ul-Haq",
              "bowler": "SS Cottrell",
              "extras": {
                "wides": 1
              },
              "non_striker": "Fakhar Zaman",
              "runs": {
                "batter": 0,
                "extras": 1,
                "total": 1
              }
            },
            {
              "batter": "Imam-ul-Haq",
              "bowler": "SS Cottrell",
              "non_striker": "Fakhar Zaman",
              "runs": {
                "batter": 0,
                "extras": 0,
                "total": 0
              }
            },
            {
              "batter": "Imam-ul-Haq",
              "bowler": "SS Cottrell",
              "non_striker": "Fakhar Zaman",
              "runs": {
                "batter": 0,
                "extras": 0,
                "total": 0
              }
            },
            {
              "batter": "Imam-ul-Haq",
              "bowler": "SS Cottrell",
              "non_striker": "Fakhar Zaman",
              "runs": {
                "batter": 0,
                "extras": 0,
                "total": 0
              }
            },
            {
              "batter": "Imam-ul-Haq",
              "bowler": "SS Cottrell",
              "non_striker": "Fakhar Zaman",
              "runs": {
                "batter": 0,
                "extras": 0,
                "total": 0
              }
            },
            {
              "batter": "Imam-ul-Haq",
              "bowler": "SS Cottrell",
              "non_striker": "Fakhar Zaman",
              "runs": {
                "batter": 0,
                "extras": 0,
                "total": 0
              }
            },
            {
              "batter": "Imam-ul-Haq",
              "bowler": "SS Cottrell",
              "non_striker": "Fakhar Zaman",
              "runs": {
                "batter": 0,
                "extras": 0,
                "total": 0
              }
            }
          ]
        },
        {
          "over": 1,
          "deliveries": [
            {
              "batter": "Fakhar Zaman",
              "bowler": "JO Holder",
              "non_striker": "Imam-ul-Haq",
              "runs": {
                "batter": 3,
                "extras": 0,
                "total": 3
              }
            },
            {
              "batter": "Imam-ul-Haq",
              "bowler": "JO Holder",
              "non_striker": "Fakhar Zaman",
              "runs": {
                "batter": 1,
                "extras": 0,
                "total": 1
              }
            },
            {
              "batter": "Fakhar Zaman",
              "bowler": "JO Holder",
              "non_striker": "Imam-ul-Haq",
              "runs": {
                "batter": 0,
                "extras": 0,
                "total": 0
              }
            },
            {
              "batter": "Fakhar Zaman",
              "bowler": "JO Holder",
              "non_striker": "Imam-ul-Haq",
              "runs": {
                "batter": 6,
                "extras": 0,
                "total": 6
              }
            },
            {
              "batter": "Fakhar Zaman",
              "bowler": "JO Holder",
              "non_striker": "Imam-ul-Haq",
              "runs": {
                "batter": 0,
                "extras": 0,
                "total": 0
              }
            },
            {
              "batter": "Fakhar Zaman",
              "bowler": "JO Holder",
              "non_striker": "Imam-ul-Haq",
              "runs": {
                "batter": 0,
                "extras": 0,
                "total": 0
              }
            }
          ]
        },
        {
          "over": 2,
          "deliveries": [
            {
              "batter": "Imam-ul-Haq",
              "bowler": "SS Cottrell",
              "non_striker": "Fakhar Zaman",
              "runs": {
                "batter": 1,
                "extras": 0,
                "total": 1
              }
            },
            {
              "batter": "Fakhar Zaman",
              "bowler": "SS Cottrell",
              "non_striker": "Imam-ul-Haq",
              "runs": {
                "batter": 4,
                "extras": 0,
                "total": 4
              }
            },
            {
              "batter": "Fakhar Zaman",
              "bowler": "SS Cottrell",
              "non_striker": "Imam-ul-Haq",
              "runs": {
                "batter": 1,
                "extras": 0,
                "total": 1
              }
            },
            {
              "batter": "Imam-ul-Haq",
              "bowler": "SS Cottrell",
              "non_striker": "Fakhar Zaman",
              "runs": {
                "batter": 0,
                "extras": 0,
                "total": 0
              }
            },
            {
              "batter": "Imam-ul-Haq",
              "bowler": "SS Cottrell",
              "non_striker": "Fakhar Zaman",
              "runs": {
                "batter": 0,
                "extras": 0,
                "total": 0
              }
            },
            {
              "batter": "Imam-ul-Haq",
              "bowler": "SS Cottrell",
              "non_striker": "Fakhar Zaman",
              "runs": {
                "batter": 0,
                "extras": 0,
                "total": 0
              },
              "wickets": [
                {
                  "kind": "caught",
                  "player_out": "Imam-ul-Haq",
                  "fielders": [
                    {
                      "name": "SD Hope"
                    }
                  ]
                }
              ]
            }
          ]
        },
        {
          "over": 3,
          "deliveries": [
            {
              "batter": "Fakhar Zaman",
              "bowler": "JO Holder",
              "non_striker": "Babar Azam",
              "runs": {
                "batter": 0,
                "extras": 0,
                "total": 0
              }
            },
            {
              "batter": "Fakhar Zaman",
              "bowler": "JO Holder",
              "non_striker": "Babar Azam",
              "runs": {
                "batter": 0,
                "extras": 0,
                "total": 0
              }
            },
            {
              "batter": "Fakhar Zaman",
              "bowler": "JO Holder",
              "non_striker": "Babar Azam",
              "runs": {
                "batter": 0,
                "extras": 0,
                "total": 0
              }
            },
            {
              "batter": "Fakhar Zaman",
              "bowler": "JO Holder",
              "non_striker": "Babar Azam",
              "runs": {
                "batter": 4,
                "extras": 0,
                "total": 4
              }
            },
            {
              "batter": "Fakhar Zaman",
              "bowler": "JO Holder",
              "non_striker": "Babar Azam",
              "runs": {
                "batter": 3,
                "extras": 0,
                "total": 3
              }
            },
            {
              "batter": "Babar Azam",
              "bowler": "JO Holder",
              "non_striker": "Fakhar Zaman",
              "runs": {
                "batter": 3,
                "extras": 0,
                "total": 3
              }
            }
          ]
        },
        {
          "over": 4,
          "deliveries": [
            {
              "batter": "Babar Azam",
              "bowler": "SS Cottrell",
              "non_striker": "Fakhar Zaman",
              "runs": {
                "batter": 4,
                "extras": 0,
                "total": 4
              }
            },
            {
              "batter": "Babar Azam",
              "bowler": "SS Cottrell",
              "non_striker": "Fakhar Zaman",
              "runs": {
                "batter": 0,
                "extras": 0,
                "total": 0
              }
            },
            {
              "batter": "Babar Azam",
              "bowler": "SS Cottrell",
              "non_striker": "Fakhar Zaman",
              "runs": {
                "batter": 0,
                "extras": 0,
                "total": 0
              }
            },
            {
              "batter": "Babar Azam",
              "bowler": "SS Cottrell",
              "non_striker": "Fakhar Zaman",
              "runs": {
                "batter": 0,
                "extras": 0,
                "total": 0
              }
            },
            {
              "batter": "Babar Azam",
              "bowler": "SS Cottrell",
              "non_striker": "Fakhar Zaman",
              "runs": {
                "batter": 2,
                "extras": 0,
                "total": 2
              }
            },
            {
              "batter": "Babar Azam",
              "bowler": "SS Cottrell",
              "non_striker": "Fakhar Zaman",
              "runs": {
                "batter": 0,
                "extras": 0,
                "total": 0
              }
            }
          ]
        },
        {
          "over": 5,
          "deliveries": [
            {
              "batter": "Fakhar Zaman",
              "bowler": "AD Russell",
              "non_striker": "Babar Azam",
              "runs": {
                "batter": 0,
                "extras": 0,
                "total": 0
              }
            },
            {
              "batter": "Fakhar Zaman",
              "bowler": "AD Russell",
              "non_striker": "Babar Azam",
              "runs": {
                "batter": 0,
                "extras": 0,
                "total": 0
              }
            },
            {
              "batter": "Fakhar Zaman",
              "bowler": "AD Russell",
              "non_striker": "Babar Azam",
              "runs": {
                "batter": 1,
                "extras": 0,
                "total": 1
              }
            },
            {
              "batter": "Babar Azam",
              "bowler": "AD Russell",
              "non_striker": "Fakhar Zaman",
              "runs": {
                "batter": 1,
                "extras": 0,
                "total": 1
              }
            },
            {
              "batter": "Fakhar Zaman",
              "bowler": "AD Russell",
              "non_striker": "Babar Azam",
              "runs": {
                "batter": 0,
                "extras": 0,
                "total": 0
              },
              "wickets": [
                {
                  "kind": "bowled",
                  "player_out": "Fakhar Zaman"
                }
              ]
            },
            {
              "batter": "Haris Sohail",
              "bowler": "AD Russell",
              "non_striker": "Babar Azam",
              "runs": {
                "batter": 0,
                "extras": 0,
                "total": 0
              }
            }
          ]
        },
        {
          "over": 6,
          "deliveries": [
            {
              "batter": "Babar Azam",
              "bowler": "SS Cottrell",
              "non_striker": "Haris Sohail",
              "runs": {
                "batter": 0,
                "extras": 0,
                "total": 0
              }
            },
            {
              "batter": "Babar Azam",
              "bowler": "SS Cottrell",
              "non_striker": "Haris Sohail",
              "runs": {
                "batter": 0,
                "extras": 0,
                "total": 0
              }
            },
            {
              "batter": "Babar Azam",
              "bowler": "SS Cottrell",
              "non_striker": "Haris Sohail",
              "runs": {
                "batter": 0,
                "extras": 0,
                "total": 0
              }
            },
            {
              "batter": "Babar Azam",
              "bowler": "SS Cottrell",
              "non_striker": "Haris Sohail",
              "runs": {
                "batter": 0,
                "extras": 0,
                "total": 0
              }
            },
            {
              "batter": "Babar Azam",
              "bowler": "SS Cottrell",
              "non_striker": "Haris Sohail",
              "runs": {
                "batter": 1,
                "extras": 0,
                "total": 1
              }
            },
            {
              "batter": "Haris Sohail",
              "bowler": "SS Cottrell",
              "non_striker": "Babar Azam",
              "runs": {
                "batter": 4,
                "extras": 0,
                "total": 4
              }
            }
          ]
        },
        {
          "over": 7,
          "deliveries": [
            {
              "batter": "Babar Azam",
              "bowler": "AD Russell",
              "non_striker": "Haris Sohail",
              "runs": {
                "batter": 1,
                "extras": 0,
                "total": 1
              }
            },
            {
              "batter": "Haris Sohail",
              "bowler": "AD Russell",
              "non_striker": "Babar Azam",
              "runs": {
                "batter": 1,
                "extras": 0,
                "total": 1
              }
            },
            {
              "batter": "Babar Azam",
              "bowler": "AD Russell",
              "non_striker": "Haris Sohail",
              "runs": {
                "batter": 0,
                "extras": 0,
                "total": 0
              }
            },
            {
              "batter": "Babar Azam",
              "bowler": "AD Russell",
              "non_striker": "Haris Sohail",
              "runs": {
                "batter": 0,
                "extras": 0,
                "total": 0
              }
            },
            {
              "batter": "Babar Azam",
              "bowler": "AD Russell",
              "non_striker": "Haris Sohail",
              "runs": {
                "batter": 0,
                "extras": 0,
                "total": 0
              }
            },
            {
              "batter": "Babar Azam",
              "bowler": "AD Russell",
              "non_striker": "Haris Sohail",
              "runs": {
                "batter": 0,
                "extras": 0,
                "total": 0
              }
            }
          ]
        },
        {
          "over": 8,
          "deliveries": [
            {
              "batter": "Haris Sohail",
              "bowler": "CR Brathwaite",
              "non_striker": "Babar Azam",
              "runs": {
                "batter": 2,
                "extras": 0,
                "total": 2
              }
            },
            {
              "batter": "Haris Sohail",
              "bowler": "CR Brathwaite",
              "non_striker": "Babar Azam",
              "runs": {
                "batter": 0,
                "extras": 0,
                "total": 0
              }
            },
            {
              "batter": "Haris Sohail",
              "bowler": "CR Brathwaite",
              "non_striker": "Babar Azam",
              "runs": {
                "batter": 0,
                "extras": 0,
                "total": 0
              }
            },
            {
              "batter": "Haris Sohail",
              "bowler": "CR Brathwaite",
              "non_striker": "Babar Azam",
              "runs": {
                "batter": 1,
                "extras": 0,
                "total": 1
              }
            },
            {
              "batter": "Babar Azam",
              "bowler": "CR Brathwaite",
              "non_striker": "Haris Sohail",
              "runs": {
                "batter": 0,
                "extras": 0,
                "total": 0
              }
            },
            {
              "batter": "Babar Azam",
              "bowler": "CR Brathwaite",
              "non_striker": "Haris Sohail",
              "runs": {
                "batter": 0,
                "extras": 0,
                "total": 0
              }
            }
          ]
        },
        {
          "over": 9,
          "deliveries": [
            {
              "batter": "Haris Sohail",
              "bowler": "AD Russell",
              "non_striker": "Babar Azam",
              "runs": {
                "batter": 0,
                "extras": 0,
                "total": 0
              }
            },
            {
              "batter": "Haris Sohail",
              "bowler": "AD Russell",
              "non_striker": "Babar Azam",
              "runs": {
                "batter": 0,
                "extras": 0,
                "total": 0
              }
            },
            {
              "batter": "Haris Sohail",
              "bowler": "AD Russell",
              "non_striker": "Babar Azam",
              "runs": {
                "batter": 0,
                "extras": 0,
                "total": 0
              }
            },
            {
              "batter": "Haris Sohail",
              "bowler": "AD Russell",
              "non_striker": "Babar Azam",
              "runs": {
                "batter": 0,
                "extras": 0,
                "total": 0
              },
              "wickets": [
                {
                  "kind": "caught",
                  "player_out": "Haris Sohail",
                  "fielders": [
                    {
                      "name": "SD Hope"
                    }
                  ]
                }
              ]
            },
            {
              "batter": "Sarfraz Ahmed",
              "bowler": "AD Russell",
              "non_striker": "Babar Azam",
              "runs": {
                "batter": 0,
                "extras": 0,
                "total": 0
              }
            },
            {
              "batter": "Sarfraz Ahmed",
              "bowler": "AD Russell",
              "non_striker": "Babar Azam",
              "runs": {
                "batter": 0,
                "extras": 0,
                "total": 0
              }
            }
          ]
        },
        {
          "over": 10,
          "deliveries": [
            {
              "batter": "Babar Azam",
              "bowler": "CR Brathwaite",
              "non_striker": "Sarfraz Ahmed",
              "runs": {
                "batter": 0,
                "extras": 0,
                "total": 0
              }
            },
            {
              "batter": "Babar Azam",
              "bowler": "CR Brathwaite",
              "non_striker": "Sarfraz Ahmed",
              "runs": {
                "batter": 0,
                "extras": 0,
                "total": 0
              }
            },
            {
              "batter": "Babar Azam",
              "bowler": "CR Brathwaite",
              "non_striker": "Sarfraz Ahmed",
              "runs": {
                "batter": 0,
                "extras": 0,
                "total": 0
              }
            },
            {
              "batter": "Babar Azam",
              "bowler": "CR Brathwaite",
              "non_striker": "Sarfraz Ahmed",
              "runs": {
                "batter": 1,
                "extras": 0,
                "total": 1
              }
            },
            {
              "batter": "Sarfraz Ahmed",
              "bowler": "CR Brathwaite",
              "non_striker": "Babar Azam",
              "runs": {
                "batter": 0,
                "extras": 0,
                "total": 0
              }
            },
            {
              "batter": "Sarfraz Ahmed",
              "bowler": "CR Brathwaite",
              "non_striker": "Babar Azam",
              "runs": {
                "batter": 4,
                "extras": 0,
                "total": 4
              }
            }
          ]
        },
        {
          "over": 11,
          "deliveries": [
            {
              "batter": "Babar Azam",
              "bowler": "O Thomas",
              "non_striker": "Sarfraz Ahmed",
              "runs": {
                "batter": 0,
                "extras": 0,
                "total": 0
              }
            },
            {
              "batter": "Babar Azam",
              "bowler": "O Thomas",
              "non_striker": "Sarfraz Ahmed",
              "runs": {
                "batter": 2,
                "extras": 0,
                "total": 2
              }
            },
            {
              "batter": "Babar Azam",
              "bowler": "O Thomas",
              "non_striker": "Sarfraz Ahmed",
              "runs": {
                "batter": 4,
                "extras": 0,
                "total": 4
              }
            },
            {
              "batter": "Babar Azam",
              "bowler": "O Thomas",
              "non_striker": "Sarfraz Ahmed",
              "runs": {
                "batter": 1,
                "extras": 0,
                "total": 1
              }
            },
            {
              "batter": "Sarfraz Ahmed",
              "bowler": "O Thomas",
              "non_striker": "Babar Azam",
              "runs": {
                "batter": 1,
                "extras": 0,
                "total": 1
              }
            },
            {
              "batter": "Babar Azam",
              "bowler": "O Thomas",
              "non_striker": "Sarfraz Ahmed",
              "runs": {
                "batter": 0,
                "extras": 0,
                "total": 0
              }
            }
          ]
        },
        {
          "over": 12,
          "deliveries": [
            {
              "batter": "Sarfraz Ahmed",
              "bowler": "CR Brathwaite",
              "non_striker": "Babar Azam",
              "runs": {
                "batter": 1,
                "extras": 0,
                "total": 1
              }
            },
            {
              "batter": "Babar Azam",
              "bowler": "CR Brathwaite",
              "non_striker": "Sarfraz Ahmed",
              "runs": {
                "batter": 1,
                "extras": 0,
                "total": 1
              }
            },
            {
              "batter": "Sarfraz Ahmed",
              "bowler": "CR Brathwaite",
              "non_striker": "Babar Azam",
              "runs": {
                "batter": 0,
                "extras": 0,
                "total": 0
              }
            },
            {
              "batter": "Sarfraz Ahmed",
              "bowler": "CR Brathwaite",
              "non_striker": "Babar Azam",
              "runs": {
                "batter": 1,
                "extras": 0,
                "total": 1
              }
            },
            {
              "batter": "Babar Azam",
              "bowler": "CR Brathwaite",
              "non_striker": "Sarfraz Ahmed",
              "runs": {
                "batter": 0,
                "extras": 0,
                "total": 0
              }
            },
            {
              "batter": "Babar Azam",
              "bowler": "CR Brathwaite",
              "non_striker": "Sarfraz Ahmed",
              "runs": {
                "batter": 1,
                "extras": 0,
                "total": 1
              }
            }
          ]
        },
        {
          "over": 13,
          "deliveries": [
            {
              "batter": "Babar Azam",
              "bowler": "O Thomas",
              "non_striker": "Sarfraz Ahmed",
              "runs": {
                "batter": 0,
                "extras": 0,
                "total": 0
              },
              "wickets": [
                {
                  "kind": "caught",
                  "player_out": "Babar Azam",
                  "fielders": [
                    {
                      "name": "SD Hope"
                    }
                  ]
                }
              ]
            },
            {
              "batter": "Mohammad Hafeez",
              "bowler": "O Thomas",
              "non_striker": "Sarfraz Ahmed",
              "runs": {
                "batter": 0,
                "extras": 0,
                "total": 0
              }
            },
            {
              "batter": "Mohammad Hafeez",
              "bowler": "O Thomas",
              "non_striker": "Sarfraz Ahmed",
              "runs": {
                "batter": 4,
                "extras": 0,
                "total": 4
              }
            },
            {
              "batter": "Mohammad Hafeez",
              "bowler": "O Thomas",
              "non_striker": "Sarfraz Ahmed",
              "runs": {
                "batter": 4,
                "extras": 0,
                "total": 4
              }
            },
            {
              "batter": "Mohammad Hafeez",
              "bowler": "O Thomas",
              "non_striker": "Sarfraz Ahmed",
              "runs": {
                "batter": 0,
                "extras": 0,
                "total": 0
              }
            },
            {
              "batter": "Mohammad Hafeez",
              "bowler": "O Thomas",
              "non_striker": "Sarfraz Ahmed",
              "runs": {
                "batter": 0,
                "extras": 0,
                "total": 0
              }
            }
          ]
        },
        {
          "over": 14,
          "deliveries": [
            {
              "batter": "Sarfraz Ahmed",
              "bowler": "CR Brathwaite",
              "non_striker": "Mohammad Hafeez",
              "runs": {
                "batter": 0,
                "extras": 0,
                "total": 0
              }
            },
            {
              "batter": "Sarfraz Ahmed",
              "bowler": "CR Brathwaite",
              "non_striker": "Mohammad Hafeez",
              "runs": {
                "batter": 0,
                "extras": 0,
                "total": 0
              }
            },
            {
              "batter": "Sarfraz Ahmed",
              "bowler": "CR Brathwaite",
              "non_striker": "Mohammad Hafeez",
              "runs": {
                "batter": 1,
                "extras": 0,
                "total": 1
              }
            },
            {
              "batter": "Mohammad Hafeez",
              "bowler": "CR Brathwaite",
              "non_striker": "Sarfraz Ahmed",
              "runs": {
                "batter": 0,
                "extras": 0,
                "total": 0
              }
            },
            {
              "batter": "Mohammad Hafeez",
              "bowler": "CR Brathwaite",
              "non_striker": "Sarfraz Ahmed",
              "runs": {
                "batter": 0,
                "extras": 0,
                "total": 0
              }
            },
            {
              "batter": "Mohammad Hafeez",
              "bowler": "CR Brathwaite",
              "non_striker": "Sarfraz Ahmed",
              "runs": {
                "batter": 1,
                "extras": 0,
                "total": 1
              }
            }
          ]
        },
        {
          "over": 15,
          "deliveries": [
            {
              "batter": "Mohammad Hafeez",
              "bowler": "O Thomas",
              "non_striker": "Sarfraz Ahmed",
              "runs": {
                "batter": 0,
                "extras": 0,
                "total": 0
              }
            },
            {
              "batter": "Mohammad Hafeez",
              "bowler": "O Thomas",
              "non_striker": "Sarfraz Ahmed",
              "runs": {
                "batter": 0,
                "extras": 0,
                "total": 0
              }
            },
            {
              "batter": "Mohammad Hafeez",
              "bowler": "O Thomas",
              "non_striker": "Sarfraz Ahmed",
              "runs": {
                "batter": 0,
                "extras": 0,
                "total": 0
              }
            },
            {
              "batter": "Mohammad Hafeez",
              "bowler": "O Thomas",
              "non_striker": "Sarfraz Ahmed",
              "runs": {
                "batter": 0,
                "extras": 0,
                "total": 0
              }
            },
            {
              "batter": "Mohammad Hafeez",
              "bowler": "O Thomas",
              "extras": {
                "wides": 1
              },
              "non_striker": "Sarfraz Ahmed",
              "runs": {
                "batter": 0,
                "extras": 1,
                "total": 1
              }
            },
            {
              "batter": "Mohammad Hafeez",
              "bowler": "O Thomas",
              "non_striker": "Sarfraz Ahmed",
              "runs": {
                "batter": 2,
                "extras": 0,
                "total": 2
              }
            },
            {
              "batter": "Mohammad Hafeez",
              "bowler": "O Thomas",
              "non_striker": "Sarfraz Ahmed",
              "runs": {
                "batter": 0,
                "extras": 0,
                "total": 0
              }
            }
          ]
        },
        {
          "over": 16,
          "deliveries": [
            {
              "batter": "Sarfraz Ahmed",
              "bowler": "JO Holder",
              "non_striker": "Mohammad Hafeez",
              "review": {
                "by": "West Indies",
                "umpire": "CB Gaffaney",
                "batter": "Sarfraz Ahmed",
                "decision": "upheld"
              },
              "runs": {
                "batter": 0,
                "extras": 0,
                "total": 0
              },
              "wickets": [
                {
                  "kind": "caught",
                  "player_out": "Sarfraz Ahmed",
                  "fielders": [
                    {
                      "name": "SD Hope"
                    }
                  ]
                }
              ]
            },
            {
              "batter": "Imad Wasim",
              "bowler": "JO Holder",
              "non_striker": "Mohammad Hafeez",
              "runs": {
                "batter": 0,
                "extras": 0,
                "total": 0
              }
            },
            {
              "batter": "Imad Wasim",
              "bowler": "JO Holder",
              "non_striker": "Mohammad Hafeez",
              "runs": {
                "batter": 1,
                "extras": 0,
                "total": 1
              }
            },
            {
              "batter": "Mohammad Hafeez",
              "bowler": "JO Holder",
              "non_striker": "Imad Wasim",
              "runs": {
                "batter": 0,
                "extras": 0,
                "total": 0
              }
            },
            {
              "batter": "Mohammad Hafeez",
              "bowler": "JO Holder",
              "non_striker": "Imad Wasim",
              "runs": {
                "batter": 1,
                "extras": 0,
                "total": 1
              }
            },
            {
              "batter": "Imad Wasim",
              "bowler": "JO Holder",
              "non_striker": "Mohammad Hafeez",
              "runs": {
                "batter": 0,
                "extras": 0,
                "total": 0
              },
              "wickets": [
                {
                  "kind": "caught",
                  "player_out": "Imad Wasim",
                  "fielders": [
                    {
                      "name": "CH Gayle"
                    }
                  ]
                }
              ]
            }
          ]
        },
        {
          "over": 17,
          "deliveries": [
            {
              "batter": "Mohammad Hafeez",
              "bowler": "O Thomas",
              "non_striker": "Shadab Khan",
              "runs": {
                "batter": 0,
                "extras": 0,
                "total": 0
              }
            },
            {
              "batter": "Mohammad Hafeez",
              "bowler": "O Thomas",
              "non_striker": "Shadab Khan",
              "runs": {
                "batter": 1,
                "extras": 0,
                "total": 1
              }
            },
            {
              "batter": "Shadab Khan",
              "bowler": "O Thomas",
              "non_striker": "Mohammad Hafeez",
              "runs": {
                "batter": 0,
                "extras": 0,
                "total": 0
              },
              "wickets": [
                {
                  "kind": "lbw",
                  "player_out": "Shadab Khan"
                }
              ]
            },
            {
              "batter": "Hasan Ali",
              "bowler": "O Thomas",
              "non_striker": "Mohammad Hafeez",
              "runs": {
                "batter": 0,
                "extras": 0,
                "total": 0
              }
            },
            {
              "batter": "Hasan Ali",
              "bowler": "O Thomas",
              "non_striker": "Mohammad Hafeez",
              "runs": {
                "batter": 1,
                "extras": 0,
                "total": 1
              }
            },
            {
              "batter": "Mohammad Hafeez",
              "bowler": "O Thomas",
              "non_striker": "Hasan Ali",
              "runs": {
                "batter": 1,
                "extras": 0,
                "total": 1
              }
            }
          ]
        },
        {
          "over": 18,
          "deliveries": [
            {
              "batter": "Mohammad Hafeez",
              "bowler": "JO Holder",
              "non_striker": "Hasan Ali",
              "runs": {
                "batter": 1,
                "extras": 0,
                "total": 1
              }
            },
            {
              "batter": "Hasan Ali",
              "bowler": "JO Holder",
              "non_striker": "Mohammad Hafeez",
              "runs": {
                "batter": 0,
                "extras": 0,
                "total": 0
              }
            },
            {
              "batter": "Hasan Ali",
              "bowler": "JO Holder",
              "non_striker": "Mohammad Hafeez",
              "runs": {
                "batter": 0,
                "extras": 0,
                "total": 0
              },
              "wickets": [
                {
                  "kind": "caught",
                  "player_out": "Hasan Ali",
                  "fielders": [
                    {
                      "name": "SS Cottrell"
                    }
                  ]
                }
              ]
            },
            {
              "batter": "Wahab Riaz",
              "bowler": "JO Holder",
              "non_striker": "Mohammad Hafeez",
              "runs": {
                "batter": 0,
                "extras": 0,
                "total": 0
              }
            },
            {
              "batter": "Wahab Riaz",
              "bowler": "JO Holder",
              "non_striker": "Mohammad Hafeez",
              "runs": {
                "batter": 1,
                "extras": 0,
                "total": 1
              }
            },
            {
              "batter": "Mohammad Hafeez",
              "bowler": "JO Holder",
              "non_striker": "Wahab Riaz",
              "runs": {
                "batter": 1,
                "extras": 0,
                "total": 1
              }
            }
          ]
        },
        {
          "over": 19,
          "deliveries": [
            {
              "batter": "Mohammad Hafeez",
              "bowler": "O Thomas",
              "non_striker": "Wahab Riaz",
              "runs": {
                "batter": 0,
                "extras": 0,
                "total": 0
              }
            },
            {
              "batter": "Mohammad Hafeez",
              "bowler": "O Thomas",
              "non_striker": "Wahab Riaz",
              "runs": {
                "batter": 0,
                "extras": 0,
                "total": 0
              }
            },
            {
              "batter": "Mohammad Hafeez",
              "bowler": "O Thomas",
              "non_striker": "Wahab Riaz",
              "runs": {
                "batter": 0,
                "extras": 0,
                "total": 0
              },
              "wickets": [
                {
                  "kind": "caught",
                  "player_out": "Mohammad Hafeez",
                  "fielders": [
                    {
                      "name": "SS Cottrell"
                    }
                  ]
                }
              ]
            },
            {
              "batter": "Wahab Riaz",
              "bowler": "O Thomas",
              "extras": {
                "noballs": 1
              },
              "non_striker": "Mohammad Amir",
              "runs": {
                "batter": 0,
                "extras": 1,
                "total": 1
              }
            },
            {
              "batter": "Wahab Riaz",
              "bowler": "O Thomas",
              "non_striker": "Mohammad Amir",
              "runs": {
                "batter": 0,
                "extras": 0,
                "total": 0
              }
            },
            {
              "batter": "Wahab Riaz",
              "bowler": "O Thomas",
              "non_striker": "Mohammad Amir",
              "runs": {
                "batter": 1,
                "extras": 0,
                "total": 1
              }
            },
            {
              "batter": "Mohammad Amir",
              "bowler": "O Thomas",
              "non_striker": "Wahab Riaz",
              "runs": {
                "batter": 1,
                "extras": 0,
                "total": 1
              }
            }
          ]
        },
        {
          "over": 20,
          "deliveries": [
            {
              "batter": "Mohammad Amir",
              "bowler": "JO Holder",
              "non_striker": "Wahab Riaz",
              "runs": {
                "batter": 1,
                "extras": 0,
                "total": 1
              }
            },
            {
              "batter": "Wahab Riaz",
              "bowler": "JO Holder",
              "non_striker": "Mohammad Amir",
              "runs": {
                "batter": 6,
                "extras": 0,
                "total": 6
              }
            },
            {
              "batter": "Wahab Riaz",
              "bowler": "JO Holder",
              "non_striker": "Mohammad Amir",
              "runs": {
                "batter": 0,
                "extras": 0,
                "total": 0
              }
            },
            {
              "batter": "Wahab Riaz",
              "bowler": "JO Holder",
              "non_striker": "Mohammad Amir",
              "runs": {
                "batter": 0,
                "extras": 0,
                "total": 0
              }
            },
            {
              "batter": "Wahab Riaz",
              "bowler": "JO Holder",
              "non_striker": "Mohammad Amir",
              "runs": {
                "batter": 4,
                "extras": 0,
                "total": 4
              }
            },
            {
              "batter": "Wahab Riaz",
              "bowler": "JO Holder",
              "non_striker": "Mohammad Amir",
              "runs": {
                "batter": 6,
                "extras": 0,
                "total": 6
              }
            }
          ]
        },
        {
          "over": 21,
          "deliveries": [
            {
              "batter": "Mohammad Amir",
              "bowler": "O Thomas",
              "non_striker": "Wahab Riaz",
              "runs": {
                "batter": 0,
                "extras": 0,
                "total": 0
              }
            },
            {
              "batter": "Mohammad Amir",
              "bowler": "O Thomas",
              "non_striker": "Wahab Riaz",
              "runs": {
                "batter": 0,
                "extras": 0,
                "total": 0
              }
            },
            {
              "batter": "Mohammad Amir",
              "bowler": "O Thomas",
              "extras": {
                "noballs": 1
              },
              "non_striker": "Wahab Riaz",
              "runs": {
                "batter": 0,
                "extras": 1,
                "total": 1
              }
            },
            {
              "batter": "Mohammad Amir",
              "bowler": "O Thomas",
              "non_striker": "Wahab Riaz",
              "runs": {
                "batter": 1,
                "extras": 0,
                "total": 1
              }
            },
            {
              "batter": "Wahab Riaz",
              "bowler": "O Thomas",
              "non_striker": "Mohammad Amir",
              "runs": {
                "batter": 0,
                "extras": 0,
                "total": 0
              },
              "wickets": [
                {
                  "kind": "bowled",
                  "player_out": "Wahab Riaz"
                }
              ]
            }
          ]
        }
      ],
      "powerplays": [
        {
          "from": 0.1,
          "to": 9.6,
          "type": "mandatory"
        },
        {
          "from": 10.1,
          "to": 21.5,
          "type": "mandatory"
        }
      ]
    },
    {
      "team": "West Indies",
      "overs": [
        {
          "over": 0,
          "deliveries": [
            {
              "batter": "CH Gayle",
              "bowler": "Mohammad Amir",
              "non_striker": "SD Hope",
              "runs": {
                "batter": 0,
                "extras": 0,
                "total": 0
              }
            },
            {
              "batter": "CH Gayle",
              "bowler": "Mohammad Amir",
              "non_striker": "SD Hope",
              "runs": {
                "batter": 1,
                "extras": 0,
                "total": 1
              }
            },
            {
              "batter": "SD Hope",
              "bowler": "Mohammad Amir",
              "non_striker": "CH Gayle",
              "runs": {
                "batter": 0,
                "extras": 0,
                "total": 0
              }
            },
            {
              "batter": "SD Hope",
              "bowler": "Mohammad Amir",
              "non_striker": "CH Gayle",
              "runs": {
                "batter": 0,
                "extras": 0,
                "total": 0
              }
            },
            {
              "batter": "SD Hope",
              "bowler": "Mohammad Amir",
              "non_striker": "CH Gayle",
              "runs": {
                "batter": 0,
                "extras": 0,
                "total": 0
              }
            },
            {
              "batter": "SD Hope",
              "bowler": "Mohammad Amir",
              "non_striker": "CH Gayle",
              "runs": {
                "batter": 1,
                "extras": 0,
                "total": 1
              }
            }
          ]
        },
        {
          "over": 1,
          "deliveries": [
            {
              "batter": "SD Hope",
              "bowler": "Hasan Ali",
              "non_striker": "CH Gayle",
              "runs": {
                "batter": 0,
                "extras": 0,
                "total": 0
              }
            },
            {
              "batter": "SD Hope",
              "bowler": "Hasan Ali",
              "extras": {
                "wides": 1
              },
              "non_striker": "CH Gayle",
              "runs": {
                "batter": 0,
                "extras": 1,
                "total": 1
              }
            },
            {
              "batter": "SD Hope",
              "bowler": "Hasan Ali",
              "non_striker": "CH Gayle",
              "runs": {
                "batter": 1,
                "extras": 0,
                "total": 1
              }
            },
            {
              "batter": "CH Gayle",
              "bowler": "Hasan Ali",
              "non_striker": "SD Hope",
              "runs": {
                "batter": 0,
                "extras": 0,
                "total": 0
              }
            },
            {
              "batter": "CH Gayle",
              "bowler": "Hasan Ali",
              "non_striker": "SD Hope",
              "runs": {
                "batter": 4,
                "extras": 0,
                "total": 4
              }
            },
            {
              "batter": "CH Gayle",
              "bowler": "Hasan Ali",
              "non_striker": "SD Hope",
              "runs": {
                "batter": 4,
                "extras": 0,
                "total": 4
              }
            },
            {
              "batter": "CH Gayle",
              "bowler": "Hasan Ali",
              "non_striker": "SD Hope",
              "runs": {
                "batter": 0,
                "extras": 0,
                "total": 0
              }
            }
          ]
        },
        {
          "over": 2,
          "deliveries": [
            {
              "batter": "SD Hope",
              "bowler": "Mohammad Amir",
              "non_striker": "CH Gayle",
              "runs": {
                "batter": 2,
                "extras": 0,
                "total": 2
              }
            },
            {
              "batter": "SD Hope",
              "bowler": "Mohammad Amir",
              "non_striker": "CH Gayle",
              "runs": {
                "batter": 0,
                "extras": 0,
                "total": 0
              }
            },
            {
              "batter": "SD Hope",
              "bowler": "Mohammad Amir",
              "non_striker": "CH Gayle",
              "runs": {
                "batter": 0,
                "extras": 0,
                "total": 0
              }
            },
            {
              "batter": "SD Hope",
              "bowler": "Mohammad Amir",
              "non_striker": "CH Gayle",
              "runs": {
                "batter": 2,
                "extras": 0,
                "total": 2
              }
            },
            {
              "batter": "SD Hope",
              "bowler": "Mohammad Amir",
              "non_striker": "CH Gayle",
              "runs": {
                "batter": 0,
                "extras": 0,
                "total": 0
              }
            },
            {
              "batter": "SD Hope",
              "bowler": "Mohammad Amir",
              "non_striker": "CH Gayle",
              "runs": {
                "batter": 0,
                "extras": 0,
                "total": 0
              }
            }
          ]
        },
        {
          "over": 3,
          "deliveries": [
            {
              "batter": "CH Gayle",
              "bowler": "Hasan Ali",
              "non_striker": "SD Hope",
              "runs": {
                "batter": 2,
                "extras": 0,
                "total": 2
              }
            },
            {
              "batter": "CH Gayle",
              "bowler": "Hasan Ali",
              "non_striker": "SD Hope",
              "runs": {
                "batter": 6,
                "extras": 0,
                "total": 6
              }
            },
            {
              "batter": "CH Gayle",
              "bowler": "Hasan Ali",
              "non_striker": "SD Hope",
              "runs": {
                "batter": 6,
                "extras": 0,
                "total": 6
              }
            },
            {
              "batter": "CH Gayle",
              "bowler": "Hasan Ali",
              "non_striker": "SD Hope",
              "runs": {
                "batter": 1,
                "extras": 0,
                "total": 1
              }
            },
            {
              "batter": "SD Hope",
              "bowler": "Hasan Ali",
              "non_striker": "CH Gayle",
              "runs": {
                "batter": 0,
                "extras": 0,
                "total": 0
              }
            },
            {
              "batter": "SD Hope",
              "bowler": "Hasan Ali",
              "non_striker": "CH Gayle",
              "runs": {
                "batter": 1,
                "extras": 0,
                "total": 1
              }
            }
          ]
        },
        {
          "over": 4,
          "deliveries": [
            {
              "batter": "SD Hope",
              "bowler": "Mohammad Amir",
              "non_striker": "CH Gayle",
              "runs": {
                "batter": 4,
                "extras": 0,
                "total": 4
              }
            },
            {
              "batter": "SD Hope",
              "bowler": "Mohammad Amir",
              "non_striker": "CH Gayle",
              "runs": {
                "batter": 0,
                "extras": 0,
                "total": 0
              }
            },
            {
              "batter": "SD Hope",
              "bowler": "Mohammad Amir",
              "non_striker": "CH Gayle",
              "runs": {
                "batter": 0,
                "extras": 0,
                "total": 0
              },
              "wickets": [
                {
                  "kind": "caught",
                  "player_out": "SD Hope",
                  "fielders": [
                    {
                      "name": "Mohammad Hafeez"
                    }
                  ]
                }
              ]
            },
            {
              "batter": "CH Gayle",
              "bowler": "Mohammad Amir",
              "non_striker": "DM Bravo",
              "runs": {
                "batter": 1,
                "extras": 0,
                "total": 1
              }
            },
            {
              "batter": "DM Bravo",
              "bowler": "Mohammad Amir",
              "extras": {
                "wides": 1
              },
              "non_striker": "CH Gayle",
              "runs": {
                "batter": 0,
                "extras": 1,
                "total": 1
              }
            },
            {
              "batter": "DM Bravo",
              "bowler": "Mohammad Amir",
              "non_striker": "CH Gayle",
              "runs": {
                "batter": 0,
                "extras": 0,
                "total": 0
              }
            },
            {
              "batter": "DM Bravo",
              "bowler": "Mohammad Amir",
              "non_striker": "CH Gayle",
              "runs": {
                "batter": 0,
                "extras": 0,
                "total": 0
              }
            }
          ]
        },
        {
          "over": 5,
          "deliveries": [
            {
              "batter": "CH Gayle",
              "bowler": "Hasan Ali",
              "non_striker": "DM Bravo",
              "runs": {
                "batter": 0,
                "extras": 0,
                "total": 0
              }
            },
            {
              "batter": "CH Gayle",
              "bowler": "Hasan Ali",
              "non_striker": "DM Bravo",
              "runs": {
                "batter": 4,
                "extras": 0,
                "total": 4
              }
            },
            {
              "batter": "CH Gayle",
              "bowler": "Hasan Ali",
              "non_striker": "DM Bravo",
              "runs": {
                "batter": 0,
                "extras": 0,
                "total": 0
              }
            },
            {
              "batter": "CH Gayle",
              "bowler": "Hasan Ali",
              "non_striker": "DM Bravo",
              "runs": {
                "batter": 0,
                "extras": 0,
                "total": 0
              }
            },
            {
              "batter": "CH Gayle",
              "bowler": "Hasan Ali",
              "non_striker": "DM Bravo",
              "runs": {
                "batter": 0,
                "extras": 0,
                "total": 0
              }
            },
            {
              "batter": "CH Gayle",
              "bowler": "Hasan Ali",
              "non_striker": "DM Bravo",
              "runs": {
                "batter": 4,
                "extras": 0,
                "total": 4
              }
            }
          ]
        },
        {
          "over": 6,
          "deliveries": [
            {
              "batter": "DM Bravo",
              "bowler": "Mohammad Amir",
              "non_striker": "CH Gayle",
              "runs": {
                "batter": 0,
                "extras": 0,
                "total": 0
              }
            },
            {
              "batter": "DM Bravo",
              "bowler": "Mohammad Amir",
              "non_striker": "CH Gayle",
              "runs": {
                "batter": 0,
                "extras": 0,
                "total": 0
              },
              "wickets": [
                {
                  "kind": "caught",
                  "player_out": "DM Bravo",
                  "fielders": [
                    {
                      "name": "Babar Azam"
                    }
                  ]
                }
              ]
            },
            {
              "batter": "N Pooran",
              "bowler": "Mohammad Amir",
              "non_striker": "CH Gayle",
              "runs": {
                "batter": 1,
                "extras": 0,
                "total": 1
              }
            },
            {
              "batter": "CH Gayle",
              "bowler": "Mohammad Amir",
              "non_striker": "N Pooran",
              "runs": {
                "batter": 0,
                "extras": 0,
                "total": 0
              }
            },
            {
              "batter": "CH Gayle",
              "bowler": "Mohammad Amir",
              "extras": {
                "legbyes": 1
              },
              "non_striker": "N Pooran",
              "runs": {
                "batter": 0,
                "extras": 1,
                "total": 1
              }
            },
            {
              "batter": "N Pooran",
              "bowler": "Mohammad Amir",
              "non_striker": "CH Gayle",
              "runs": {
                "batter": 0,
                "extras": 0,
                "total": 0
              }
            }
          ]
        },
        {
          "over": 7,
          "deliveries": [
            {
              "batter": "CH Gayle",
              "bowler": "Wahab Riaz",
              "non_striker": "N Pooran",
              "runs": {
                "batter": 0,
                "extras": 0,
                "total": 0
              }
            },
            {
              "batter": "CH Gayle",
              "bowler": "Wahab Riaz",
              "non_striker": "N Pooran",
              "runs": {
                "batter": 0,
                "extras": 0,
                "total": 0
              }
            },
            {
              "batter": "CH Gayle",
              "bowler": "Wahab Riaz",
              "non_striker": "N Pooran",
              "runs": {
                "batter": 0,
                "extras": 0,
                "total": 0
              }
            },
            {
              "batter": "CH Gayle",
              "bowler": "Wahab Riaz",
              "non_striker": "N Pooran",
              "runs": {
                "batter": 0,
                "extras": 0,
                "total": 0
              }
            },
            {
              "batter": "CH Gayle",
              "bowler": "Wahab Riaz",
              "non_striker": "N Pooran",
              "runs": {
                "batter": 0,
                "extras": 0,
                "total": 0
              }
            },
            {
              "batter": "CH Gayle",
              "bowler": "Wahab Riaz",
              "non_striker": "N Pooran",
              "runs": {
                "batter": 0,
                "extras": 0,
                "total": 0
              }
            }
          ]
        },
        {
          "over": 8,
          "deliveries": [
            {
              "batter": "N Pooran",
              "bowler": "Mohammad Amir",
              "extras": {
                "legbyes": 1
              },
              "non_striker": "CH Gayle",
              "runs": {
                "batter": 0,
                "extras": 1,
                "total": 1
              }
            },
            {
              "batter": "CH Gayle",
              "bowler": "Mohammad Amir",
              "non_striker": "N Pooran",
              "runs": {
                "batter": 1,
                "extras": 0,
                "total": 1
              }
            },
            {
              "batter": "N Pooran",
              "bowler": "Mohammad Amir",
              "non_striker": "CH Gayle",
              "runs": {
                "batter": 0,
                "extras": 0,
                "total": 0
              }
            },
            {
              "batter": "N Pooran",
              "bowler": "Mohammad Amir",
              "non_striker": "CH Gayle",
              "runs": {
                "batter": 4,
                "extras": 0,
                "total": 4
              }
            },
            {
              "batter": "N Pooran",
              "bowler": "Mohammad Amir",
              "non_striker": "CH Gayle",
              "runs": {
                "batter": 1,
                "extras": 0,
                "total": 1
              }
            },
            {
              "batter": "CH Gayle",
              "bowler": "Mohammad Amir",
              "non_striker": "N Pooran",
              "runs": {
                "batter": 1,
                "extras": 0,
                "total": 1
              }
            }
          ]
        },
        {
          "over": 9,
          "deliveries": [
            {
              "batter": "CH Gayle",
              "bowler": "Wahab Riaz",
              "non_striker": "N Pooran",
              "runs": {
                "batter": 6,
                "extras": 0,
                "total": 6
              }
            },
            {
              "batter": "CH Gayle",
              "bowler": "Wahab Riaz",
              "non_striker": "N Pooran",
              "runs": {
                "batter": 4,
                "extras": 0,
                "total": 4
              }
            },
            {
              "batter": "CH Gayle",
              "bowler": "Wahab Riaz",
              "non_striker": "N Pooran",
              "runs": {
                "batter": 4,
                "extras": 0,
                "total": 4
              }
            },
            {
              "batter": "CH Gayle",
              "bowler": "Wahab Riaz",
              "extras": {
                "legbyes": 1
              },
              "non_striker": "N Pooran",
              "runs": {
                "batter": 0,
                "extras": 1,
                "total": 1
              }
            },
            {
              "batter": "N Pooran",
              "bowler": "Wahab Riaz",
              "non_striker": "CH Gayle",
              "runs": {
                "batter": 0,
                "extras": 0,
                "total": 0
              }
            },
            {
              "batter": "N Pooran",
              "bowler": "Wahab Riaz",
              "non_striker": "CH Gayle",
              "runs": {
                "batter": 0,
                "extras": 0,
                "total": 0
              }
            }
          ]
        },
        {
          "over": 10,
          "deliveries": [
            {
              "batter": "CH Gayle",
              "bowler": "Mohammad Amir",
              "non_striker": "N Pooran",
              "runs": {
                "batter": 0,
                "extras": 0,
                "total": 0
              }
            },
            {
              "batter": "CH Gayle",
              "bowler": "Mohammad Amir",
              "non_striker": "N Pooran",
              "runs": {
                "batter": 1,
                "extras": 0,
                "total": 1
              }
            },
            {
              "batter": "N Pooran",
              "bowler": "Mohammad Amir",
              "non_striker": "CH Gayle",
              "runs": {
                "batter": 4,
                "extras": 0,
                "total": 4
              }
            },
            {
              "batter": "N Pooran",
              "bowler": "Mohammad Amir",
              "non_striker": "CH Gayle",
              "runs": {
                "batter": 1,
                "extras": 0,
                "total": 1
              }
            },
            {
              "batter": "CH Gayle",
              "bowler": "Mohammad Amir",
              "non_striker": "N Pooran",
              "runs": {
                "batter": 0,
                "extras": 0,
                "total": 0
              },
              "wickets": [
                {
                  "kind": "caught",
                  "player_out": "CH Gayle",
                  "fielders": [
                    {
                      "name": "Shadab Khan"
                    }
                  ]
                }
              ]
            },
            {
              "batter": "SO Hetmyer",
              "bowler": "Mohammad Amir",
              "non_striker": "N Pooran",
              "runs": {
                "batter": 0,
                "extras": 0,
                "total": 0
              }
            }
          ]
        },
        {
          "over": 11,
          "deliveries": [
            {
              "batter": "N Pooran",
              "bowler": "Wahab Riaz",
              "non_striker": "SO Hetmyer",
              "runs": {
                "batter": 1,
                "extras": 0,
                "total": 1
              }
            },
            {
              "batter": "SO Hetmyer",
              "bowler": "Wahab Riaz",
              "non_striker": "N Pooran",
              "runs": {
                "batter": 1,
                "extras": 0,
                "total": 1
              }
            },
            {
              "batter": "N Pooran",
              "bowler": "Wahab Riaz",
              "non_striker": "SO Hetmyer",
              "runs": {
                "batter": 4,
                "extras": 0,
                "total": 4
              }
            },
            {
              "batter": "N Pooran",
              "bowler": "Wahab Riaz",
              "non_striker": "SO Hetmyer",
              "runs": {
                "batter": 6,
                "extras": 0,
                "total": 6
              }
            },
            {
              "batter": "N Pooran",
              "bowler": "Wahab Riaz",
              "non_striker": "SO Hetmyer",
              "runs": {
                "batter": 2,
                "extras": 0,
                "total": 2
              }
            },
            {
              "batter": "N Pooran",
              "bowler": "Wahab Riaz",
              "non_striker": "SO Hetmyer",
              "runs": {
                "batter": 0,
                "extras": 0,
                "total": 0
              }
            }
          ]
        },
        {
          "over": 12,
          "deliveries": [
            {
              "batter": "SO Hetmyer",
              "bowler": "Hasan Ali",
              "non_striker": "N Pooran",
              "runs": {
                "batter": 2,
                "extras": 0,
                "total": 2
              }
            },
            {
              "batter": "SO Hetmyer",
              "bowler": "Hasan Ali",
              "non_striker": "N Pooran",
              "runs": {
                "batter": 0,
                "extras": 0,
                "total": 0
              }
            },
            {
              "batter": "SO Hetmyer",
              "bowler": "Hasan Ali",
              "non_striker": "N Pooran",
              "runs": {
                "batter": 0,
                "extras": 0,
                "total": 0
              }
            },
            {
              "batter": "SO Hetmyer",
              "bowler": "Hasan Ali",
              "non_striker": "N Pooran",
              "runs": {
                "batter": 2,
                "extras": 0,
                "total": 2
              }
            },
            {
              "batter": "SO Hetmyer",
              "bowler": "Hasan Ali",
              "non_striker": "N Pooran",
              "runs": {
                "batter": 1,
                "extras": 0,
                "total": 1
              }
            },
            {
              "batter": "N Pooran",
              "bowler": "Hasan Ali",
              "non_striker": "SO Hetmyer",
              "runs": {
                "batter": 0,
                "extras": 0,
                "total": 0
              }
            }
          ]
        },
        {
          "over": 13,
          "deliveries": [
            {
              "batter": "SO Hetmyer",
              "bowler": "Wahab Riaz",
              "extras": {
                "wides": 1
              },
              "non_striker": "N Pooran",
              "runs": {
                "batter": 0,
                "extras": 1,
                "total": 1
              }
            },
            {
              "batter": "SO Hetmyer",
              "bowler": "Wahab Riaz",
              "non_striker": "N Pooran",
              "runs": {
                "batter": 1,
                "extras": 0,
                "total": 1
              }
            },
            {
              "batter": "N Pooran",
              "bowler": "Wahab Riaz",
              "non_striker": "SO Hetmyer",
              "runs": {
                "batter": 4,
                "extras": 0,
                "total": 4
              }
            },
            {
              "batter": "N Pooran",
              "bowler": "Wahab Riaz",
              "non_striker": "SO Hetmyer",
              "runs": {
                "batter": 0,
                "extras": 0,
                "total": 0
              }
            },
            {
              "batter": "N Pooran",
              "bowler": "Wahab Riaz",
              "non_striker": "SO Hetmyer",
              "runs": {
                "batter": 6,
                "extras": 0,
                "total": 6
              }
            }
          ]
        }
      ],
      "powerplays": [
        {
          "from": 0.1,
          "to": 9.6,
          "type": "mandatory"
        },
        {
          "from": 10.1,
          "to": 13.5,
          "type": "mandatory"
        }
      ],
      "target": {
        "overs": 50,
        "runs": 106
      }
    }
  ]
}