{
  "meta": {
    "data_version": "1.0.0",
    "created": "2019-06-10",
    "revision": 1
  },
  "info": {
    "balls_per_over": 6,
    "city": "Southampton",
    "dates": [
      "2019-06-10"
    ],
    "event": {
      "name": "World Cup",
      "match_number": 15
    },
    "gender": "male",
    "match_type": "ODI",
    "match_type_number": 4156,
    "officials": {
      "match_referees": [
        "DC Boon"
      ],
      "reserve_umpires": [
        "HDPK Dharmasena"
      ],
      "tv_umpires": [
        "S Ravi"
      ],
      "umpires": [
        "P Wilson",
        "RJ Tucker"
      ]
    },
    "outcome": {
      "result": "no result"
    },
    "overs": 50,
    "players": {
      "South Africa": [
        "Q de Kock",
        "HM Amla",
        "AK Markram",
        "F du Plessis",
        "HE van der Dussen",
        "DA Miller",
        "AL Phehlukwayo",
        "CH Morris",
        "K Rabada",
        "Imran Tahir",
        "BE Hendricks"
      ],
      "West Indies": [
        "CH Gayle",
        "DM Bravo",
        "SD Hope",
        "N Pooran",
        "SO Hetmyer",
        "JO Holder",
        "CR Brathwaite",
        "AR Nurse",
        "KAJ Roach",
        "SS Cottrell",
        "O Thomas"
      ]
    },
    "registry": {
      "people": {
        "AK Markram": "6a26221c",
        "AL Phehlukwayo": "ab6b1c45",
        "AR Nurse": "4a745f65",
        "BE Hendricks": "b56dc5f7",
        "CH Gayle": "db584dad",
        "CH Morris": "fb66ce1f",
        "CR Brathwaite": "e342e5fb",
        "DA Miller": "d67d5f00",
        "DC Boon": "e79a1fe3",
        "DM Bravo": "14b14cd8",
        "F du Plessis": "3355b542",
        "HDPK Dharmasena": "323e4c16",
        "HE van der Dussen": "9948e262",
        "HM Amla": "e798611a",
        "Imran Tahir": "acee4cc4",
        "JO Holder": "0f721006",
        "K Rabada": "e62dd25d",
        "KAJ Roach": "78eb4223",
        "N Pooran": "3241e3fd",
        "O Thomas": "c6097d68",
        "P Wilson": "68304a36",
        "Q de Kock": "372455c4",
        "RJ Tucker": "38810cfc",
        "S Ravi": "9b9ee0df",
        "SD Hope": "1fc6ef83",
        "SO Hetmyer": "48a1d7b7",
        "SS Cottrell": "a1d053dd"
      }
    },
    "season": "2019",
    "team_type": "international",
    "teams": [
      "South Africa",
      "West Indies"
    ],
    "toss": {
      "decision": "field",
      "winner": "West Indies"
    },
    "venue": "The Rose Bowl"
  },
  "innings": [
    {
      "team": "South Africa",
      "overs": [
        {
          "over": 0,
          "deliveries": [
            {
              "batter": "Q de Kock",
              "bowler": "SS Cottrell",
              "non_striker": "HM Amla",
              "runs": {
                "batter": 0,
                "extras": 0,
                "total": 0
              }
            },
            {
              "batter": "Q de Kock",
              "bowler": "SS Cottrell",
              "non_striker": "HM Amla",
              "runs": {
                "batter": 0,
                "extras": 0,
                "total": 0
              }
            },
            {
              "batter": "Q de Kock",
              "bowler": "SS Cottrell",
              "non_striker": "HM Amla",
              "runs": {
                "batter": 0,
                "extras": 0,
                "total": 0
              }
            },
            {
              "batter": "Q de Kock",
              "bowler": "SS Cottrell",
              "non_striker": "HM Amla",
              "runs": {
                "batter": 0,
                "extras": 0,
                "total": 0
              }
            },
            {
              "batter": "Q de Kock",
              "bowler": "SS Cottrell",
              "non_striker": "HM Amla",
              "runs": {
                "batter": 1,
                "extras": 0,
                "total": 1
              }
            },
            {
              "batter": "HM Amla",
              "bowler": "SS Cottrell",
              "non_striker": "Q de Kock",
              "runs": {
                "batter": 2,
                "extras": 0,
                "total": 2
              }
            }
          ]
        },
        {
          "over": 1,
          "deliveries": [
            {
              "batter": "Q de Kock",
              "bowler": "KAJ Roach",
              "non_striker": "HM Amla",
              "review": {
                "by": "South Africa",
                "umpire": "P Wilson",
                "batter": "Q de Kock",
                "decision": "upheld"
              },
              "runs": {
                "batter": 0,
                "extras": 0,
                "total": 0
              }
            },
            {
              "batter": "Q de Kock",
              "bowler": "KAJ Roach",
              "non_striker": "HM Amla",
              "runs": {
                "batter": 0,
                "extras": 0,
                "total": 0
              }
            },
            {
              "batter": "Q de Kock",
              "bowler": "KAJ Roach",
              "non_striker": "HM Amla",
              "runs": {
                "batter": 1,
                "extras": 0,
                "total": 1
              }
            },
            {
              "batter": "HM Amla",
              "bowler": "KAJ Roach",
              "non_striker": "Q de Kock",
              "runs": {
                "batter": 0,
                "extras": 0,
                "total": 0
              }
            },
            {
              "batter": "HM Amla",
              "bowler": "KAJ Roach",
              "non_striker": "Q de Kock",
              "runs": {
                "batter": 0,
                "extras": 0,
                "total": 0
              }
            },
            {
              "batter": "HM Amla",
              "bowler": "KAJ Roach",
              "non_striker": "Q de Kock",
              "runs": {
                "batter": 0,
                "extras": 0,
                "total": 0
              }
            }
          ]
        },
        {
          "over": 2,
          "deliveries": [
            {
              "batter": "Q de Kock",
              "bowler": "SS Cottrell",
              "non_striker": "HM Amla",
              "runs": {
                "batter": 0,
                "extras": 0,
                "total": 0
              }
            },
            {
              "batter": "Q de Kock",
              "bowler": "SS Cottrell",
              "non_striker": "HM Amla",
              "runs": {
                "batter": 3,
                "extras": 0,
                "total": 3
              }
            },
            {
              "batter": "HM Amla",
              "bowler": "SS Cottrell",
              "non_striker": "Q de Kock",
              "runs": {
                "batter": 4,
                "extras": 0,
                "total": 4
              }
            },
            {
              "batter": "HM Amla",
              "bowler": "SS Cottrell",
              "non_striker": "Q de Kock",
              "runs": {
                "batter": 0,
                "extras": 0,
                "total": 0
              }
            },
            {
              "batter": "HM Amla",
              "bowler": "SS Cottrell",
              "non_striker": "Q de Kock",
              "runs": {
                "batter": 0,
                "extras": 0,
                "total": 0
              },
              "wickets": [
                {
                  "kind": "caught",
                  "player_out": "HM Amla",
                  "fielders": [
                    {
                      "name": "CH Gayle"
                    }
                  ]
                }
              ]
            },
            {
              "batter": "AK Markram",
              "bowler": "SS Cottrell",
              "non_striker": "Q de Kock",
              "runs": {
                "batter": 0,
                "extras": 0,
                "total": 0
              }
            }
          ]
        },
        {
          "over": 3,
          "deliveries": [
            {
              "batter": "Q de Kock",
              "bowler": "KAJ Roach",
              "extras": {
                "wides": 1
              },
              "non_striker": "AK Markram",
              "runs": {
                "batter": 0,
                "extras": 1,
                "total": 1
              }
            },
            {
              "batter": "Q de Kock",
              "bowler": "KAJ Roach",
              "non_striker": "AK Markram",
              "runs": {
                "batter": 0,
                "extras": 0,
                "total": 0
              }
            },
            {
              "batter": "Q de Kock",
              "bowler": "KAJ Roach",
              "non_striker": "AK Markram",
              "runs": {
                "batter": 1,
                "extras": 0,
                "total": 1
              }
            },
            {
              "batter": "AK Markram",
              "bowler": "KAJ Roach",
              "non_striker": "Q de Kock",
              "runs": {
                "batter": 0,
                "extras": 0,
                "total": 0
              }
            },
            {
              "batter": "AK Markram",
              "bowler": "KAJ Roach",
              "non_striker": "Q de Kock",
              "runs": {
                "batter": 0,
                "extras": 0,
                "total": 0
              }
            },
            {
              "batter": "AK Markram",
              "bowler": "KAJ Roach",
              "non_striker": "Q de Kock",
              "runs": {
                "batter": 0,
                "extras": 0,
                "total": 0
              }
            },
            {
              "batter": "AK Markram",
              "bowler": "KAJ Roach",
              "non_striker": "Q de Kock",
              "runs": {
                "batter": 4,
                "extras": 0,
                "total": 4
              }
            }
          ]
        },
        {
          "over": 4,
          "deliveries": [
            {
              "batter": "Q de Kock",
              "bowler": "SS Cottrell",
              "non_striker": "AK Markram",
              "runs": {
                "batter": 2,
                "extras": 0,
                "total": 2
              }
            },
            {
              "batter": "Q de Kock",
              "bowler": "SS Cottrell",
              "non_striker": "AK Markram",
              "runs": {
                "batter": 0,
                "extras": 0,
                "total": 0
              }
            },
            {
              "batter": "Q de Kock",
              "bowler": "SS Cottrell",
              "non_striker": "AK Markram",
              "runs": {
                "batter": 0,
                "extras": 0,
                "total": 0
              }
            },
            {
              "batter": "Q de Kock",
              "bowler": "SS Cottrell",
              "non_striker": "AK Markram",
              "runs": {
                "batter": 2,
                "extras": 0,
                "total": 2
              }
            },
            {
              "batter": "Q de Kock",
              "bowler": "SS Cottrell",
              "non_striker": "AK Markram",
              "runs": {
                "batter": 0,
                "extras": 0,
                "total": 0
              }
            },
            {
              "batter": "Q de Kock",
              "bowler": "SS Cottrell",
              "non_striker": "AK Markram",
              "runs": {
                "batter": 4,
                "extras": 0,
                "total": 4
              }
            }
          ]
        },
        {
          "over": 5,
          "deliveries": [
            {
              "batter": "AK Markram",
              "bowler": "KAJ Roach",
              "non_striker": "Q de Kock",
              "runs": {
                "batter": 0,
                "extras": 0,
                "total": 0
              }
            },
            {
              "batter": "AK Markram",
              "bowler": "KAJ Roach",
              "non_striker": "Q de Kock",
              "runs": {
                "batter": 0,
                "extras": 0,
                "total": 0
              }
            },
            {
              "batter": "AK Markram",
              "bowler": "KAJ Roach",
              "non_striker": "Q de Kock",
              "runs": {
                "batter": 0,
                "extras": 0,
                "total": 0
              }
            },
            {
              "batter": "AK Markram",
              "bowler": "KAJ Roach",
              "non_striker": "Q de Kock",
              "runs": {
                "batter": 1,
                "extras": 0,
                "total": 1
              }
            },
            {
              "batter": "Q de Kock",
              "bowler": "KAJ Roach",
              "non_striker": "AK Markram",
              "runs": {
                "batter": 0,
                "extras": 0,
                "total": 0
              }
            },
            {
              "batter": "Q de Kock",
              "bowler": "KAJ Roach",
              "non_striker": "AK Markram",
              "runs": {
                "batter": 2,
                "extras": 0,
                "total": 2
              }
            }
          ]
        },
        {
          "over": 6,
          "deliveries": [
            {
              "batter": "AK Markram",
              "bowler": "SS Cottrell",
              "non_striker": "Q de Kock",
              "runs": {
                "batter": 0,
                "extras": 0,
                "total": 0
              },
              "wickets": [
                {
                  "kind": "caught",
                  "player_out": "AK Markram",
                  "fielders": [
                    {
                      "name": "SD Hope"
                    }
                  ]
                }
              ]
            },
            {
              "batter": "F du Plessis",
              "bowler": "SS Cottrell",
              "non_striker": "Q de Kock",
              "runs": {
                "batter": 0,
                "extras": 0,
                "total": 0
              }
            },
            {
              "batter": "F du Plessis",
              "bowler": "SS Cottrell",
              "non_striker": "Q de Kock",
              "runs": {
                "batter": 0,
                "extras": 0,
                "total": 0
              }
            },
            {
              "batter": "F du Plessis",
              "bowler": "SS Cottrell",
              "non_striker": "Q de Kock",
              "runs": {
                "batter": 0,
                "extras": 0,
                "total": 0
              }
            },
            {
              "batter": "F du Plessis",
              "bowler": "SS Cottrell",
              "non_striker": "Q de Kock",
              "runs": {
                "batter": 0,
                "extras": 0,
                "total": 0
              }
            },
            {
              "batter": "F du Plessis",
              "bowler": "SS Cottrell",
              "non_striker": "Q de Kock",
              "runs": {
                "batter": 0,
                "extras": 0,
                "total": 0
              }
            }
          ]
        },
        {
          "over": 7,
          "deliveries": [
            {
              "batter": "Q de Kock",
              "bowler": "O Thomas",
              "non_striker": "F du Plessis",
              "runs": {
                "batter": 1,
                "extras": 0,
                "total": 1
              }
            },
            {
              "batter": "F du Plessis",
              "bowler": "O Thomas",
              "non_striker": "Q de Kock",
              "runs": {
                "batter": 0,
                "extras": 0,
                "total": 0
              }
            },
            {
              "batter": "F du Plessis",
              "bowler": "O Thomas",
              "non_striker": "Q de Kock",
              "runs": {
                "batter": 0,
                "extras": 0,
                "total": 0
              }
            }
          ]
        }
      ],
      "powerplays": [
        {
          "from": 0.1,
          "to": 7.3,
          "type": "mandatory"
        }
      ]
    }
  ]
}