{
  "meta": {
    "data_version": "1.0.0",
    "created": "2015-09-26",
    "revision": 2
  },
  "info": {
    "balls_per_over": 6,
    "city": "Barbados",
    "dates": [
      "2007-04-13"
    ],
    "event": {
      "match_number": 40,
      "name": "ICC World Cup"
    },
    "gender": "male",
    "match_type": "ODI",
    "match_type_number": 2570,
    "missing": [
      {
        "powerplays": {
          "1": [
            "fielding"
          ]
        }
      }
    ],
    "officials": {
      "match_referees": [
        "RS Madugalle"
      ],
      "reserve_umpires": [
        "SJA Taufel"
      ],
      "tv_umpires": [
        "SA Bucknor"
      ],
      "umpires": [
        "BF Bowden",
        "RE Koertzen"
      ]
    },
    "outcome": {
      "by": {
        "wickets": 9
      },
      "winner": "Australia"
    },
    "overs": 50,
    "player_of_match": [
      "GD McGrath"
    ],
    "players": {
      "Australia": [
        "AC Gilchrist",
        "MEK Hussey",
        "A Symonds",
        "ML Hayden",
        "RT Ponting",
        "MJ Clarke",
        "BJ Hodge",
        "GB Hogg",
        "SR Clark",
        "SW Tait",
        "GD McGrath"
      ],
      "Ireland": [
        "JP Bray",
        "WTS Porterfield",
        "EJG Morgan",
        "NJ O'Brien",
        "KJ O'Brien",
        "AR White",
        "DT Johnston",
        "WK McCallan",
        "JF Mooney",
        "D Langford-Smith",
        "WB Rankin"
      ]
    },
    "registry": {
      "people": {
        "A Symonds": "bd77eb62",
        "AC Gilchrist": "2b6e6dec",
        "AR White": "f27f89e8",
        "BF Bowden": "efc0a862",
        "BJ Hodge": "b57f8a9a",
        "D Langford-Smith": "fa1aa7e7",
        "DT Johnston": "e01895bb",
        "EJG Morgan": "d2a6c0e6",
        "GB Hogg": "f708a0bc",
        "GD McGrath": "ee7d0c82",
        "JF Mooney": "aae9ce90",
        "JP Bray": "7c63baa7",
        "KJ O'Brien": "243431b5",
        "MEK Hussey": "48fd7349",
        "MJ Clarke": "f842c2cf",
        "ML Hayden": "d8699ab7",
        "NJ O'Brien": "84826f48",
        "RE Koertzen": "0265fab2",
        "RS Madugalle": "766b5798",
        "RT Ponting": "7d415ea5",
        "SA Bucknor": "2ad22b51",
        "SJA Taufel": "4b43d5ac",
        "SR Clark": "a3bfec5d",
        "SW Tait": "addfb70e",
        "WB Rankin": "29b89ae8",
        "WK McCallan": "c942a53b",
        "WTS Porterfield": "ec02b798"
      }
    },
    "season": "2006/07",
    "team_type": "international",
    "teams": [
      "Australia",
      "Ireland"
    ],
    "toss": {
      "decision": "field",
      "winner": "Australia"
    },
    "venue": "Kensington Oval, Bridgetown"
  },
  "innings": [
    {
      "team": "Ireland",
      "overs": [
        {
          "over": 0,
          "deliveries": [
            {
              "batter": "JP Bray",
              "bowler": "GD McGrath",
              "non_striker": "WTS Porterfield",
              "runs": {
                "batter": 1,
                "extras": 0,
                "total": 1
              }
            },
            {
              "batter": "WTS Porterfield",
              "bowler": "GD McGrath",
              "non_striker": "JP Bray",
              "runs": {
                "batter": 0,
                "extras": 0,
                "total": 0
              }
            },
            {
              "batter": "WTS Porterfield",
              "bowler": "GD McGrath",
              "non_striker": "JP Bray",
              "runs": {
                "batter": 0,
                "extras": 0,
                "total": 0
              }
            },
            {
              "batter": "WTS Porterfield",
              "bowler": "GD McGrath",
              "non_striker": "JP Bray",
              "runs": {
                "batter": 0,
                "extras": 0,
                "total": 0
              }
            },
            {
              "batter": "WTS Porterfield",
              "bowler": "GD McGrath",
              "non_striker": "JP Bray",
              "runs": {
                "batter": 1,
                "extras": 0,
                "total": 1
              }
            },
            {
              "batter": "JP Bray",
              "bowler": "GD McGrath",
              "non_striker": "WTS Porterfield",
              "runs": {
                "batter": 0,
                "extras": 0,
                "total": 0
              },
              "wickets": [
                {
                  "kind": "bowled",
                  "player_out": "JP Bray"
                }
              ]
            }
          ]
        },
        {
          "over": 1,
          "deliveries": [
            {
              "batter": "WTS Porterfield",
              "bowler": "SW Tait",
              "non_striker": "EJG Morgan",
              "runs": {
                "batter": 0,
                "extras": 0,
                "total": 0
              }
            },
            {
              "batter": "WTS Porterfield",
              "bowler": "SW Tait",
              "non_striker": "EJG Morgan",
              "runs": {
                "batter": 0,
                "extras": 0,
                "total": 0
              }
            },
            {
              "batter": "WTS Porterfield",
              "bowler": "SW Tait",
              "non_striker": "EJG Morgan",
              "runs": {
                "batter": 0,
                "extras": 0,
                "total": 0
              }
            },
            {
              "batter": "WTS Porterfield",
              "bowler": "SW Tait",
              "non_striker": "EJG Morgan",
              "runs": {
                "batter": 0,
                "extras": 0,
                "total": 0
              }
            },
            {
              "batter": "WTS Porterfield",
              "bowler": "SW Tait",
              "non_striker": "EJG Morgan",
              "runs": {
                "batter": 0,
                "extras": 0,
                "total": 0
              }
            },
            {
              "batter": "WTS Porterfield",
              "bowler": "SW Tait",
              "non_striker": "EJG Morgan",
              "runs": {
                "batter": 0,
                "extras": 0,
                "total": 0
              }
            }
          ]
        },
        {
          "over": 2,
          "deliveries": [
            {
              "batter": "EJG Morgan",
              "bowler": "GD McGrath",
              "non_striker": "WTS Porterfield",
              "runs": {
                "batter": 0,
                "extras": 0,
                "total": 0
              }
            },
            {
              "batter": "EJG Morgan",
              "bowler": "GD McGrath",
              "non_striker": "WTS Porterfield",
              "runs": {
                "batter": 0,
                "extras": 0,
                "total": 0
              }
            },
            {
              "batter": "EJG Morgan",
              "bowler": "GD McGrath",
              "non_striker": "WTS Porterfield",
              "runs": {
                "batter": 0,
                "extras": 0,
                "total": 0
              }
            },
            {
              "batter": "EJG Morgan",
              "bowler": "GD McGrath",
              "non_striker": "WTS Porterfield",
              "runs": {
                "batter": 0,
                "extras": 0,
                "total": 0
              }
            },
            {
              "batter": "EJG Morgan",
              "bowler": "GD McGrath",
              "non_striker": "WTS Porterfield",
              "runs": {
                "batter": 0,
                "extras": 0,
                "total": 0
              }
            },
            {
              "batter": "EJG Morgan",
              "bowler": "GD McGrath",
              "non_striker": "WTS Porterfield",
              "runs": {
                "batter": 0,
                "extras": 0,
                "total": 0
              }
            }
          ]
        },
        {
          "over": 3,
          "deliveries": [
            {
              "batter": "WTS Porterfield",
              "bowler": "SW Tait",
              "non_striker": "EJG Morgan",
              "runs": {
                "batter": 0,
                "extras": 0,
                "total": 0
              },
              "wickets": [
                {
                  "kind": "lbw",
                  "player_out": "WTS Porterfield"
                }
              ]
            },
            {
              "batter": "NJ O'Brien",
              "bowler": "SW Tait",
              "non_striker": "EJG Morgan",
              "runs": {
                "batter": 0,
                "extras": 0,
                "total": 0
              },
              "wickets": [
                {
                  "kind": "bowled",
                  "player_out": "NJ O'Brien"
                }
              ]
            },
            {
              "batter": "KJ O'Brien",
              "bowler": "SW Tait",
              "non_striker": "EJG Morgan",
              "runs": {
                "batter": 0,
                "extras": 0,
                "total": 0
              }
            },
            {
              "batter": "KJ O'Brien",
              "bowler": "SW Tait",
              "extras": {
                "wides": 1
              },
              "non_striker": "EJG Morgan",
              "runs": {
                "batter": 0,
                "extras": 1,
                "total": 1
              }
            },
            {
              "batter": "KJ O'Brien",
              "bowler": "SW Tait",
              "extras": {
                "wides": 1
              },
              "non_striker": "EJG Morgan",
              "runs": {
                "batter": 0,
                "extras": 1,
                "total": 1
              }
            },
            {
              "batter": "KJ O'Brien",
              "bowler": "SW Tait",
              "non_striker": "EJG Morgan",
              "runs": {
                "batter": 4,
                "extras": 0,
                "total": 4
              }
            },
            {
              "batter": "KJ O'Brien",
              "bowler": "SW Tait",
              "non_striker": "EJG Morgan",
              "runs": {
                "batter": 0,
                "extras": 0,
                "total": 0
              }
            },
            {
              "batter": "KJ O'Brien",
              "bowler": "SW Tait",
              "non_striker": "EJG Morgan",
              "runs": {
                "batter": 4,
                "extras": 0,
                "total": 4
              }
            }
          ]
        },
        {
          "over": 4,
          "deliveries": [
            {
              "batter": "EJG Morgan",
              "bowler": "GD McGrath",
              "non_striker": "KJ O'Brien",
              "runs": {
                "batter": 0,
                "extras": 0,
                "total": 0
              }
            },
            {
              "batter": "EJG Morgan",
              "bowler": "GD McGrath",
              "non_striker": "KJ O'Brien",
              "runs": {
                "batter": 0,
                "extras": 0,
                "total": 0
              }
            },
            {
              "batter": "EJG Morgan",
              "bowler": "GD McGrath",
              "non_striker": "KJ O'Brien",
              "runs": {
                "batter": 0,
                "extras": 0,
                "total": 0
              },
              "wickets": [
                {
                  "kind": "caught",
                  "player_out": "EJG Morgan",
                  "fielders": [
                    {
                      "name": "ML Hayden"
                    }
                  ]
                }
              ]
            },
            {
              "batter": "AR White",
              "bowler": "GD McGrath",
              "non_striker": "KJ O'Brien",
              "runs": {
                "batter": 0,
                "extras": 0,
                "total": 0
              }
            },
            {
              "batter": "AR White",
              "bowler": "GD McGrath",
              "non_striker": "KJ O'Brien",
              "runs": {
                "batter": 0,
                "extras": 0,
                "total": 0
              }
            },
            {
              "batter": "AR White",
              "bowler": "GD McGrath",
              "non_striker": "KJ O'Brien",
              "runs": {
                "batter": 1,
                "extras": 0,
                "total": 1
              }
            }
          ]
        },
        {
          "over": 5,
          "deliveries": [
            {
              "batter": "AR White",
              "bowler": "SW Tait",
              "non_striker": "KJ O'Brien",
              "runs": {
                "batter": 0,
                "extras": 0,
                "total": 0
              }
            },
            {
              "batter": "AR White",
              "bowler": "SW Tait",
              "extras": {
                "wides": 1
              },
              "non_striker": "KJ O'Brien",
              "runs": {
                "batter": 0,
                "extras": 1,
                "total": 1
              }
            },
            {
              "batter": "AR White",
              "bowler": "SW Tait",
              "extras": {
                "wides": 1
              },
              "non_striker": "KJ O'Brien",
              "runs": {
                "batter": 0,
                "extras": 1,
                "total": 1
              }
            },
            {
              "batter": "AR White",
              "bowler": "SW Tait",
              "non_striker": "KJ O'Brien",
              "runs": {
                "batter": 0,
                "extras": 0,
                "total": 0
              }
            },
            {
              "batter": "AR White",
              "bowler": "SW Tait",
              "non_striker": "KJ O'Brien",
              "runs": {
                "batter": 0,
                "extras": 0,
                "total": 0
              }
            },
            {
              "batter": "AR White",
              "bowler": "SW Tait",
              "extras": {
                "wides": 1
              },
              "non_striker": "KJ O'Brien",
              "runs": {
                "batter": 0,
                "extras": 1,
                "total": 1
              }
            },
            {
              "batter": "AR White",
              "bowler": "SW Tait",
              "non_striker": "KJ O'Brien",
              "runs": {
                "batter": 1,
                "extras": 0,
                "total": 1
              }
            },
            {
              "batter": "KJ O'Brien",
              "bowler": "SW Tait",
              "non_striker": "AR White",
              "runs": {
                "batter": 0,
                "extras": 0,
                "total": 0
              }
            },
            {
              "batter": "KJ O'Brien",
              "bowler": "SW Tait",
              "extras": {
                "noballs": 1
              },
              "non_striker": "AR White",
              "runs": {
                "batter": 0,
                "extras": 1,
                "total": 1
              }
            },
            {
              "batter": "KJ O'Brien",
              "bowler": "SW Tait",
              "extras": {
                "wides": 1
              },
              "non_striker": "AR White",
              "runs": {
                "batter": 0,
                "extras": 1,
                "total": 1
              }
            },
            {
              "batter": "KJ O'Brien",
              "bowler": "SW Tait",
              "non_striker": "AR White",
              "runs": {
                "batter": 3,
                "extras": 0,
                "total": 3
              }
            }
          ]
        },
        {
          "over": 6,
          "deliveries": [
            {
              "batter": "KJ O'Brien",
              "bowler": "GD McGrath",
              "non_striker": "AR White",
              "runs": {
                "batter": 0,
                "extras": 0,
                "total": 0
              }
            },
            {
              "batter": "KJ O'Brien",
              "bowler": "GD McGrath",
              "non_striker": "AR White",
              "runs": {
                "batter": 1,
                "extras": 0,
                "total": 1
              }
            },
            {
              "batter": "AR White",
              "bowler": "GD McGrath",
              "non_striker": "KJ O'Brien",
              "runs": {
                "batter": 0,
                "extras": 0,
                "total": 0
              }
            },
            {
              "batter": "AR White",
              "bowler": "GD McGrath",
              "non_striker": "KJ O'Brien",
              "runs": {
                "batter": 0,
                "extras": 0,
                "total": 0
              }
            },
            {
              "batter": "AR White",
              "bowler": "GD McGrath",
              "non_striker": "KJ O'Brien",
              "runs": {
                "batter": 0,
                "extras": 0,
                "total": 0
              }
            },
            {
              "batter": "AR White",
              "bowler": "GD McGrath",
              "non_striker": "KJ O'Brien",
              "runs": {
                "batter": 0,
                "extras": 0,
                "total": 0
              }
            }
          ]
        },
        {
          "over": 7,
          "deliveries": [
            {
              "batter": "KJ O'Brien",
              "bowler": "SR Clark",
              "extras": {
                "wides": 1
              },
              "non_striker": "AR White",
              "runs": {
                "batter": 0,
                "extras": 1,
                "total": 1
              }
            },
            {
              "batter": "KJ O'Brien",
              "bowler": "SR Clark",
              "non_striker": "AR White",
              "runs": {
                "batter": 0,
                "extras": 0,
                "total": 0
              }
            },
            {
              "batter": "KJ O'Brien",
              "bowler": "SR Clark",
              "non_striker": "AR White",
              "runs": {
                "batter": 0,
                "extras": 0,
                "total": 0
              }
            },
            {
              "batter": "KJ O'Brien",
              "bowler": "SR Clark",
              "non_striker": "AR White",
              "runs": {
                "batter": 0,
                "extras": 0,
                "total": 0
              }
            },
            {
              "batter": "KJ O'Brien",
              "bowler": "SR Clark",
              "non_striker": "AR White",
              "runs": {
                "batter": 0,
                "extras": 0,
                "total": 0
              }
            },
            {
              "batter": "KJ O'Brien",
              "bowler": "SR Clark",
              "non_striker": "AR White",
              "runs": {
                "batter": 0,
                "extras": 0,
                "total": 0
              }
            },
            {
              "batter": "KJ O'Brien",
              "bowler": "SR Clark",
              "non_striker": "AR White",
              "runs": {
                "batter": 0,
                "extras": 0,
                "total": 0
              }
            }
          ]
        },
        {
          "over": 8,
          "deliveries": [
            {
              "batter": "AR White",
              "bowler": "GD McGrath",
              "non_striker": "KJ O'Brien",
              "runs": {
                "batter": 0,
                "extras": 0,
                "total": 0
              }
            },
            {
              "batter": "AR White",
              "bowler": "GD McGrath",
              "non_striker": "KJ O'Brien",
              "runs": {
                "batter": 0,
                "extras": 0,
                "total": 0
              }
            },
            {
              "batter": "AR White",
              "bowler": "GD McGrath",
              "non_striker": "KJ O'Brien",
              "runs": {
                "batter": 0,
                "extras": 0,
                "total": 0
              }
            },
            {
              "batter": "AR White",
              "bowler": "GD McGrath",
              "non_striker": "KJ O'Brien",
              "runs": {
                "batter": 2,
                "extras": 0,
                "total": 2
              }
            },
            {
              "batter": "AR White",
              "bowler": "GD McGrath",
              "non_striker": "KJ O'Brien",
              "runs": {
                "batter": 0,
                "extras": 0,
                "total": 0
              }
            },
            {
              "batter": "AR White",
              "bowler": "GD McGrath",
              "non_striker": "KJ O'Brien",
              "runs": {
                "batter": 0,
                "extras": 0,
                "total": 0
              }
            }
          ]
        },
        {
          "over": 9,
          "deliveries": [
            {
              "batter": "KJ O'Brien",
              "bowler": "SR Clark",
              "non_striker": "AR White",
              "runs": {
                "batter": 0,
                "extras": 0,
                "total": 0
              }
            },
            {
              "batter": "KJ O'Brien",
              "bowler": "SR Clark",
              "non_striker": "AR White",
              "runs": {
                "batter": 0,
                "extras": 0,
                "total": 0
              }
            },
            {
              "batter": "KJ O'Brien",
              "bowler": "SR Clark",
              "non_striker": "AR White",
              "runs": {
                "batter": 0,
                "extras": 0,
                "total": 0
              }
            },
            {
              "batter": "KJ O'Brien",
              "bowler": "SR Clark",
              "non_striker": "AR White",
              "runs": {
                "batter": 0,
                "extras": 0,
                "total": 0
              }
            },
            {
              "batter": "KJ O'Brien",
              "bowler": "SR Clark",
              "non_striker": "AR White",
              "runs": {
                "batter": 4,
                "extras": 0,
                "total": 4
              }
            },
            {
              "batter": "KJ O'Brien",
              "bowler": "SR Clark",
              "non_striker": "AR White",
              "runs": {
                "batter": 0,
                "extras": 0,
                "total": 0
              }
            }
          ]
        },
        {
          "over": 10,
          "deliveries": [
            {
              "batter": "AR White",
              "bowler": "GD McGrath",
              "non_striker": "KJ O'Brien",
              "runs": {
                "batter": 2,
                "extras": 0,
                "total": 2
              }
            },
            {
              "batter": "AR White",
              "bowler": "GD McGrath",
              "non_striker": "KJ O'Brien",
              "runs": {
                "batter": 0,
                "extras": 0,
                "total": 0
              }
            },
            {
              "batter": "AR White",
              "bowler": "GD McGrath",
              "non_striker": "KJ O'Brien",
              "runs": {
                "batter": 0,
                "extras": 0,
                "total": 0
              },
              "wickets": [
                {
                  "kind": "caught",
                  "player_out": "AR White",
                  "fielders": [
                    {
                      "name": "GB Hogg"
                    }
                  ]
                }
              ]
            },
            {
              "batter": "DT Johnston",
              "bowler": "GD McGrath",
              "non_striker": "KJ O'Brien",
              "runs": {
                "batter": 0,
                "extras": 0,
                "total": 0
              }
            },
            {
              "batter": "DT Johnston",
              "bowler": "GD McGrath",
              "non_striker": "KJ O'Brien",
              "runs": {
                "batter": 0,
                "extras": 0,
                "total": 0
              }
            },
            {
              "batter": "DT Johnston",
              "bowler": "GD McGrath",
              "non_striker": "KJ O'Brien",
              "runs": {
                "batter": 1,
                "extras": 0,
                "total": 1
              }
            }
          ]
        },
        {
          "over": 11,
          "deliveries": [
            {
              "batter": "DT Johnston",
              "bowler": "SR Clark",
              "non_striker": "KJ O'Brien",
              "runs": {
                "batter": 0,
                "extras": 0,
                "total": 0
              }
            },
            {
              "batter": "DT Johnston",
              "bowler": "SR Clark",
              "non_striker": "KJ O'Brien",
              "runs": {
                "batter": 0,
                "extras": 0,
                "total": 0
              }
            },
            {
              "batter": "DT Johnston",
              "bowler": "SR Clark",
              "non_striker": "KJ O'Brien",
              "runs": {
                "batter": 0,
                "extras": 0,
                "total": 0
              }
            },
            {
              "batter": "DT Johnston",
              "bowler": "SR Clark",
              "non_striker": "KJ O'Brien",
              "runs": {
                "batter": 1,
                "extras": 0,
                "total": 1
              }
            },
            {
              "batter": "KJ O'Brien",
              "bowler": "SR Clark",
              "non_striker": "DT Johnston",
              "runs": {
                "batter": 0,
                "extras": 0,
                "total": 0
              }
            },
            {
              "batter": "KJ O'Brien",
              "bowler": "SR Clark",
              "non_striker": "DT Johnston",
              "runs": {
                "batter": 0,
                "extras": 0,
                "total": 0
              }
            }
          ]
        },
        {
          "over": 12,
          "deliveries": [
            {
              "batter": "DT Johnston",
              "bowler": "GD McGrath",
              "non_striker": "KJ O'Brien",
              "runs": {
                "batter": 2,
                "extras": 0,
                "total": 2
              }
            },
            {
              "batter": "DT Johnston",
              "bowler": "GD McGrath",
              "non_striker": "KJ O'Brien",
              "runs": {
                "batter": 4,
                "extras": 0,
                "total": 4
              }
            },
            {
              "batter": "DT Johnston",
              "bowler": "GD McGrath",
              "non_striker": "KJ O'Brien",
              "runs": {
                "batter": 0,
                "extras": 0,
                "total": 0
              }
            },
            {
              "batter": "DT Johnston",
              "bowler": "GD McGrath",
              "non_striker": "KJ O'Brien",
              "runs": {
                "batter": 0,
                "extras": 0,
                "total": 0
              }
            },
            {
              "batter": "DT Johnston",
              "bowler": "GD McGrath",
              "non_striker": "KJ O'Brien",
              "runs": {
                "batter": 0,
                "extras": 0,
                "total": 0
              }
            },
            {
              "batter": "DT Johnston",
              "bowler": "GD McGrath",
              "non_striker": "KJ O'Brien",
              "runs": {
                "batter": 2,
                "extras": 0,
                "total": 2
              }
            }
          ]
        },
        {
          "over": 13,
          "deliveries": [
            {
              "batter": "KJ O'Brien",
              "bowler": "SR Clark",
              "non_striker": "DT Johnston",
              "runs": {
                "batter": 0,
                "extras": 0,
                "total": 0
              }
            },
            {
              "batter": "KJ O'Brien",
              "bowler": "SR Clark",
              "non_striker": "DT Johnston",
              "runs": {
                "batter": 0,
                "extras": 0,
                "total": 0
              },
              "wickets": [
                {
                  "kind": "caught",
                  "player_out": "KJ O'Brien",
                  "fielders": [
                    {
                      "name": "BJ Hodge"
                    }
                  ]
                }
              ]
            },
            {
              "batter": "WK McCallan",
              "bowler": "SR Clark",
              "non_striker": "DT Johnston",
              "runs": {
                "batter": 1,
                "extras": 0,
                "total": 1
              }
            },
            {
              "batter": "DT Johnston",
              "bowler": "SR Clark",
              "non_striker": "WK McCallan",
              "runs": {
                "batter": 4,
                "extras": 0,
                "total": 4
              }
            },
            {
              "batter": "DT Johnston",
              "bowler": "SR Clark",
              "non_striker": "WK McCallan",
              "runs": {
                "batter": 0,
                "extras": 0,
                "total": 0
              }
            },
            {
              "batter": "DT Johnston",
              "bowler": "SR Clark",
              "non_striker": "WK McCallan",
              "runs": {
                "batter": 0,
                "extras": 0,
                "total": 0
              }
            }
          ]
        },
        {
          "over": 14,
          "deliveries": [
            {
              "batter": "WK McCallan",
              "bowler": "SW Tait",
              "non_striker": "DT Johnston",
              "runs": {
                "batter": 0,
                "extras": 0,
                "total": 0
              }
            },
            {
              "batter": "WK McCallan",
              "bowler": "SW Tait",
              "non_striker": "DT Johnston",
              "runs": {
                "batter": 0,
                "extras": 0,
                "total": 0
              }
            },
            {
              "batter": "WK McCallan",
              "bowler": "SW Tait",
              "non_striker": "DT Johnston",
              "runs": {
                "batter": 2,
                "extras": 0,
                "total": 2
              }
            },
            {
              "batter": "WK McCallan",
              "bowler": "SW Tait",
              "non_striker": "DT Johnston",
              "runs": {
                "batter": 0,
                "extras": 0,
                "total": 0
              }
            },
            {
              "batter": "WK McCallan",
              "bowler": "SW Tait",
              "extras": {
                "wides": 1
              },
              "non_striker": "DT Johnston",
              "runs": {
                "batter": 0,
                "extras": 1,
                "total": 1
              }
            },
            {
              "batter": "WK McCallan",
              "bowler": "SW Tait",
              "non_striker": "DT Johnston",
              "runs": {
                "batter": 0,
                "extras": 0,
                "total": 0
              }
            },
            {
              "batter": "WK McCallan",
              "bowler": "SW Tait",
              "non_striker": "DT Johnston",
              "runs": {
                "batter": 0,
                "extras": 0,
                "total": 0
              }
            }
          ]
        },
        {
          "over": 15,
          "deliveries": [
            {
              "batter": "DT Johnston",
              "bowler": "SR Clark",
              "non_striker": "WK McCallan",
              "runs": {
                "batter": 0,
                "extras": 0,
                "total": 0
              }
            },
            {
              "batter": "DT Johnston",
              "bowler": "SR Clark",
              "non_striker": "WK McCallan",
              "runs": {
                "batter": 0,
                "extras": 0,
                "total": 0
              }
            },
            {
              "batter": "DT Johnston",
              "bowler": "SR Clark",
              "non_striker": "WK McCallan",
              "runs": {
                "batter": 0,
                "extras": 0,
                "total": 0
              }
            },
            {
              "batter": "DT Johnston",
              "bowler": "SR Clark",
              "non_striker": "WK McCallan",
              "runs": {
                "batter": 0,
                "extras": 0,
                "total": 0
              }
            },
            {
              "batter": "DT Johnston",
              "bowler": "SR Clark",
              "non_striker": "WK McCallan",
              "runs": {
                "batter": 0,
                "extras": 0,
                "total": 0
              }
            },
            {
              "batter": "DT Johnston",
              "bowler": "SR Clark",
              "non_striker": "WK McCallan",
              "runs": {
                "batter": 3,
                "extras": 0,
                "total": 3
              }
            }
          ]
        },
        {
          "over": 16,
          "deliveries": [
            {
              "batter": "DT Johnston",
              "bowler": "SW Tait",
              "extras": {
                "wides": 1
              },
              "non_striker": "WK McCallan",
              "runs": {
                "batter": 0,
                "extras": 1,
                "total": 1
              }
            },
            {
              "batter": "DT Johnston",
              "bowler": "SW Tait",
              "non_striker": "WK McCallan",
              "runs": {
                "batter": 0,
                "extras": 0,
                "total": 0
              }
            },
            {
              "batter": "DT Johnston",
              "bowler": "SW Tait",
              "non_striker": "WK McCallan",
              "runs": {
                "batter": 0,
                "extras": 0,
                "total": 0
              }
            },
            {
              "batter": "DT Johnston",
              "bowler": "SW Tait",
              "non_striker": "WK McCallan",
              "runs": {
                "batter": 0,
                "extras": 0,
                "total": 0
              },
              "wickets": [
                {
                  "kind": "bowled",
                  "player_out": "DT Johnston"
                }
              ]
            },
            {
              "batter": "JF Mooney",
              "bowler": "SW Tait",
              "non_striker": "WK McCallan",
              "runs": {
                "batter": 2,
                "extras": 0,
                "total": 2
              }
            },
            {
              "batter": "JF Mooney",
              "bowler": "SW Tait",
              "non_striker": "WK McCallan",
              "runs": {
                "batter": 0,
                "extras": 0,
                "total": 0
              }
            },
            {
              "batter": "JF Mooney",
              "bowler": "SW Tait",
              "non_striker": "WK McCallan",
              "runs": {
                "batter": 3,
                "extras": 0,
                "total": 3
              }
            }
          ]
        },
        {
          "over": 17,
          "deliveries": [
            {
              "batter": "JF Mooney",
              "bowler": "SR Clark",
              "non_striker": "WK McCallan",
              "runs": {
                "batter": 0,
                "extras": 0,
                "total": 0
              }
            },
            {
              "batter": "JF Mooney",
              "bowler": "SR Clark",
              "non_striker": "WK McCallan",
              "runs": {
                "batter": 0,
                "extras": 0,
                "total": 0
              }
            },
            {
              "batter": "JF Mooney",
              "bowler": "SR Clark",
              "non_striker": "WK McCallan",
              "runs": {
                "batter": 0,
                "extras": 0,
                "total": 0
              }
            },
            {
              "batter": "JF Mooney",
              "bowler": "SR Clark",
              "non_striker": "WK McCallan",
              "runs": {
                "batter": 0,
                "extras": 0,
                "total": 0
              }
            },
            {
              "batter": "JF Mooney",
              "bowler": "SR Clark",
              "non_striker": "WK McCallan",
              "runs": {
                "batter": 0,
                "extras": 0,
                "total": 0
              }
            },
            {
              "batter": "JF Mooney",
              "bowler": "SR Clark",
              "non_striker": "WK McCallan",
              "runs": {
                "batter": 0,
                "extras": 0,
                "total": 0
              }
            }
          ]
        },
        {
          "over": 18,
          "deliveries": [
            {
              "batter": "WK McCallan",
              "bowler": "SW Tait",
              "non_striker": "JF Mooney",
              "runs": {
                "batter": 0,
                "extras": 0,
                "total": 0
              }
            },
            {
              "batter": "WK McCallan",
              "bowler": "SW Tait",
              "non_striker": "JF Mooney",
              "runs": {
                "batter": 1,
                "extras": 0,
                "total": 1
              }
            },
            {
              "batter": "JF Mooney",
              "bowler": "SW Tait",
              "extras": {
                "wides": 3
              },
              "non_striker": "WK McCallan",
              "runs": {
                "batter": 0,
                "extras": 3,
                "total": 3
              }
            },
            {
              "batter": "JF Mooney",
              "bowler": "SW Tait",
              "non_striker": "WK McCallan",
              "runs": {
                "batter": 0,
                "extras": 0,
                "total": 0
              }
            },
            {
              "batter": "JF Mooney",
              "bowler": "SW Tait",
              "non_striker": "WK McCallan",
              "runs": {
                "batter": 2,
                "extras": 0,
                "total": 2
              }
            },
            {
              "batter": "JF Mooney",
              "bowler": "SW Tait",
              "non_striker": "WK McCallan",
              "runs": {
                "batter": 4,
                "extras": 0,
                "total": 4
              }
            },
            {
              "batter": "JF Mooney",
              "bowler": "SW Tait",
              "non_striker": "WK McCallan",
              "runs": {
                "batter": 1,
                "extras": 0,
                "total": 1
              }
            }
          ]
        },
        {
          "over": 19,
          "deliveries": [
            {
              "batter": "JF Mooney",
              "bowler": "GB Hogg",
              "non_striker": "WK McCallan",
              "runs": {
                "batter": 0,
                "extras": 0,
                "total": 0
              }
            },
            {
              "batter": "JF Mooney",
              "bowler": "GB Hogg",
              "non_striker": "WK McCallan",
              "runs": {
                "batter": 0,
                "extras": 0,
                "total": 0
              }
            },
            {
              "batter": "JF Mooney",
              "bowler": "GB Hogg",
              "non_striker": "WK McCallan",
              "runs": {
                "batter": 1,
                "extras": 0,
                "total": 1
              }
            },
            {
              "batter": "WK McCallan",
              "bowler": "GB Hogg",
              "non_striker": "JF Mooney",
              "runs": {
                "batter": 0,
                "extras": 0,
                "total": 0
              }
            },
            {
              "batter": "WK McCallan",
              "bowler": "GB Hogg",
              "non_striker": "JF Mooney",
              "runs": {
                "batter": 0,
                "extras": 0,
                "total": 0
              }
            },
            {
              "batter": "WK McCallan",
              "bowler": "GB Hogg",
              "non_striker": "JF Mooney",
              "runs": {
                "batter": 1,
                "extras": 0,
                "total": 1
              }
            }
          ]
        },
        {
          "over": 20,
          "deliveries": [
            {
              "batter": "WK McCallan",
              "bowler": "A Symonds",
              "non_striker": "JF Mooney",
              "runs": {
                "batter": 0,
                "extras": 0,
                "total": 0
              }
            },
            {
              "batter": "WK McCallan",
              "bowler": "A Symonds",
              "non_striker": "JF Mooney",
              "runs": {
                "batter": 0,
                "extras": 0,
                "total": 0
              }
            },
            {
              "batter": "WK McCallan",
              "bowler": "A Symonds",
              "non_striker": "JF Mooney",
              "runs": {
                "batter": 0,
                "extras": 0,
                "total": 0
              }
            },
            {
              "batter": "WK McCallan",
              "bowler": "A Symonds",
              "non_striker": "JF Mooney",
              "runs": {
                "batter": 0,
                "extras": 0,
                "total": 0
              }
            },
            {
              "batter": "WK McCallan",
              "bowler": "A Symonds",
              "non_striker": "JF Mooney",
              "runs": {
                "batter": 0,
                "extras": 0,
                "total": 0
              }
            },
            {
              "batter": "WK McCallan",
              "bowler": "A Symonds",
              "non_striker": "JF Mooney",
              "runs": {
                "batter": 0,
                "extras": 0,
                "total": 0
              },
              "wickets": [
                {
                  "kind": "caught",
                  "player_out": "WK McCallan",
                  "fielders": [
                    {
                      "name": "SW Tait"
                    }
                  ]
                }
              ]
            }
          ]
        },
        {
          "over": 21,
          "deliveries": [
            {
              "batter": "D Langford-Smith",
              "bowler": "GB Hogg",
              "non_striker": "JF Mooney",
              "runs": {
                "batter": 0,
                "extras": 0,
                "total": 0
              }
            },
            {
              "batter": "D Langford-Smith",
              "bowler": "GB Hogg",
              "non_striker": "JF Mooney",
              "runs": {
                "batter": 1,
                "extras": 0,
                "total": 1
              }
            },
            {
              "batter": "JF Mooney",
              "bowler": "GB Hogg",
              "non_striker": "D Langford-Smith",
              "runs": {
                "batter": 0,
                "extras": 0,
                "total": 0
              }
            },
            {
              "batter": "JF Mooney",
              "bowler": "GB Hogg",
              "non_striker": "D Langford-Smith",
              "runs": {
                "batter": 1,
                "extras": 0,
                "total": 1
              }
            },
            {
              "batter": "D Langford-Smith",
              "bowler": "GB Hogg",
              "non_striker": "JF Mooney",
              "runs": {
                "batter": 0,
                "extras": 0,
                "total": 0
              }
            },
            {
              "batter": "D Langford-Smith",
              "bowler": "GB Hogg",
              "non_striker": "JF Mooney",
              "runs": {
                "batter": 0,
                "extras": 0,
                "total": 0
              }
            }
          ]
        },
        {
          "over": 22,
          "deliveries": [
            {
              "batter": "JF Mooney",
              "bowler": "A Symonds",
              "non_striker": "D Langford-Smith",
              "runs": {
                "batter": 1,
                "extras": 0,
                "total": 1
              }
            },
            {
              "batter": "D Langford-Smith",
              "bowler": "A Symonds",
              "non_striker": "JF Mooney",
              "runs": {
                "batter": 0,
                "extras": 0,
                "total": 0
              }
            },
            {
              "batter": "D Langford-Smith",
              "bowler": "A Symonds",
              "non_striker": "JF Mooney",
              "runs": {
                "batter": 1,
                "extras": 0,
                "total": 1
              }
            },
            {
              "batter": "JF Mooney",
              "bowler": "A Symonds",
              "non_striker": "D Langford-Smith",
              "runs": {
                "batter": 0,
                "extras": 0,
                "total": 0
              }
            },
            {
              "batter": "JF Mooney",
              "bowler": "A Symonds",
              "non_striker": "D Langford-Smith",
              "runs": {
                "batter": 0,
                "extras": 0,
                "total": 0
              }
            },
            {
              "batter": "JF Mooney",
              "bowler": "A Symonds",
              "non_striker": "D Langford-Smith",
              "runs": {
                "batter": 4,
                "extras": 0,
                "total": 4
              }
            }
          ]
        },
        {
          "over": 23,
          "deliveries": [
            {
              "batter": "D Langford-Smith",
              "bowler": "GB Hogg",
              "non_striker": "JF Mooney",
              "runs": {
                "batter": 0,
                "extras": 0,
                "total": 0
              },
              "wickets": [
                {
                  "kind": "caught",
                  "player_out": "D Langford-Smith",
                  "fielders": [
                    {
                      "name": "RT Ponting"
                    }
                  ]
                }
              ]
            },
            {
              "batter": "WB Rankin",
              "bowler": "GB Hogg",
              "non_striker": "JF Mooney",
              "runs": {
                "batter": 0,
                "extras": 0,
                "total": 0
              }
            },
            {
              "batter": "WB Rankin",
              "bowler": "GB Hogg",
              "non_striker": "JF Mooney",
              "runs": {
                "batter": 0,
                "extras": 0,
                "total": 0
              }
            },
            {
              "batter": "WB Rankin",
              "bowler": "GB Hogg",
              "non_striker": "JF Mooney",
              "runs": {
                "batter": 0,
                "extras": 0,
                "total": 0
              }
            },
            {
              "batter": "WB Rankin",
              "bowler": "GB Hogg",
              "extras": {
                "wides": 1
              },
              "non_striker": "JF Mooney",
              "runs": {
                "batter": 0,
                "extras": 1,
                "total": 1
              }
            },
            {
              "batter": "WB Rankin",
              "bowler": "GB Hogg",
              "non_striker": "JF Mooney",
              "runs": {
                "batter": 0,
                "extras": 0,
                "total": 0
              }
            },
            {
              "batter": "WB Rankin",
              "bowler": "GB Hogg",
              "non_striker": "JF Mooney",
              "runs": {
                "batter": 0,
                "extras": 0,
                "total": 0
              }
            }
          ]
        },
        {
          "over": 24,
          "deliveries": [
            {
              "batter": "JF Mooney",
              "bowler": "A Symonds",
              "non_striker": "WB Rankin",
              "runs": {
                "batter": 1,
                "extras": 0,
                "total": 1
              }
            },
            {
              "batter": "WB Rankin",
              "bowler": "A Symonds",
              "non_striker": "JF Mooney",
              "runs": {
                "batter": 0,
                "extras": 0,
                "total": 0
              }
            },
            {
              "batter": "WB Rankin",
              "bowler": "A Symonds",
              "non_striker": "JF Mooney",
              "runs": {
                "batter": 0,
                "extras": 0,
                "total": 0
              }
            },
            {
              "batter": "WB Rankin",
              "bowler": "A Symonds",
              "non_striker": "JF Mooney",
              "runs": {
                "batter": 0,
                "extras": 0,
                "total": 0
              }
            },
            {
              "batter": "WB Rankin",
              "bowler": "A Symonds",
              "non_striker": "JF Mooney",
              "runs": {
                "batter": 0,
                "extras": 0,
                "total": 0
              }
            },
            {
              "batter": "WB Rankin",
              "bowler": "A Symonds",
              "non_striker": "JF Mooney",
              "runs": {
                "batter": 0,
                "extras": 0,
                "total": 0
              }
            }
          ]
        },
        {
          "over": 25,
          "deliveries": [
            {
              "batter": "JF Mooney",
              "bowler": "GB Hogg",
              "non_striker": "WB Rankin",
              "runs": {
                "batter": 0,
                "extras": 0,
                "total": 0
              }
            },
            {
              "batter": "JF Mooney",
              "bowler": "GB Hogg",
              "non_striker": "WB Rankin",
              "runs": {
                "batter": 0,
                "extras": 0,
                "total": 0
              }
            },
            {
              "batter": "JF Mooney",
              "bowler": "GB Hogg",
              "non_striker": "WB Rankin",
              "runs": {
                "batter": 0,
                "extras": 0,
                "total": 0
              }
            },
            {
              "batter": "JF Mooney",
              "bowler": "GB Hogg",
              "non_striker": "WB Rankin",
              "runs": {
                "batter": 0,
                "extras": 0,
                "total": 0
              }
            },
            {
              "batter": "JF Mooney",
              "bowler": "GB Hogg",
              "non_striker": "WB Rankin",
              "runs": {
                "batter": 0,
                "extras": 0,
                "total": 0
              }
            },
            {
              "batter": "JF Mooney",
              "bowler": "GB Hogg",
              "non_striker": "WB Rankin",
              "runs": {
                "batter": 0,
                "extras": 0,
                "total": 0
              }
            }
          ]
        },
        {
          "over": 26,
          "deliveries": [
            {
              "batter": "WB Rankin",
              "bowler": "SR Clark",
              "non_striker": "JF Mooney",
              "runs": {
                "batter": 0,
                "extras": 0,
                "total": 0
              }
            },
            {
              "batter": "WB Rankin",
              "bowler": "SR Clark",
              "non_striker": "JF Mooney",
              "runs": {
                "batter": 0,
                "extras": 0,
                "total": 0
              }
            },
            {
              "batter": "WB Rankin",
              "bowler": "SR Clark",
              "non_striker": "JF Mooney",
              "runs": {
                "batter": 2,
                "extras": 0,
                "total": 2
              }
            },
            {
              "batter": "WB Rankin",
              "bowler": "SR Clark",
              "non_striker": "JF Mooney",
              "runs": {
                "batter": 0,
                "extras": 0,
                "total": 0
              }
            },
            {
              "batter": "WB Rankin",
              "bowler": "SR Clark",
              "non_striker": "JF Mooney",
              "runs": {
                "batter": 0,
                "extras": 0,
                "total": 0
              }
            },
            {
              "batter": "WB Rankin",
              "bowler": "SR Clark",
              "non_striker": "JF Mooney",
              "runs": {
                "batter": 0,
                "extras": 0,
                "total": 0
              }
            }
          ]
        },
        {
          "over": 27,
          "deliveries": [
            {
              "batter": "JF Mooney",
              "bowler": "GB Hogg",
              "non_striker": "WB Rankin",
              "runs": {
                "batter": 0,
                "extras": 0,
                "total": 0
              }
            },
            {
              "batter": "JF Mooney",
              "bowler": "GB Hogg",
              "non_striker": "WB Rankin",
              "runs": {
                "batter": 2,
                "extras": 0,
                "total": 2
              }
            },
            {
              "batter": "JF Mooney",
              "bowler": "GB Hogg",
              "non_striker": "WB Rankin",
              "runs": {
                "batter": 0,
                "extras": 0,
                "total": 0
              }
            },
            {
              "batter": "JF Mooney",
              "bowler": "GB Hogg",
              "non_striker": "WB Rankin",
              "runs": {
                "batter": 0,
                "extras": 0,
                "total": 0
              }
            },
            {
              "batter": "JF Mooney",
              "bowler": "GB Hogg",
              "non_striker": "WB Rankin",
              "runs": {
                "batter": 0,
                "extras": 0,
                "total": 0
              }
            },
            {
              "batter": "JF Mooney",
              "bowler": "GB Hogg",
              "extras": {
                "wides": 2
              },
              "non_striker": "WB Rankin",
              "runs": {
                "batter": 0,
                "extras": 2,
                "total": 2
              }
            },
            {
              "batter": "WB Rankin",
              "bowler": "GB Hogg",
              "non_striker": "JF Mooney",
              "runs": {
                "batter": 0,
                "extras": 0,
                "total": 0
              }
            }
          ]
        },
        {
          "over": 28,
          "deliveries": [
            {
              "batter": "JF Mooney",
              "bowler": "SR Clark",
              "non_striker": "WB Rankin",
              "runs": {
                "batter": 0,
                "extras": 0,
                "total": 0
              }
            },
            {
              "batter": "JF Mooney",
              "bowler": "SR Clark",
              "non_striker": "WB Rankin",
              "runs": {
                "batter": 0,
                "extras": 0,
                "total": 0
              }
            },
            {
              "batter": "JF Mooney",
              "bowler": "SR Clark",
              "non_striker": "WB Rankin",
              "runs": {
                "batter": 0,
                "extras": 0,
                "total": 0
              }
            },
            {
              "batter": "JF Mooney",
              "bowler": "SR Clark",
              "non_striker": "WB Rankin",
              "runs": {
                "batter": 1,
                "extras": 0,
                "total": 1
              }
            },
            {
              "batter": "WB Rankin",
              "bowler": "SR Clark",
              "non_striker": "JF Mooney",
              "runs": {
                "batter": 0,
                "extras": 0,
                "total": 0
              }
            },
            {
              "batter": "WB Rankin",
              "bowler": "SR Clark",
              "non_striker": "JF Mooney",
              "runs": {
                "batter": 2,
                "extras": 0,
                "total": 2
              }
            }
          ]
        },
        {
          "over": 29,
          "deliveries": [
            {
              "batter": "JF Mooney",
              "bowler": "GB Hogg",
              "non_striker": "WB Rankin",
              "runs": {
                "batter": 0,
                "extras": 0,
                "total": 0
              }
            },
            {
              "batter": "JF Mooney",
              "bowler": "GB Hogg",
              "non_striker": "WB Rankin",
              "runs": {
                "batter": 0,
                "extras": 0,
                "total": 0
              }
            },
            {
              "batter": "JF Mooney",
              "bowler": "GB Hogg",
              "non_striker": "WB Rankin",
              "runs": {
                "batter": 0,
                "extras": 0,
                "total": 0
              }
            },
            {
              "batter": "JF Mooney",
              "bowler": "GB Hogg",
              "non_striker": "WB Rankin",
              "runs": {
                "batter": 0,
                "extras": 0,
                "total": 0
              }
            },
            {
              "batter": "JF Mooney",
              "bowler": "GB Hogg",
              "non_striker": "WB Rankin",
              "runs": {
                "batter": 0,
                "extras": 0,
                "total": 0
              }
            },
            {
              "batter": "JF Mooney",
              "bowler": "GB Hogg",
              "non_striker": "WB Rankin",
              "runs": {
                "batter": 0,
                "extras": 0,
                "total": 0
              },
              "wickets": [
                {
                  "kind": "run out",
                  "player_out": "JF Mooney",
                  "fielders": [
                    {
                      "name": "SW Tait"
                    }
                  ]
                }
              ]
            }
          ]
        }
      ],
      "powerplays": [
        {
          "from": 0.1,
          "to": 9.6,
          "type": "mandatory"
        },
        {
          "from": 10.1,
          "to": 14.7,
          "type": "fielding"
        }
      ]
    },
    {
      "team": "Australia",
      "overs": [
        {
          "over": 0,
          "deliveries": [
            {
              "batter": "AC Gilchrist",
              "bowler": "D Langford-Smith",
              "extras": {
                "wides": 1
              },
              "non_striker": "MEK Hussey",
              "runs": {
                "batter": 0,
                "extras": 1,
                "total": 1
              }
            },
            {
              "batter": "AC Gilchrist",
              "bowler": "D Langford-Smith",
              "non_striker": "MEK Hussey",
              "runs": {
                "batter": 0,
                "extras": 0,
                "total": 0
              }
            },
            {
              "batter": "AC Gilchrist",
              "bowler": "D Langford-Smith",
              "non_striker": "MEK Hussey",
              "runs": {
                "batter": 3,
                "extras": 0,
                "total": 3
              }
            },
            {
              "batter": "MEK Hussey",
              "bowler": "D Langford-Smith",
              "non_striker": "AC Gilchrist",
              "runs": {
                "batter": 2,
                "extras": 0,
                "total": 2
              }
            },
            {
              "batter": "MEK Hussey",
              "bowler": "D Langford-Smith",
              "non_striker": "AC Gilchrist",
              "runs": {
                "batter": 0,
                "extras": 0,
                "total": 0
              }
            },
            {
              "batter": "MEK Hussey",
              "bowler": "D Langford-Smith",
              "non_striker": "AC Gilchrist",
              "runs": {
                "batter": 1,
                "extras": 0,
                "total": 1
              }
            },
            {
              "batter": "AC Gilchrist",
              "bowler": "D Langford-Smith",
              "non_striker": "MEK Hussey",
              "runs": {
                "batter": 2,
                "extras": 0,
                "total": 2
              }
            }
          ]
        },
        {
          "over": 1,
          "deliveries": [
            {
              "batter": "MEK Hussey",
              "bowler": "WB Rankin",
              "non_striker": "AC Gilchrist",
              "runs": {
                "batter": 0,
                "extras": 0,
                "total": 0
              }
            },
            {
              "batter": "MEK Hussey",
              "bowler": "WB Rankin",
              "non_striker": "AC Gilchrist",
              "runs": {
                "batter": 0,
                "extras": 0,
                "total": 0
              }
            },
            {
              "batter": "MEK Hussey",
              "bowler": "WB Rankin",
              "non_striker": "AC Gilchrist",
              "runs": {
                "batter": 0,
                "extras": 0,
                "total": 0
              }
            },
            {
              "batter": "MEK Hussey",
              "bowler": "WB Rankin",
              "non_striker": "AC Gilchrist",
              "runs": {
                "batter": 0,
                "extras": 0,
                "total": 0
              }
            },
            {
              "batter": "MEK Hussey",
              "bowler": "WB Rankin",
              "extras": {
                "wides": 1
              },
              "non_striker": "AC Gilchrist",
              "runs": {
                "batter": 0,
                "extras": 1,
                "total": 1
              }
            },
            {
              "batter": "MEK Hussey",
              "bowler": "WB Rankin",
              "non_striker": "AC Gilchrist",
              "runs": {
                "batter": 0,
                "extras": 0,
                "total": 0
              }
            },
            {
              "batter": "MEK Hussey",
              "bowler": "WB Rankin",
              "non_striker": "AC Gilchrist",
              "runs": {
                "batter": 2,
                "extras": 0,
                "total": 2
              }
            }
          ]
        },
        {
          "over": 2,
          "deliveries": [
            {
              "batter": "AC Gilchrist",
              "bowler": "D Langford-Smith",
              "non_striker": "MEK Hussey",
              "runs": {
                "batter": 0,
                "extras": 0,
                "total": 0
              }
            },
            {
              "batter": "AC Gilchrist",
              "bowler": "D Langford-Smith",
              "extras": {
                "wides": 1
              },
              "non_striker": "MEK Hussey",
              "runs": {
                "batter": 0,
                "extras": 1,
                "total": 1
              }
            },
            {
              "batter": "AC Gilchrist",
              "bowler": "D Langford-Smith",
              "non_striker": "MEK Hussey",
              "runs": {
                "batter": 0,
                "extras": 0,
                "total": 0
              }
            },
            {
              "batter": "AC Gilchrist",
              "bowler": "D Langford-Smith",
              "extras": {
                "legbyes": 4
              },
              "non_striker": "MEK Hussey",
              "runs": {
                "batter": 0,
                "extras": 4,
                "total": 4
              }
            },
            {
              "batter": "AC Gilchrist",
              "bowler": "D Langford-Smith",
              "non_striker": "MEK Hussey",
              "runs": {
                "batter": 0,
                "extras": 0,
                "total": 0
              }
            },
            {
              "batter": "AC Gilchrist",
              "bowler": "D Langford-Smith",
              "non_striker": "MEK Hussey",
              "runs": {
                "batter": 1,
                "extras": 0,
                "total": 1
              }
            },
            {
              "batter": "MEK Hussey",
              "bowler": "D Langford-Smith",
              "non_striker": "AC Gilchrist",
              "runs": {
                "batter": 0,
                "extras": 0,
                "total": 0
              }
            }
          ]
        },
        {
          "over": 3,
          "deliveries": [
            {
              "batter": "AC Gilchrist",
              "bowler": "WB Rankin",
              "non_striker": "MEK Hussey",
              "runs": {
                "batter": 1,
                "extras": 0,
                "total": 1
              }
            },
            {
              "batter": "MEK Hussey",
              "bowler": "WB Rankin",
              "extras": {
                "wides": 1
              },
              "non_striker": "AC Gilchrist",
              "runs": {
                "batter": 0,
                "extras": 1,
                "total": 1
              }
            },
            {
              "batter": "MEK Hussey",
              "bowler": "WB Rankin",
              "non_striker": "AC Gilchrist",
              "runs": {
                "batter": 0,
                "extras": 0,
                "total": 0
              }
            },
            {
              "batter": "MEK Hussey",
              "bowler": "WB Rankin",
              "extras": {
                "wides": 1
              },
              "non_striker": "AC Gilchrist",
              "runs": {
                "batter": 0,
                "extras": 1,
                "total": 1
              }
            },
            {
              "batter": "MEK Hussey",
              "bowler": "WB Rankin",
              "non_striker": "AC Gilchrist",
              "runs": {
                "batter": 0,
                "extras": 0,
                "total": 0
              }
            },
            {
              "batter": "MEK Hussey",
              "bowler": "WB Rankin",
              "non_striker": "AC Gilchrist",
              "runs": {
                "batter": 1,
                "extras": 0,
                "total": 1
              }
            },
            {
              "batter": "AC Gilchrist",
              "bowler": "WB Rankin",
              "non_striker": "MEK Hussey",
              "runs": {
                "batter": 1,
                "extras": 0,
                "total": 1
              }
            },
            {
              "batter": "MEK Hussey",
              "bowler": "WB Rankin",
              "non_striker": "AC Gilchrist",
              "runs": {
                "batter": 0,
                "extras": 0,
                "total": 0
              }
            }
          ]
        },
        {
          "over": 4,
          "deliveries": [
            {
              "batter": "AC Gilchrist",
              "bowler": "D Langford-Smith",
              "non_striker": "MEK Hussey",
              "runs": {
                "batter": 2,
                "extras": 0,
                "total": 2
              }
            },
            {
              "batter": "AC Gilchrist",
              "bowler": "D Langford-Smith",
              "non_striker": "MEK Hussey",
              "runs": {
                "batter": 2,
                "extras": 0,
                "total": 2
              }
            },
            {
              "batter": "AC Gilchrist",
              "bowler": "D Langford-Smith",
              "non_striker": "MEK Hussey",
              "runs": {
                "batter": 4,
                "extras": 0,
                "total": 4
              }
            },
            {
              "batter": "AC Gilchrist",
              "bowler": "D Langford-Smith",
              "non_striker": "MEK Hussey",
              "runs": {
                "batter": 4,
                "extras": 0,
                "total": 4
              }
            },
            {
              "batter": "AC Gilchrist",
              "bowler": "D Langford-Smith",
              "non_striker": "MEK Hussey",
              "runs": {
                "batter": 4,
                "extras": 0,
                "total": 4
              }
            },
            {
              "batter": "AC Gilchrist",
              "bowler": "D Langford-Smith",
              "non_striker": "MEK Hussey",
              "runs": {
                "batter": 0,
                "extras": 0,
                "total": 0
              }
            }
          ]
        },
        {
          "over": 5,
          "deliveries": [
            {
              "batter": "MEK Hussey",
              "bowler": "WB Rankin",
              "non_striker": "AC Gilchrist",
              "runs": {
                "batter": 0,
                "extras": 0,
                "total": 0
              }
            },
            {
              "batter": "MEK Hussey",
              "bowler": "WB Rankin",
              "non_striker": "AC Gilchrist",
              "runs": {
                "batter": 0,
                "extras": 0,
                "total": 0
              }
            },
            {
              "batter": "MEK Hussey",
              "bowler": "WB Rankin",
              "extras": {
                "wides": 1
              },
              "non_striker": "AC Gilchrist",
              "runs": {
                "batter": 0,
                "extras": 1,
                "total": 1
              }
            },
            {
              "batter": "MEK Hussey",
              "bowler": "WB Rankin",
              "non_striker": "AC Gilchrist",
              "runs": {
                "batter": 0,
                "extras": 0,
                "total": 0
              }
            },
            {
              "batter": "MEK Hussey",
              "bowler": "WB Rankin",
              "non_striker": "AC Gilchrist",
              "runs": {
                "batter": 0,
                "extras": 0,
                "total": 0
              }
            },
            {
              "batter": "MEK Hussey",
              "bowler": "WB Rankin",
              "non_striker": "AC Gilchrist",
              "runs": {
                "batter": 0,
                "extras": 0,
                "total": 0
              }
            },
            {
              "batter": "MEK Hussey",
              "bowler": "WB Rankin",
              "non_striker": "AC Gilchrist",
              "runs": {
                "batter": 0,
                "extras": 0,
                "total": 0
              }
            }
          ]
        },
        {
          "over": 6,
          "deliveries": [
            {
              "batter": "AC Gilchrist",
              "bowler": "DT Johnston",
              "non_striker": "MEK Hussey",
              "runs": {
                "batter": 0,
                "extras": 0,
                "total": 0
              }
            },
            {
              "batter": "AC Gilchrist",
              "bowler": "DT Johnston",
              "non_striker": "MEK Hussey",
              "runs": {
                "batter": 2,
                "extras": 0,
                "total": 2
              }
            },
            {
              "batter": "AC Gilchrist",
              "bowler": "DT Johnston",
              "non_striker": "MEK Hussey",
              "runs": {
                "batter": 1,
                "extras": 0,
                "total": 1
              }
            },
            {
              "batter": "MEK Hussey",
              "bowler": "DT Johnston",
              "non_striker": "AC Gilchrist",
              "runs": {
                "batter": 4,
                "extras": 0,
                "total": 4
              }
            },
            {
              "batter": "MEK Hussey",
              "bowler": "DT Johnston",
              "non_striker": "AC Gilchrist",
              "runs": {
                "batter": 4,
                "extras": 0,
                "total": 4
              }
            },
            {
              "batter": "MEK Hussey",
              "bowler": "DT Johnston",
              "non_striker": "AC Gilchrist",
              "runs": {
                "batter": 0,
                "extras": 0,
                "total": 0
              }
            }
          ]
        },
        {
          "over": 7,
          "deliveries": [
            {
              "batter": "AC Gilchrist",
              "bowler": "WB Rankin",
              "non_striker": "MEK Hussey",
              "runs": {
                "batter": 1,
                "extras": 0,
                "total": 1
              }
            },
            {
              "batter": "MEK Hussey",
              "bowler": "WB Rankin",
              "non_striker": "AC Gilchrist",
              "runs": {
                "batter": 0,
                "extras": 0,
                "total": 0
              }
            },
            {
              "batter": "MEK Hussey",
              "bowler": "WB Rankin",
              "non_striker": "AC Gilchrist",
              "runs": {
                "batter": 3,
                "extras": 0,
                "total": 3
              }
            },
            {
              "batter": "AC Gilchrist",
              "bowler": "WB Rankin",
              "non_striker": "MEK Hussey",
              "runs": {
                "batter": 0,
                "extras": 0,
                "total": 0
              }
            },
            {
              "batter": "AC Gilchrist",
              "bowler": "WB Rankin",
              "non_striker": "MEK Hussey",
              "runs": {
                "batter": 4,
                "extras": 0,
                "total": 4
              }
            },
            {
              "batter": "AC Gilchrist",
              "bowler": "WB Rankin",
              "non_striker": "MEK Hussey",
              "runs": {
                "batter": 1,
                "extras": 0,
                "total": 1
              }
            }
          ]
        },
        {
          "over": 8,
          "deliveries": [
            {
              "batter": "AC Gilchrist",
              "bowler": "DT Johnston",
              "non_striker": "MEK Hussey",
              "runs": {
                "batter": 1,
                "extras": 0,
                "total": 1
              }
            },
            {
              "batter": "MEK Hussey",
              "bowler": "DT Johnston",
              "non_striker": "AC Gilchrist",
              "runs": {
                "batter": 0,
                "extras": 0,
                "total": 0
              }
            },
            {
              "batter": "MEK Hussey",
              "bowler": "DT Johnston",
              "non_striker": "AC Gilchrist",
              "runs": {
                "batter": 0,
                "extras": 0,
                "total": 0
              }
            },
            {
              "batter": "MEK Hussey",
              "bowler": "DT Johnston",
              "non_striker": "AC Gilchrist",
              "runs": {
                "batter": 1,
                "extras": 0,
                "total": 1
              }
            },
            {
              "batter": "AC Gilchrist",
              "bowler": "DT Johnston",
              "non_striker": "MEK Hussey",
              "runs": {
                "batter": 0,
                "extras": 0,
                "total": 0
              },
              "wickets": [
                {
                  "kind": "bowled",
                  "player_out": "AC Gilchrist"
                }
              ]
            },
            {
              "batter": "A Symonds",
              "bowler": "DT Johnston",
              "non_striker": "MEK Hussey",
              "runs": {
                "batter": 1,
                "extras": 0,
                "total": 1
              }
            }
          ]
        },
        {
          "over": 9,
          "deliveries": [
            {
              "batter": "A Symonds",
              "bowler": "JF Mooney",
              "non_striker": "MEK Hussey",
              "runs": {
                "batter": 0,
                "extras": 0,
                "total": 0
              }
            },
            {
              "batter": "A Symonds",
              "bowler": "JF Mooney",
              "non_striker": "MEK Hussey",
              "runs": {
                "batter": 4,
                "extras": 0,
                "total": 4
              }
            },
            {
              "batter": "A Symonds",
              "bowler": "JF Mooney",
              "non_striker": "MEK Hussey",
              "runs": {
                "batter": 2,
                "extras": 0,
                "total": 2
              }
            },
            {
              "batter": "A Symonds",
              "bowler": "JF Mooney",
              "non_striker": "MEK Hussey",
              "runs": {
                "batter": 2,
                "extras": 0,
                "total": 2
              }
            },
            {
              "batter": "A Symonds",
              "bowler": "JF Mooney",
              "non_striker": "MEK Hussey",
              "runs": {
                "batter": 0,
                "extras": 0,
                "total": 0
              }
            },
            {
              "batter": "A Symonds",
              "bowler": "JF Mooney",
              "non_striker": "MEK Hussey",
              "runs": {
                "batter": 6,
                "extras": 0,
                "total": 6
              }
            }
          ]
        },
        {
          "over": 10,
          "deliveries": [
            {
              "batter": "MEK Hussey",
              "bowler": "DT Johnston",
              "extras": {
                "wides": 1
              },
              "non_striker": "A Symonds",
              "runs": {
                "batter": 0,
                "extras": 1,
                "total": 1
              }
            },
            {
              "batter": "MEK Hussey",
              "bowler": "DT Johnston",
              "non_striker": "A Symonds",
              "runs": {
                "batter": 0,
                "extras": 0,
                "total": 0
              }
            },
            {
              "batter": "MEK Hussey",
              "bowler": "DT Johnston",
              "extras": {
                "noballs": 1
              },
              "non_striker": "A Symonds",
              "runs": {
                "batter": 0,
                "extras": 1,
                "total": 1
              }
            },
            {
              "batter": "MEK Hussey",
              "bowler": "DT Johnston",
              "non_striker": "A Symonds",
              "runs": {
                "batter": 0,
                "extras": 0,
                "total": 0
              }
            },
            {
              "batter": "MEK Hussey",
              "bowler": "DT Johnston",
              "non_striker": "A Symonds",
              "runs": {
                "batter": 0,
                "extras": 0,
                "total": 0
              }
            },
            {
              "batter": "MEK Hussey",
              "bowler": "DT Johnston",
              "non_striker": "A Symonds",
              "runs": {
                "batter": 1,
                "extras": 0,
                "total": 1
              }
            },
            {
              "batter": "A Symonds",
              "bowler": "DT Johnston",
              "non_striker": "MEK Hussey",
              "runs": {
                "batter": 0,
                "extras": 0,
                "total": 0
              }
            },
            {
              "batter": "A Symonds",
              "bowler": "DT Johnston",
              "extras": {
                "wides": 1
              },
              "non_striker": "MEK Hussey",
              "runs": {
                "batter": 0,
                "extras": 1,
                "total": 1
              }
            },
            {
              "batter": "A Symonds",
              "bowler": "DT Johnston",
              "non_striker": "MEK Hussey",
              "runs": {
                "batter": 0,
                "extras": 0,
                "total": 0
              }
            }
          ]
        },
        {
          "over": 11,
          "deliveries": [
            {
              "batter": "MEK Hussey",
              "bowler": "WK McCallan",
              "non_striker": "A Symonds",
              "runs": {
                "batter": 0,
                "extras": 0,
                "total": 0
              }
            },
            {
              "batter": "MEK Hussey",
              "bowler": "WK McCallan",
              "non_striker": "A Symonds",
              "runs": {
                "batter": 0,
                "extras": 0,
                "total": 0
              }
            },
            {
              "batter": "MEK Hussey",
              "bowler": "WK McCallan",
              "non_striker": "A Symonds",
              "runs": {
                "batter": 0,
                "extras": 0,
                "total": 0
              }
            },
            {
              "batter": "MEK Hussey",
              "bowler": "WK McCallan",
              "non_striker": "A Symonds",
              "runs": {
                "batter": 4,
                "extras": 0,
                "total": 4
              }
            },
            {
              "batter": "MEK Hussey",
              "bowler": "WK McCallan",
              "non_striker": "A Symonds",
              "runs": {
                "batter": 0,
                "extras": 0,
                "total": 0
              }
            },
            {
              "batter": "MEK Hussey",
              "bowler": "WK McCallan",
              "non_striker": "A Symonds",
              "runs": {
                "batter": 1,
                "extras": 0,
                "total": 1
              }
            }
          ]
        },
        {
          "over": 12,
          "deliveries": [
            {
              "batter": "MEK Hussey",
              "bowler": "WB Rankin",
              "non_striker": "A Symonds",
              "runs": {
                "batter": 0,
                "extras": 0,
                "total": 0
              }
            },
            {
              "batter": "MEK Hussey",
              "bowler": "WB Rankin",
              "non_striker": "A Symonds",
              "runs": {
                "batter": 6,
                "extras": 0,
                "total": 6
              }
            }
          ]
        }
      ],
      "powerplays": [
        {
          "from": 0.1,
          "to": 9.6,
          "type": "mandatory"
        }
      ],
      "target": {
        "overs": 50,
        "runs": 92
      }
    }
  ]
}