{
  "meta": {
    "data_version": "1.0.0",
    "created": "2015-09-26",
    "revision": 2
  },
  "info": {
    "balls_per_over": 6,
    "city": "Trinidad",
    "dates": [
      "2007-03-25"
    ],
    "event": {
      "group": "B",
      "match_number": 24,
      "name": "ICC World Cup"
    },
    "gender": "male",
    "match_type": "ODI",
    "match_type_number": 2554,
    "officials": {
      "match_referees": [
        "AG Hurst"
      ],
      "reserve_umpires": [
        "DJ Harper"
      ],
      "tv_umpires": [
        "Aleem Dar"
      ],
      "umpires": [
        "SJ Davis",
        "IL Howell"
      ]
    },
    "outcome": {
      "by": {
        "wickets": 7
      },
      "method": "D/L",
      "winner": "Bangladesh"
    },
    "overs": 50,
    "player_of_match": [
      "Mohammad Ashraful"
    ],
    "players": {
      "Bangladesh": [
        "Tamim Iqbal",
        "Shahriar Nafees",
        "Aftab Ahmed",
        "Shakib Al Hasan",
        "Mohammad Ashraful",
        "Mushfiqur Rahim",
        "Habibul Bashar",
        "Mohammad Rafique",
        "Mashrafe Mortaza",
        "Abdur Razzak",
        "Syed Rasel"
      ],
      "Bermuda": [
        "SD Outerbridge",
        "OL Pitcher",
        "DCC Borden",
        "DL Hemp",
        "IH Romaine",
        "DA Minors",
        "LOB Cann",
        "JJ Tucker",
        "KAD Hurdle",
        "S Mukuddem",
        "RDM Leverock"
      ]
    },
    "registry": {
      "people": {
        "AG Hurst": "ad7945c6",
        "Abdur Razzak": "888e32bf",
        "Aftab Ahmed": "53bc7b84",
        "Aleem Dar": "f02778d1",
        "DA Minors": "49212b50",
        "DCC Borden": "359e430a",
        "DJ Harper": "0ec08b27",
        "DL Hemp": "cb263798",
        "Habibul Bashar": "e74ad9ea",
        "IH Romaine": "54725e8b",
        "IL Howell": "c1cd91c3",
        "JJ Tucker": "bceb1b07",
        "KAD Hurdle": "543d3e69",
        "LOB Cann": "4487cc09",
        "Mashrafe Mortaza": "e186f49c",
        "Mohammad Ashraful": "2bb09eb2",
        "Mohammad Rafique": "7ff3fcaa",
        "Mushfiqur Rahim": "a94e08ea",
        "OL Pitcher": "f71de062",
        "RDM Leverock": "fbc5c0c6",
        "S Mukuddem": "da045dea",
        "SD Outerbridge": "9295145b",
        "SJ Davis": "bc71b0b2",
        "Shahriar Nafees": "b9c225c2",
        "Shakib Al Hasan": "7dc35884",
        "Syed Rasel": "b743f01b",
        "Tamim Iqbal": "3b041a12"
      }
    },
    "season": "2006/07",
    "team_type": "international",
    "teams": [
      "Bangladesh",
      "Bermuda"
    ],
    "toss": {
      "decision": "field",
      "winner": "Bangladesh"
    },
    "venue": "Queen's Park Oval, Port of Spain"
  },
  "innings": [
    {
      "team": "Bermuda",
      "overs": [
        {
          "over": 0,
          "deliveries": [
            {
              "batter": "SD Outerbridge",
              "bowler": "Mashrafe Mortaza",
              "extras": {
                "legbyes": 1
              },
              "non_striker": "OL Pitcher",
              "runs": {
                "batter": 0,
                "extras": 1,
                "total": 1
              }
            },
            {
              "batter": "OL Pitcher",
              "bowler": "Mashrafe Mortaza",
              "non_striker": "SD Outerbridge",
              "runs": {
                "batter": 0,
                "extras": 0,
                "total": 0
              }
            },
            {
              "batter": "OL Pitcher",
              "bowler": "Mashrafe Mortaza",
              "non_striker": "SD Outerbridge",
              "runs": {
                "batter": 1,
                "extras": 0,
                "total": 1
              }
            },
            {
              "batter": "SD Outerbridge",
              "bowler": "Mashrafe Mortaza",
              "non_striker": "OL Pitcher",
              "runs": {
                "batter": 0,
                "extras": 0,
                "total": 0
              }
            },
            {
              "batter": "SD Outerbridge",
              "bowler": "Mashrafe Mortaza",
              "non_striker": "OL Pitcher",
              "runs": {
                "batter": 0,
                "extras": 0,
                "total": 0
              }
            },
            {
              "batter": "SD Outerbridge",
              "bowler": "Mashrafe Mortaza",
              "non_striker": "OL Pitcher",
              "runs": {
                "batter": 0,
                "extras": 0,
                "total": 0
              },
              "wickets": [
                {
                  "kind": "caught",
                  "player_out": "SD Outerbridge",
                  "fielders": [
                    {
                      "name": "Mohammad Rafique"
                    }
                  ]
                }
              ]
            }
          ]
        },
        {
          "over": 1,
          "deliveries": [
            {
              "batter": "OL Pitcher",
              "bowler": "Syed Rasel",
              "non_striker": "DCC Borden",
              "runs": {
                "batter": 1,
                "extras": 0,
                "total": 1
              }
            },
            {
              "batter": "DCC Borden",
              "bowler": "Syed Rasel",
              "non_striker": "OL Pitcher",
              "runs": {
                "batter": 0,
                "extras": 0,
                "total": 0
              }
            },
            {
              "batter": "DCC Borden",
              "bowler": "Syed Rasel",
              "non_striker": "OL Pitcher",
              "runs": {
                "batter": 0,
                "extras": 0,
                "total": 0
              }
            },
            {
              "batter": "DCC Borden",
              "bowler": "Syed Rasel",
              "non_striker": "OL Pitcher",
              "runs": {
                "batter": 0,
                "extras": 0,
                "total": 0
              }
            },
            {
              "batter": "DCC Borden",
              "bowler": "Syed Rasel",
              "non_striker": "OL Pitcher",
              "runs": {
                "batter": 0,
                "extras": 0,
                "total": 0
              }
            },
            {
              "batter": "DCC Borden",
              "bowler": "Syed Rasel",
              "non_striker": "OL Pitcher",
              "runs": {
                "batter": 0,
                "extras": 0,
                "total": 0
              }
            }
          ]
        },
        {
          "over": 2,
          "deliveries": [
            {
              "batter": "OL Pitcher",
              "bowler": "Mashrafe Mortaza",
              "non_striker": "DCC Borden",
              "runs": {
                "batter": 0,
                "extras": 0,
                "total": 0
              }
            },
            {
              "batter": "OL Pitcher",
              "bowler": "Mashrafe Mortaza",
              "non_striker": "DCC Borden",
              "runs": {
                "batter": 1,
                "extras": 0,
                "total": 1
              }
            },
            {
              "batter": "DCC Borden",
              "bowler": "Mashrafe Mortaza",
              "non_striker": "OL Pitcher",
              "runs": {
                "batter": 0,
                "extras": 0,
                "total": 0
              }
            },
            {
              "batter": "DCC Borden",
              "bowler": "Mashrafe Mortaza",
              "extras": {
                "wides": 1
              },
              "non_striker": "OL Pitcher",
              "runs": {
                "batter": 0,
                "extras": 1,
                "total": 1
              }
            },
            {
              "batter": "DCC Borden",
              "bowler": "Mashrafe Mortaza",
              "non_striker": "OL Pitcher",
              "runs": {
                "batter": 0,
                "extras": 0,
                "total": 0
              }
            },
            {
              "batter": "DCC Borden",
              "bowler": "Mashrafe Mortaza",
              "non_striker": "OL Pitcher",
              "runs": {
                "batter": 0,
                "extras": 0,
                "total": 0
              }
            },
            {
              "batter": "DCC Borden",
              "bowler": "Mashrafe Mortaza",
              "non_striker": "OL Pitcher",
              "runs": {
                "batter": 1,
                "extras": 0,
                "total": 1
              }
            }
          ]
        },
        {
          "over": 3,
          "deliveries": [
            {
              "batter": "DCC Borden",
              "bowler": "Syed Rasel",
              "non_striker": "OL Pitcher",
              "runs": {
                "batter": 1,
                "extras": 0,
                "total": 1
              }
            },
            {
              "batter": "OL Pitcher",
              "bowler": "Syed Rasel",
              "non_striker": "DCC Borden",
              "runs": {
                "batter": 0,
                "extras": 0,
                "total": 0
              }
            },
            {
              "batter": "OL Pitcher",
              "bowler": "Syed Rasel",
              "non_striker": "DCC Borden",
              "runs": {
                "batter": 0,
                "extras": 0,
                "total": 0
              }
            },
            {
              "batter": "OL Pitcher",
              "bowler": "Syed Rasel",
              "non_striker": "DCC Borden",
              "runs": {
                "batter": 0,
                "extras": 0,
                "total": 0
              }
            },
            {
              "batter": "OL Pitcher",
              "bowler": "Syed Rasel",
              "extras": {
                "noballs": 1
              },
              "non_striker": "DCC Borden",
              "runs": {
                "batter": 0,
                "extras": 1,
                "total": 1
              }
            },
            {
              "batter": "OL Pitcher",
              "bowler": "Syed Rasel",
              "non_striker": "DCC Borden",
              "runs": {
                "batter": 0,
                "extras": 0,
                "total": 0
              }
            },
            {
              "batter": "OL Pitcher",
              "bowler": "Syed Rasel",
              "non_striker": "DCC Borden",
              "runs": {
                "batter": 0,
                "extras": 0,
                "total": 0
              }
            }
          ]
        },
        {
          "over": 4,
          "deliveries": [
            {
              "batter": "DCC Borden",
              "bowler": "Mashrafe Mortaza",
              "non_striker": "OL Pitcher",
              "runs": {
                "batter": 0,
                "extras": 0,
                "total": 0
              },
              "wickets": [
                {
                  "kind": "caught",
                  "player_out": "DCC Borden",
                  "fielders": [
                    {
                      "name": "Habibul Bashar"
                    }
                  ]
                }
              ]
            },
            {
              "batter": "OL Pitcher",
              "bowler": "Mashrafe Mortaza",
              "non_striker": "DL Hemp",
              "runs": {
                "batter": 0,
                "extras": 0,
                "total": 0
              }
            },
            {
              "batter": "OL Pitcher",
              "bowler": "Mashrafe Mortaza",
              "non_striker": "DL Hemp",
              "runs": {
                "batter": 2,
                "extras": 0,
                "total": 2
              }
            },
            {
              "batter": "OL Pitcher",
              "bowler": "Mashrafe Mortaza",
              "non_striker": "DL Hemp",
              "runs": {
                "batter": 0,
                "extras": 0,
                "total": 0
              }
            },
            {
              "batter": "OL Pitcher",
              "bowler": "Mashrafe Mortaza",
              "non_striker": "DL Hemp",
              "runs": {
                "batter": 0,
                "extras": 0,
                "total": 0
              }
            },
            {
              "batter": "OL Pitcher",
              "bowler": "Mashrafe Mortaza",
              "extras": {
                "noballs": 1
              },
              "non_striker": "DL Hemp",
              "runs": {
                "batter": 0,
                "extras": 1,
                "total": 1
              }
            },
            {
              "batter": "OL Pitcher",
              "bowler": "Mashrafe Mortaza",
              "non_striker": "DL Hemp",
              "runs": {
                "batter": 0,
                "extras": 0,
                "total": 0
              }
            }
          ]
        },
        {
          "over": 5,
          "deliveries": [
            {
              "batter": "DL Hemp",
              "bowler": "Syed Rasel",
              "non_striker": "OL Pitcher",
              "runs": {
                "batter": 0,
                "extras": 0,
                "total": 0
              }
            },
            {
              "batter": "DL Hemp",
              "bowler": "Syed Rasel",
              "non_striker": "OL Pitcher",
              "runs": {
                "batter": 0,
                "extras": 0,
                "total": 0
              }
            },
            {
              "batter": "DL Hemp",
              "bowler": "Syed Rasel",
              "non_striker": "OL Pitcher",
              "runs": {
                "batter": 0,
                "extras": 0,
                "total": 0
              }
            },
            {
              "batter": "DL Hemp",
              "bowler": "Syed Rasel",
              "non_striker": "OL Pitcher",
              "runs": {
                "batter": 0,
                "extras": 0,
                "total": 0
              },
              "wickets": [
                {
                  "kind": "caught",
                  "player_out": "DL Hemp",
                  "fielders": [
                    {
                      "name": "Aftab Ahmed"
                    }
                  ]
                }
              ]
            },
            {
              "batter": "IH Romaine",
              "bowler": "Syed Rasel",
              "non_striker": "OL Pitcher",
              "runs": {
                "batter": 0,
                "extras": 0,
                "total": 0
              }
            },
            {
              "batter": "IH Romaine",
              "bowler": "Syed Rasel",
              "non_striker": "OL Pitcher",
              "runs": {
                "batter": 1,
                "extras": 0,
                "total": 1
              }
            }
          ]
        },
        {
          "over": 6,
          "deliveries": [
            {
              "batter": "IH Romaine",
              "bowler": "Mashrafe Mortaza",
              "non_striker": "OL Pitcher",
              "runs": {
                "batter": 0,
                "extras": 0,
                "total": 0
              }
            },
            {
              "batter": "IH Romaine",
              "bowler": "Mashrafe Mortaza",
              "non_striker": "OL Pitcher",
              "runs": {
                "batter": 0,
                "extras": 0,
                "total": 0
              }
            },
            {
              "batter": "IH Romaine",
              "bowler": "Mashrafe Mortaza",
              "non_striker": "OL Pitcher",
              "runs": {
                "batter": 0,
                "extras": 0,
                "total": 0
              }
            },
            {
              "batter": "IH Romaine",
              "bowler": "Mashrafe Mortaza",
              "extras": {
                "wides": 1
              },
              "non_striker": "OL Pitcher",
              "runs": {
                "batter": 0,
                "extras": 1,
                "total": 1
              }
            },
            {
              "batter": "IH Romaine",
              "bowler": "Mashrafe Mortaza",
              "non_striker": "OL Pitcher",
              "runs": {
                "batter": 0,
                "extras": 0,
                "total": 0
              }
            },
            {
              "batter": "IH Romaine",
              "bowler": "Mashrafe Mortaza",
              "non_striker": "OL Pitcher",
              "runs": {
                "batter": 0,
                "extras": 0,
                "total": 0
              }
            },
            {
              "batter": "IH Romaine",
              "bowler": "Mashrafe Mortaza",
              "non_striker": "OL Pitcher",
              "runs": {
                "batter": 0,
                "extras": 0,
                "total": 0
              }
            }
          ]
        },
        {
          "over": 7,
          "deliveries": [
            {
              "batter": "OL Pitcher",
              "bowler": "Syed Rasel",
              "extras": {
                "wides": 1
              },
              "non_striker": "IH Romaine",
              "runs": {
                "batter": 0,
                "extras": 1,
                "total": 1
              }
            },
            {
              "batter": "OL Pitcher",
              "bowler": "Syed Rasel",
              "non_striker": "IH Romaine",
              "runs": {
                "batter": 0,
                "extras": 0,
                "total": 0
              }
            },
            {
              "batter": "OL Pitcher",
              "bowler": "Syed Rasel",
              "non_striker": "IH Romaine",
              "runs": {
                "batter": 2,
                "extras": 0,
                "total": 2
              }
            },
            {
              "batter": "OL Pitcher",
              "bowler": "Syed Rasel",
              "non_striker": "IH Romaine",
              "runs": {
                "batter": 0,
                "extras": 0,
                "total": 0
              }
            },
            {
              "batter": "OL Pitcher",
              "bowler": "Syed Rasel",
              "non_striker": "IH Romaine",
              "runs": {
                "batter": 1,
                "extras": 0,
                "total": 1
              }
            },
            {
              "batter": "IH Romaine",
              "bowler": "Syed Rasel",
              "non_striker": "OL Pitcher",
              "runs": {
                "batter": 0,
                "extras": 0,
                "total": 0
              }
            },
            {
              "batter": "IH Romaine",
              "bowler": "Syed Rasel",
              "non_striker": "OL Pitcher",
              "runs": {
                "batter": 2,
                "extras": 0,
                "total": 2
              }
            }
          ]
        },
        {
          "over": 8,
          "deliveries": [
            {
              "batter": "OL Pitcher",
              "bowler": "Abdur Razzak",
              "non_striker": "IH Romaine",
              "runs": {
                "batter": 1,
                "extras": 0,
                "total": 1
              }
            },
            {
              "batter": "IH Romaine",
              "bowler": "Abdur Razzak",
              "non_striker": "OL Pitcher",
              "runs": {
                "batter": 0,
                "extras": 0,
                "total": 0
              }
            },
            {
              "batter": "IH Romaine",
              "bowler": "Abdur Razzak",
              "non_striker": "OL Pitcher",
              "runs": {
                "batter": 0,
                "extras": 0,
                "total": 0
              }
            },
            {
              "batter": "IH Romaine",
              "bowler": "Abdur Razzak",
              "non_striker": "OL Pitcher",
              "runs": {
                "batter": 0,
                "extras": 0,
                "total": 0
              }
            },
            {
              "batter": "IH Romaine",
              "bowler": "Abdur Razzak",
              "non_striker": "OL Pitcher",
              "runs": {
                "batter": 0,
                "extras": 0,
                "total": 0
              }
            },
            {
              "batter": "IH Romaine",
              "bowler": "Abdur Razzak",
              "non_striker": "OL Pitcher",
              "runs": {
                "batter": 0,
                "extras": 0,
                "total": 0
              }
            }
          ]
        },
        {
          "over": 9,
          "deliveries": [
            {
              "batter": "OL Pitcher",
              "bowler": "Syed Rasel",
              "non_striker": "IH Romaine",
              "runs": {
                "batter": 0,
                "extras": 0,
                "total": 0
              }
            },
            {
              "batter": "OL Pitcher",
              "bowler": "Syed Rasel",
              "non_striker": "IH Romaine",
              "runs": {
                "batter": 4,
                "extras": 0,
                "total": 4
              }
            },
            {
              "batter": "OL Pitcher",
              "bowler": "Syed Rasel",
              "non_striker": "IH Romaine",
              "runs": {
                "batter": 0,
                "extras": 0,
                "total": 0
              }
            },
            {
              "batter": "OL Pitcher",
              "bowler": "Syed Rasel",
              "extras": {
                "legbyes": 1
              },
              "non_striker": "IH Romaine",
              "runs": {
                "batter": 0,
                "extras": 1,
                "total": 1
              }
            },
            {
              "batter": "IH Romaine",
              "bowler": "Syed Rasel",
              "non_striker": "OL Pitcher",
              "runs": {
                "batter": 0,
                "extras": 0,
                "total": 0
              }
            },
            {
              "batter": "IH Romaine",
              "bowler": "Syed Rasel",
              "non_striker": "OL Pitcher",
              "runs": {
                "batter": 0,
                "extras": 0,
                "total": 0
              }
            }
          ]
        },
        {
          "over": 10,
          "deliveries": [
            {
              "batter": "OL Pitcher",
              "bowler": "Abdur Razzak",
              "non_striker": "IH Romaine",
              "runs": {
                "batter": 0,
                "extras": 0,
                "total": 0
              }
            },
            {
              "batter": "OL Pitcher",
              "bowler": "Abdur Razzak",
              "non_striker": "IH Romaine",
              "runs": {
                "batter": 1,
                "extras": 0,
                "total": 1
              }
            },
            {
              "batter": "IH Romaine",
              "bowler": "Abdur Razzak",
              "non_striker": "OL Pitcher",
              "runs": {
                "batter": 4,
                "extras": 0,
                "total": 4
              }
            },
            {
              "batter": "IH Romaine",
              "bowler": "Abdur Razzak",
              "extras": {
                "wides": 1
              },
              "non_striker": "OL Pitcher",
              "runs": {
                "batter": 0,
                "extras": 1,
                "total": 1
              }
            },
            {
              "batter": "IH Romaine",
              "bowler": "Abdur Razzak",
              "non_striker": "OL Pitcher",
              "runs": {
                "batter": 0,
                "extras": 0,
                "total": 0
              }
            },
            {
              "batter": "IH Romaine",
              "bowler": "Abdur Razzak",
              "non_striker": "OL Pitcher",
              "runs": {
                "batter": 4,
                "extras": 0,
                "total": 4
              }
            },
            {
              "batter": "IH Romaine",
              "bowler": "Abdur Razzak",
              "non_striker": "OL Pitcher",
              "runs": {
                "batter": 0,
                "extras": 0,
                "total": 0
              },
              "wickets": [
                {
                  "kind": "lbw",
                  "player_out": "IH Romaine"
                }
              ]
            }
          ]
        },
        {
          "over": 11,
          "deliveries": [
            {
              "batter": "OL Pitcher",
              "bowler": "Mohammad Rafique",
              "non_striker": "DA Minors",
              "runs": {
                "batter": 0,
                "extras": 0,
                "total": 0
              }
            },
            {
              "batter": "OL Pitcher",
              "bowler": "Mohammad Rafique",
              "non_striker": "DA Minors",
              "runs": {
                "batter": 1,
                "extras": 0,
                "total": 1
              }
            },
            {
              "batter": "DA Minors",
              "bowler": "Mohammad Rafique",
              "non_striker": "OL Pitcher",
              "runs": {
                "batter": 0,
                "extras": 0,
                "total": 0
              }
            },
            {
              "batter": "DA Minors",
              "bowler": "Mohammad Rafique",
              "non_striker": "OL Pitcher",
              "runs": {
                "batter": 0,
                "extras": 0,
                "total": 0
              }
            },
            {
              "batter": "DA Minors",
              "bowler": "Mohammad Rafique",
              "non_striker": "OL Pitcher",
              "runs": {
                "batter": 1,
                "extras": 0,
                "total": 1
              }
            },
            {
              "batter": "OL Pitcher",
              "bowler": "Mohammad Rafique",
              "non_striker": "DA Minors",
              "runs": {
                "batter": 1,
                "extras": 0,
                "total": 1
              }
            }
          ]
        },
        {
          "over": 12,
          "deliveries": [
            {
              "batter": "OL Pitcher",
              "bowler": "Abdur Razzak",
              "non_striker": "DA Minors",
              "runs": {
                "batter": 1,
                "extras": 0,
                "total": 1
              }
            },
            {
              "batter": "DA Minors",
              "bowler": "Abdur Razzak",
              "non_striker": "OL Pitcher",
              "runs": {
                "batter": 1,
                "extras": 0,
                "total": 1
              }
            },
            {
              "batter": "OL Pitcher",
              "bowler": "Abdur Razzak",
              "non_striker": "DA Minors",
              "runs": {
                "batter": 0,
                "extras": 0,
                "total": 0
              }
            },
            {
              "batter": "OL Pitcher",
              "bowler": "Abdur Razzak",
              "non_striker": "DA Minors",
              "runs": {
                "batter": 0,
                "extras": 0,
                "total": 0
              }
            },
            {
              "batter": "OL Pitcher",
              "bowler": "Abdur Razzak",
              "non_striker": "DA Minors",
              "runs": {
                "batter": 0,
                "extras": 0,
                "total": 0
              }
            },
            {
              "batter": "OL Pitcher",
              "bowler": "Abdur Razzak",
              "non_striker": "DA Minors",
              "runs": {
                "batter": 0,
                "extras": 0,
                "total": 0
              }
            }
          ]
        },
        {
          "over": 13,
          "deliveries": [
            {
              "batter": "DA Minors",
              "bowler": "Mohammad Rafique",
              "non_striker": "OL Pitcher",
              "runs": {
                "batter": 2,
                "extras": 0,
                "total": 2
              }
            },
            {
              "batter": "DA Minors",
              "bowler": "Mohammad Rafique",
              "non_striker": "OL Pitcher",
              "runs": {
                "batter": 0,
                "extras": 0,
                "total": 0
              }
            },
            {
              "batter": "DA Minors",
              "bowler": "Mohammad Rafique",
              "non_striker": "OL Pitcher",
              "runs": {
                "batter": 0,
                "extras": 0,
                "total": 0
              }
            },
            {
              "batter": "DA Minors",
              "bowler": "Mohammad Rafique",
              "non_striker": "OL Pitcher",
              "runs": {
                "batter": 1,
                "extras": 0,
                "total": 1
              }
            },
            {
              "batter": "OL Pitcher",
              "bowler": "Mohammad Rafique",
              "non_striker": "DA Minors",
              "runs": {
                "batter": 0,
                "extras": 0,
                "total": 0
              }
            },
            {
              "batter": "OL Pitcher",
              "bowler": "Mohammad Rafique",
              "non_striker": "DA Minors",
              "runs": {
                "batter": 0,
                "extras": 0,
                "total": 0
              }
            }
          ]
        },
        {
          "over": 14,
          "deliveries": [
            {
              "batter": "DA Minors",
              "bowler": "Shakib Al Hasan",
              "non_striker": "OL Pitcher",
              "runs": {
                "batter": 0,
                "extras": 0,
                "total": 0
              }
            },
            {
              "batter": "DA Minors",
              "bowler": "Shakib Al Hasan",
              "non_striker": "OL Pitcher",
              "runs": {
                "batter": 1,
                "extras": 0,
                "total": 1
              }
            },
            {
              "batter": "OL Pitcher",
              "bowler": "Shakib Al Hasan",
              "non_striker": "DA Minors",
              "runs": {
                "batter": 0,
                "extras": 0,
                "total": 0
              }
            },
            {
              "batter": "OL Pitcher",
              "bowler": "Shakib Al Hasan",
              "non_striker": "DA Minors",
              "runs": {
                "batter": 0,
                "extras": 0,
                "total": 0
              }
            },
            {
              "batter": "OL Pitcher",
              "bowler": "Shakib Al Hasan",
              "non_striker": "DA Minors",
              "runs": {
                "batter": 0,
                "extras": 0,
                "total": 0
              }
            },
            {
              "batter": "OL Pitcher",
              "bowler": "Shakib Al Hasan",
              "non_striker": "DA Minors",
              "runs": {
                "batter": 1,
                "extras": 0,
                "total": 1
              }
            }
          ]
        },
        {
          "over": 15,
          "deliveries": [
            {
              "batter": "OL Pitcher",
              "bowler": "Mohammad Rafique",
              "non_striker": "DA Minors",
              "runs": {
                "batter": 0,
                "extras": 0,
                "total": 0
              }
            },
            {
              "batter": "OL Pitcher",
              "bowler": "Mohammad Rafique",
              "non_striker": "DA Minors",
              "runs": {
                "batter": 1,
                "extras": 0,
                "total": 1
              }
            },
            {
              "batter": "DA Minors",
              "bowler": "Mohammad Rafique",
              "non_striker": "OL Pitcher",
              "runs": {
                "batter": 0,
                "extras": 0,
                "total": 0
              }
            },
            {
              "batter": "DA Minors",
              "bowler": "Mohammad Rafique",
              "non_striker": "OL Pitcher",
              "runs": {
                "batter": 1,
                "extras": 0,
                "total": 1
              }
            },
            {
              "batter": "OL Pitcher",
              "bowler": "Mohammad Rafique",
              "non_striker": "DA Minors",
              "runs": {
                "batter": 1,
                "extras": 0,
                "total": 1
              }
            },
            {
              "batter": "DA Minors",
              "bowler": "Mohammad Rafique",
              "non_striker": "OL Pitcher",
              "runs": {
                "batter": 1,
                "extras": 0,
                "total": 1
              }
            }
          ]
        },
        {
          "over": 16,
          "deliveries": [
            {
              "batter": "DA Minors",
              "bowler": "Shakib Al Hasan",
              "non_striker": "OL Pitcher",
              "runs": {
                "batter": 0,
                "extras": 0,
                "total": 0
              }
            },
            {
              "batter": "DA Minors",
              "bowler": "Shakib Al Hasan",
              "non_striker": "OL Pitcher",
              "runs": {
                "batter": 1,
                "extras": 0,
                "total": 1
              }
            },
            {
              "batter": "OL Pitcher",
              "bowler": "Shakib Al Hasan",
              "non_striker": "DA Minors",
              "runs": {
                "batter": 2,
                "extras": 0,
                "total": 2
              }
            },
            {
              "batter": "OL Pitcher",
              "bowler": "Shakib Al Hasan",
              "non_striker": "DA Minors",
              "runs": {
                "batter": 0,
                "extras": 0,
                "total": 0
              },
              "wickets": [
                {
                  "kind": "caught",
                  "player_out": "OL Pitcher",
                  "fielders": [
                    {
                      "name": "Habibul Bashar"
                    }
                  ]
                }
              ]
            },
            {
              "batter": "DA Minors",
              "bowler": "Shakib Al Hasan",
              "extras": {
                "legbyes": 2
              },
              "non_striker": "LOB Cann",
              "runs": {
                "batter": 0,
                "extras": 2,
                "total": 2
              }
            },
            {
              "batter": "DA Minors",
              "bowler": "Shakib Al Hasan",
              "non_striker": "LOB Cann",
              "runs": {
                "batter": 1,
                "extras": 0,
                "total": 1
              }
            }
          ]
        },
        {
          "over": 17,
          "deliveries": [
            {
              "batter": "DA Minors",
              "bowler": "Aftab Ahmed",
              "non_striker": "LOB Cann",
              "runs": {
                "batter": 1,
                "extras": 0,
                "total": 1
              }
            },
            {
              "batter": "LOB Cann",
              "bowler": "Aftab Ahmed",
              "non_striker": "DA Minors",
              "runs": {
                "batter": 0,
                "extras": 0,
                "total": 0
              }
            },
            {
              "batter": "LOB Cann",
              "bowler": "Aftab Ahmed",
              "non_striker": "DA Minors",
              "runs": {
                "batter": 2,
                "extras": 0,
                "total": 2
              }
            },
            {
              "batter": "LOB Cann",
              "bowler": "Aftab Ahmed",
              "non_striker": "DA Minors",
              "runs": {
                "batter": 6,
                "extras": 0,
                "total": 6
              }
            },
            {
              "batter": "LOB Cann",
              "bowler": "Aftab Ahmed",
              "non_striker": "DA Minors",
              "runs": {
                "batter": 4,
                "extras": 0,
                "total": 4
              }
            },
            {
              "batter": "LOB Cann",
              "bowler": "Aftab Ahmed",
              "non_striker": "DA Minors",
              "runs": {
                "batter": 4,
                "extras": 0,
                "total": 4
              }
            }
          ]
        },
        {
          "over": 18,
          "deliveries": [
            {
              "batter": "DA Minors",
              "bowler": "Shakib Al Hasan",
              "non_striker": "LOB Cann",
              "runs": {
                "batter": 1,
                "extras": 0,
                "total": 1
              }
            },
            {
              "batter": "LOB Cann",
              "bowler": "Shakib Al Hasan",
              "non_striker": "DA Minors",
              "runs": {
                "batter": 0,
                "extras": 0,
                "total": 0
              },
              "wickets": [
                {
                  "kind": "bowled",
                  "player_out": "LOB Cann"
                }
              ]
            },
            {
              "batter": "JJ Tucker",
              "bowler": "Shakib Al Hasan",
              "non_striker": "DA Minors",
              "runs": {
                "batter": 1,
                "extras": 0,
                "total": 1
              }
            },
            {
              "batter": "DA Minors",
              "bowler": "Shakib Al Hasan",
              "non_striker": "JJ Tucker",
              "runs": {
                "batter": 2,
                "extras": 0,
                "total": 2
              }
            },
            {
              "batter": "DA Minors",
              "bowler": "Shakib Al Hasan",
              "non_striker": "JJ Tucker",
              "runs": {
                "batter": 1,
                "extras": 0,
                "total": 1
              }
            },
            {
              "batter": "JJ Tucker",
              "bowler": "Shakib Al Hasan",
              "non_striker": "DA Minors",
              "runs": {
                "batter": 1,
                "extras": 0,
                "total": 1
              }
            }
          ]
        },
        {
          "over": 19,
          "deliveries": [
            {
              "batter": "JJ Tucker",
              "bowler": "Mohammad Rafique",
              "non_striker": "DA Minors",
              "runs": {
                "batter": 1,
                "extras": 0,
                "total": 1
              }
            },
            {
              "batter": "DA Minors",
              "bowler": "Mohammad Rafique",
              "non_striker": "JJ Tucker",
              "runs": {
                "batter": 1,
                "extras": 0,
                "total": 1
              }
            },
            {
              "batter": "JJ Tucker",
              "bowler": "Mohammad Rafique",
              "non_striker": "DA Minors",
              "runs": {
                "batter": 2,
                "extras": 0,
                "total": 2
              }
            },
            {
              "batter": "JJ Tucker",
              "bowler": "Mohammad Rafique",
              "non_striker": "DA Minors",
              "runs": {
                "batter": 4,
                "extras": 0,
                "total": 4
              }
            },
            {
              "batter": "JJ Tucker",
              "bowler": "Mohammad Rafique",
              "non_striker": "DA Minors",
              "runs": {
                "batter": 0,
                "extras": 0,
                "total": 0
              },
              "wickets": [
                {
                  "kind": "caught",
                  "player_out": "JJ Tucker",
                  "fielders": [
                    {
                      "name": "Tamim Iqbal"
                    }
                  ]
                }
              ]
            },
            {
              "batter": "KAD Hurdle",
              "bowler": "Mohammad Rafique",
              "non_striker": "DA Minors",
              "runs": {
                "batter": 0,
                "extras": 0,
                "total": 0
              }
            }
          ]
        },
        {
          "over": 20,
          "deliveries": [
            {
              "batter": "DA Minors",
              "bowler": "Abdur Razzak",
              "non_striker": "KAD Hurdle",
              "runs": {
                "batter": 1,
                "extras": 0,
                "total": 1
              }
            },
            {
              "batter": "KAD Hurdle",
              "bowler": "Abdur Razzak",
              "extras": {
                "legbyes": 1
              },
              "non_striker": "DA Minors",
              "runs": {
                "batter": 0,
                "extras": 1,
                "total": 1
              }
            },
            {
              "batter": "DA Minors",
              "bowler": "Abdur Razzak",
              "non_striker": "KAD Hurdle",
              "runs": {
                "batter": 6,
                "extras": 0,
                "total": 6
              }
            },
            {
              "batter": "DA Minors",
              "bowler": "Abdur Razzak",
              "non_striker": "KAD Hurdle",
              "runs": {
                "batter": 0,
                "extras": 0,
                "total": 0
              },
              "wickets": [
                {
                  "kind": "caught",
                  "player_out": "DA Minors",
                  "fielders": [
                    {
                      "name": "Tamim Iqbal"
                    }
                  ]
                }
              ]
            },
            {
              "batter": "KAD Hurdle",
              "bowler": "Abdur Razzak",
              "non_striker": "S Mukuddem",
              "runs": {
                "batter": 0,
                "extras": 0,
                "total": 0
              }
            },
            {
              "batter": "KAD Hurdle",
              "bowler": "Abdur Razzak",
              "non_striker": "S Mukuddem",
              "runs": {
                "batter": 0,
                "extras": 0,
                "total": 0
              },
              "wickets": [
                {
                  "kind": "bowled",
                  "player_out": "KAD Hurdle"
                }
              ]
            }
          ]
        }
      ],
      "powerplays": [
        {
          "from": 0.1,
          "to": 9.6,
          "type": "mandatory"
        },
        {
          "from": 10.1,
          "to": 11.6,
          "type": "fielding"
        }
      ]
    },
    {
      "team": "Bangladesh",
      "overs": [
        {
          "over": 0,
          "deliveries": [
            {
              "batter": "Tamim Iqbal",
              "bowler": "KAD Hurdle",
              "non_striker": "Shahriar Nafees",
              "runs": {
                "batter": 1,
                "extras": 0,
                "total": 1
              }
            },
            {
              "batter": "Shahriar Nafees",
              "bowler": "KAD Hurdle",
              "extras": {
                "wides": 1
              },
              "non_striker": "Tamim Iqbal",
              "runs": {
                "batter": 0,
                "extras": 1,
                "total": 1
              }
            },
            {
              "batter": "Shahriar Nafees",
              "bowler": "KAD Hurdle",
              "non_striker": "Tamim Iqbal",
              "runs": {
                "batter": 0,
                "extras": 0,
                "total": 0
              }
            },
            {
              "batter": "Shahriar Nafees",
              "bowler": "KAD Hurdle",
              "extras": {
                "wides": 1
              },
              "non_striker": "Tamim Iqbal",
              "runs": {
                "batter": 0,
                "extras": 1,
                "total": 1
              }
            },
            {
              "batter": "Shahriar Nafees",
              "bowler": "KAD Hurdle",
              "extras": {
                "wides": 1
              },
              "non_striker": "Tamim Iqbal",
              "runs": {
                "batter": 0,
                "extras": 1,
                "total": 1
              }
            },
            {
              "batter": "Shahriar Nafees",
              "bowler": "KAD Hurdle",
              "extras": {
                "wides": 1
              },
              "non_striker": "Tamim Iqbal",
              "runs": {
                "batter": 0,
                "extras": 1,
                "total": 1
              }
            },
            {
              "batter": "Shahriar Nafees",
              "bowler": "KAD Hurdle",
              "non_striker": "Tamim Iqbal",
              "runs": {
                "batter": 0,
                "extras": 0,
                "total": 0
              }
            },
            {
              "batter": "Shahriar Nafees",
              "bowler": "KAD Hurdle",
              "extras": {
                "noballs": 1
              },
              "non_striker": "Tamim Iqbal",
              "runs": {
                "batter": 0,
                "extras": 1,
                "total": 1
              }
            },
            {
              "batter": "Shahriar Nafees",
              "bowler": "KAD Hurdle",
              "non_striker": "Tamim Iqbal",
              "runs": {
                "batter": 0,
                "extras": 0,
                "total": 0
              }
            },
            {
              "batter": "Shahriar Nafees",
              "bowler": "KAD Hurdle",
              "non_striker": "Tamim Iqbal",
              "runs": {
                "batter": 0,
                "extras": 0,
                "total": 0
              }
            },
            {
              "batter": "Shahriar Nafees",
              "bowler": "KAD Hurdle",
              "non_striker": "Tamim Iqbal",
              "runs": {
                "batter": 0,
                "extras": 0,
                "total": 0
              }
            }
          ]
        },
        {
          "over": 1,
          "deliveries": [
            {
              "batter": "Tamim Iqbal",
              "bowler": "S Mukuddem",
              "non_striker": "Shahriar Nafees",
              "runs": {
                "batter": 0,
                "extras": 0,
                "total": 0
              },
              "wickets": [
                {
                  "kind": "caught",
                  "player_out": "Tamim Iqbal",
                  "fielders": [
                    {
                      "name": "KAD Hurdle"
                    }
                  ]
                }
              ]
            },
            {
              "batter": "Shahriar Nafees",
              "bowler": "S Mukuddem",
              "non_striker": "Aftab Ahmed",
              "runs": {
                "batter": 0,
                "extras": 0,
                "total": 0
              }
            },
            {
              "batter": "Shahriar Nafees",
              "bowler": "S Mukuddem",
              "non_striker": "Aftab Ahmed",
              "runs": {
                "batter": 0,
                "extras": 0,
                "total": 0
              }
            },
            {
              "batter": "Shahriar Nafees",
              "bowler": "S Mukuddem",
              "non_striker": "Aftab Ahmed",
              "runs": {
                "batter": 0,
                "extras": 0,
                "total": 0
              }
            },
            {
              "batter": "Shahriar Nafees",
              "bowler": "S Mukuddem",
              "extras": {
                "wides": 1
              },
              "non_striker": "Aftab Ahmed",
              "runs": {
                "batter": 0,
                "extras": 1,
                "total": 1
              }
            },
            {
              "batter": "Shahriar Nafees",
              "bowler": "S Mukuddem",
              "non_striker": "Aftab Ahmed",
              "runs": {
                "batter": 0,
                "extras": 0,
                "total": 0
              }
            },
            {
              "batter": "Shahriar Nafees",
              "bowler": "S Mukuddem",
              "extras": {
                "wides": 1
              },
              "non_striker": "Aftab Ahmed",
              "runs": {
                "batter": 0,
                "extras": 1,
                "total": 1
              }
            },
            {
              "batter": "Shahriar Nafees",
              "bowler": "S Mukuddem",
              "non_striker": "Aftab Ahmed",
              "runs": {
                "batter": 0,
                "extras": 0,
                "total": 0
              }
            }
          ]
        },
        {
          "over": 2,
          "deliveries": [
            {
              "batter": "Aftab Ahmed",
              "bowler": "KAD Hurdle",
              "non_striker": "Shahriar Nafees",
              "runs": {
                "batter": 0,
                "extras": 0,
                "total": 0
              }
            },
            {
              "batter": "Aftab Ahmed",
              "bowler": "KAD Hurdle",
              "extras": {
                "noballs": 1
              },
              "non_striker": "Shahriar Nafees",
              "runs": {
                "batter": 0,
                "extras": 1,
                "total": 1
              }
            },
            {
              "batter": "Aftab Ahmed",
              "bowler": "KAD Hurdle",
              "non_striker": "Shahriar Nafees",
              "runs": {
                "batter": 0,
                "extras": 0,
                "total": 0
              }
            },
            {
              "batter": "Aftab Ahmed",
              "bowler": "KAD Hurdle",
              "non_striker": "Shahriar Nafees",
              "runs": {
                "batter": 1,
                "extras": 0,
                "total": 1
              }
            },
            {
              "batter": "Shahriar Nafees",
              "bowler": "KAD Hurdle",
              "non_striker": "Aftab Ahmed",
              "runs": {
                "batter": 0,
                "extras": 0,
                "total": 0
              }
            },
            {
              "batter": "Shahriar Nafees",
              "bowler": "KAD Hurdle",
              "extras": {
                "noballs": 1
              },
              "non_striker": "Aftab Ahmed",
              "runs": {
                "batter": 0,
                "extras": 1,
                "total": 1
              }
            },
            {
              "batter": "Shahriar Nafees",
              "bowler": "KAD Hurdle",
              "non_striker": "Aftab Ahmed",
              "runs": {
                "batter": 0,
                "extras": 0,
                "total": 0
              }
            },
            {
              "batter": "Shahriar Nafees",
              "bowler": "KAD Hurdle",
              "non_striker": "Aftab Ahmed",
              "runs": {
                "batter": 6,
                "extras": 0,
                "total": 6
              }
            }
          ]
        },
        {
          "over": 3,
          "deliveries": [
            {
              "batter": "Aftab Ahmed",
              "bowler": "S Mukuddem",
              "non_striker": "Shahriar Nafees",
              "runs": {
                "batter": 0,
                "extras": 0,
                "total": 0
              }
            },
            {
              "batter": "Aftab Ahmed",
              "bowler": "S Mukuddem",
              "non_striker": "Shahriar Nafees",
              "runs": {
                "batter": 1,
                "extras": 0,
                "total": 1
              }
            },
            {
              "batter": "Shahriar Nafees",
              "bowler": "S Mukuddem",
              "non_striker": "Aftab Ahmed",
              "runs": {
                "batter": 1,
                "extras": 0,
                "total": 1
              }
            },
            {
              "batter": "Aftab Ahmed",
              "bowler": "S Mukuddem",
              "non_striker": "Shahriar Nafees",
              "runs": {
                "batter": 4,
                "extras": 0,
                "total": 4
              }
            },
            {
              "batter": "Aftab Ahmed",
              "bowler": "S Mukuddem",
              "non_striker": "Shahriar Nafees",
              "runs": {
                "batter": 0,
                "extras": 0,
                "total": 0
              }
            },
            {
              "batter": "Aftab Ahmed",
              "bowler": "S Mukuddem",
              "non_striker": "Shahriar Nafees",
              "runs": {
                "batter": 0,
                "extras": 0,
                "total": 0
              }
            }
          ]
        },
        {
          "over": 4,
          "deliveries": [
            {
              "batter": "Shahriar Nafees",
              "bowler": "KAD Hurdle",
              "non_striker": "Aftab Ahmed",
              "runs": {
                "batter": 1,
                "extras": 0,
                "total": 1
              }
            },
            {
              "batter": "Aftab Ahmed",
              "bowler": "KAD Hurdle",
              "non_striker": "Shahriar Nafees",
              "runs": {
                "batter": 0,
                "extras": 0,
                "total": 0
              }
            },
            {
              "batter": "Aftab Ahmed",
              "bowler": "KAD Hurdle",
              "non_striker": "Shahriar Nafees",
              "runs": {
                "batter": 1,
                "extras": 0,
                "total": 1
              }
            },
            {
              "batter": "Shahriar Nafees",
              "bowler": "KAD Hurdle",
              "non_striker": "Aftab Ahmed",
              "runs": {
                "batter": 0,
                "extras": 0,
                "total": 0
              }
            },
            {
              "batter": "Shahriar Nafees",
              "bowler": "KAD Hurdle",
              "non_striker": "Aftab Ahmed",
              "runs": {
                "batter": 0,
                "extras": 0,
                "total": 0
              }
            },
            {
              "batter": "Shahriar Nafees",
              "bowler": "KAD Hurdle",
              "extras": {
                "wides": 1
              },
              "non_striker": "Aftab Ahmed",
              "runs": {
                "batter": 0,
                "extras": 1,
                "total": 1
              }
            },
            {
              "batter": "Shahriar Nafees",
              "bowler": "KAD Hurdle",
              "non_striker": "Aftab Ahmed",
              "runs": {
                "batter": 0,
                "extras": 0,
                "total": 0
              }
            }
          ]
        },
        {
          "over": 5,
          "deliveries": [
            {
              "batter": "Aftab Ahmed",
              "bowler": "S Mukuddem",
              "non_striker": "Shahriar Nafees",
              "runs": {
                "batter": 0,
                "extras": 0,
                "total": 0
              }
            },
            {
              "batter": "Aftab Ahmed",
              "bowler": "S Mukuddem",
              "extras": {
                "byes": 4
              },
              "non_striker": "Shahriar Nafees",
              "runs": {
                "batter": 0,
                "extras": 4,
                "total": 4
              }
            },
            {
              "batter": "Aftab Ahmed",
              "bowler": "S Mukuddem",
              "non_striker": "Shahriar Nafees",
              "runs": {
                "batter": 0,
                "extras": 0,
                "total": 0
              },
              "wickets": [
                {
                  "kind": "lbw",
                  "player_out": "Aftab Ahmed"
                }
              ]
            },
            {
              "batter": "Shakib Al Hasan",
              "bowler": "S Mukuddem",
              "non_striker": "Shahriar Nafees",
              "runs": {
                "batter": 0,
                "extras": 0,
                "total": 0
              }
            },
            {
              "batter": "Shakib Al Hasan",
              "bowler": "S Mukuddem",
              "non_striker": "Shahriar Nafees",
              "runs": {
                "batter": 0,
                "extras": 0,
                "total": 0
              }
            },
            {
              "batter": "Shakib Al Hasan",
              "bowler": "S Mukuddem",
              "non_striker": "Shahriar Nafees",
              "runs": {
                "batter": 0,
                "extras": 0,
                "total": 0
              }
            }
          ]
        },
        {
          "over": 6,
          "deliveries": [
            {
              "batter": "Shahriar Nafees",
              "bowler": "KAD Hurdle",
              "non_striker": "Shakib Al Hasan",
              "runs": {
                "batter": 0,
                "extras": 0,
                "total": 0
              }
            },
            {
              "batter": "Shahriar Nafees",
              "bowler": "KAD Hurdle",
              "non_striker": "Shakib Al Hasan",
              "runs": {
                "batter": 0,
                "extras": 0,
                "total": 0
              }
            },
            {
              "batter": "Shahriar Nafees",
              "bowler": "KAD Hurdle",
              "non_striker": "Shakib Al Hasan",
              "runs": {
                "batter": 1,
                "extras": 0,
                "total": 1
              }
            },
            {
              "batter": "Shakib Al Hasan",
              "bowler": "KAD Hurdle",
              "extras": {
                "wides": 1
              },
              "non_striker": "Shahriar Nafees",
              "runs": {
                "batter": 0,
                "extras": 1,
                "total": 1
              }
            },
            {
              "batter": "Shakib Al Hasan",
              "bowler": "KAD Hurdle",
              "extras": {
                "wides": 1
              },
              "non_striker": "Shahriar Nafees",
              "runs": {
                "batter": 0,
                "extras": 1,
                "total": 1
              }
            },
            {
              "batter": "Shakib Al Hasan",
              "bowler": "KAD Hurdle",
              "non_striker": "Shahriar Nafees",
              "runs": {
                "batter": 0,
                "extras": 0,
                "total": 0
              }
            },
            {
              "batter": "Shakib Al Hasan",
              "bowler": "KAD Hurdle",
              "non_striker": "Shahriar Nafees",
              "runs": {
                "batter": 1,
                "extras": 0,
                "total": 1
              }
            },
            {
              "batter": "Shahriar Nafees",
              "bowler": "KAD Hurdle",
              "non_striker": "Shakib Al Hasan",
              "runs": {
                "batter": 3,
                "extras": 0,
                "total": 3
              }
            }
          ]
        },
        {
          "over": 7,
          "deliveries": [
            {
              "batter": "Shahriar Nafees",
              "bowler": "S Mukuddem",
              "non_striker": "Shakib Al Hasan",
              "runs": {
                "batter": 0,
                "extras": 0,
                "total": 0
              },
              "wickets": [
                {
                  "kind": "caught",
                  "player_out": "Shahriar Nafees",
                  "fielders": [
                    {
                      "name": "JJ Tucker"
                    }
                  ]
                }
              ]
            },
            {
              "batter": "Mohammad Ashraful",
              "bowler": "S Mukuddem",
              "non_striker": "Shakib Al Hasan",
              "runs": {
                "batter": 1,
                "extras": 0,
                "total": 1
              }
            },
            {
              "batter": "Shakib Al Hasan",
              "bowler": "S Mukuddem",
              "non_striker": "Mohammad Ashraful",
              "runs": {
                "batter": 1,
                "extras": 0,
                "total": 1
              }
            },
            {
              "batter": "Mohammad Ashraful",
              "bowler": "S Mukuddem",
              "extras": {
                "wides": 1
              },
              "non_striker": "Shakib Al Hasan",
              "runs": {
                "batter": 0,
                "extras": 1,
                "total": 1
              }
            },
            {
              "batter": "Mohammad Ashraful",
              "bowler": "S Mukuddem",
              "extras": {
                "wides": 1
              },
              "non_striker": "Shakib Al Hasan",
              "runs": {
                "batter": 0,
                "extras": 1,
                "total": 1
              }
            },
            {
              "batter": "Mohammad Ashraful",
              "bowler": "S Mukuddem",
              "non_striker": "Shakib Al Hasan",
              "runs": {
                "batter": 1,
                "extras": 0,
                "total": 1
              }
            },
            {
              "batter": "Shakib Al Hasan",
              "bowler": "S Mukuddem",
              "non_striker": "Mohammad Ashraful",
              "runs": {
                "batter": 0,
                "extras": 0,
                "total": 0
              }
            },
            {
              "batter": "Shakib Al Hasan",
              "bowler": "S Mukuddem",
              "non_striker": "Mohammad Ashraful",
              "runs": {
                "batter": 0,
                "extras": 0,
                "total": 0
              }
            }
          ]
        },
        {
          "over": 8,
          "deliveries": [
            {
              "batter": "Mohammad Ashraful",
              "bowler": "JJ Tucker",
              "non_striker": "Shakib Al Hasan",
              "runs": {
                "batter": 1,
                "extras": 0,
                "total": 1
              }
            },
            {
              "batter": "Shakib Al Hasan",
              "bowler": "JJ Tucker",
              "non_striker": "Mohammad Ashraful",
              "runs": {
                "batter": 0,
                "extras": 0,
                "total": 0
              }
            },
            {
              "batter": "Shakib Al Hasan",
              "bowler": "JJ Tucker",
              "non_striker": "Mohammad Ashraful",
              "runs": {
                "batter": 0,
                "extras": 0,
                "total": 0
              }
            },
            {
              "batter": "Shakib Al Hasan",
              "bowler": "JJ Tucker",
              "non_striker": "Mohammad Ashraful",
              "runs": {
                "batter": 1,
                "extras": 0,
                "total": 1
              }
            },
            {
              "batter": "Mohammad Ashraful",
              "bowler": "JJ Tucker",
              "non_striker": "Shakib Al Hasan",
              "runs": {
                "batter": 1,
                "extras": 0,
                "total": 1
              }
            },
            {
              "batter": "Shakib Al Hasan",
              "bowler": "JJ Tucker",
              "non_striker": "Mohammad Ashraful",
              "runs": {
                "batter": 0,
                "extras": 0,
                "total": 0
              }
            }
          ]
        },
        {
          "over": 9,
          "deliveries": [
            {
              "batter": "Mohammad Ashraful",
              "bowler": "S Mukuddem",
              "non_striker": "Shakib Al Hasan",
              "runs": {
                "batter": 0,
                "extras": 0,
                "total": 0
              }
            },
            {
              "batter": "Mohammad Ashraful",
              "bowler": "S Mukuddem",
              "non_striker": "Shakib Al Hasan",
              "runs": {
                "batter": 1,
                "extras": 0,
                "total": 1
              }
            },
            {
              "batter": "Shakib Al Hasan",
              "bowler": "S Mukuddem",
              "non_striker": "Mohammad Ashraful",
              "runs": {
                "batter": 3,
                "extras": 0,
                "total": 3
              }
            },
            {
              "batter": "Mohammad Ashraful",
              "bowler": "S Mukuddem",
              "non_striker": "Shakib Al Hasan",
              "runs": {
                "batter": 1,
                "extras": 0,
                "total": 1
              }
            },
            {
              "batter": "Shakib Al Hasan",
              "bowler": "S Mukuddem",
              "non_striker": "Mohammad Ashraful",
              "runs": {
                "batter": 1,
                "extras": 0,
                "total": 1
              }
            },
            {
              "batter": "Mohammad Ashraful",
              "bowler": "S Mukuddem",
              "non_striker": "Shakib Al Hasan",
              "runs": {
                "batter": 0,
                "extras": 0,
                "total": 0
              }
            }
          ]
        },
        {
          "over": 10,
          "deliveries": [
            {
              "batter": "Shakib Al Hasan",
              "bowler": "JJ Tucker",
              "non_striker": "Mohammad Ashraful",
              "runs": {
                "batter": 1,
                "extras": 0,
                "total": 1
              }
            },
            {
              "batter": "Mohammad Ashraful",
              "bowler": "JJ Tucker",
              "non_striker": "Shakib Al Hasan",
              "runs": {
                "batter": 0,
                "extras": 0,
                "total": 0
              }
            },
            {
              "batter": "Mohammad Ashraful",
              "bowler": "JJ Tucker",
              "non_striker": "Shakib Al Hasan",
              "runs": {
                "batter": 0,
                "extras": 0,
                "total": 0
              }
            },
            {
              "batter": "Mohammad Ashraful",
              "bowler": "JJ Tucker",
              "non_striker": "Shakib Al Hasan",
              "runs": {
                "batter": 2,
                "extras": 0,
                "total": 2
              }
            },
            {
              "batter": "Mohammad Ashraful",
              "bowler": "JJ Tucker",
              "non_striker": "Shakib Al Hasan",
              "runs": {
                "batter": 0,
                "extras": 0,
                "total": 0
              }
            },
            {
              "batter": "Mohammad Ashraful",
              "bowler": "JJ Tucker",
              "non_striker": "Shakib Al Hasan",
              "runs": {
                "batter": 1,
                "extras": 0,
                "total": 1
              }
            }
          ]
        },
        {
          "over": 11,
          "deliveries": [
            {
              "batter": "Mohammad Ashraful",
              "bowler": "RDM Leverock",
              "non_striker": "Shakib Al Hasan",
              "runs": {
                "batter": 0,
                "extras": 0,
                "total": 0
              }
            },
            {
              "batter": "Mohammad Ashraful",
              "bowler": "RDM Leverock",
              "non_striker": "Shakib Al Hasan",
              "runs": {
                "batter": 1,
                "extras": 0,
                "total": 1
              }
            },
            {
              "batter": "Shakib Al Hasan",
              "bowler": "RDM Leverock",
              "non_striker": "Mohammad Ashraful",
              "runs": {
                "batter": 0,
                "extras": 0,
                "total": 0
              }
            },
            {
              "batter": "Shakib Al Hasan",
              "bowler": "RDM Leverock",
              "non_striker": "Mohammad Ashraful",
              "runs": {
                "batter": 2,
                "extras": 0,
                "total": 2
              }
            },
            {
              "batter": "Shakib Al Hasan",
              "bowler": "RDM Leverock",
              "non_striker": "Mohammad Ashraful",
              "runs": {
                "batter": 0,
                "extras": 0,
                "total": 0
              }
            },
            {
              "batter": "Shakib Al Hasan",
              "bowler": "RDM Leverock",
              "non_striker": "Mohammad Ashraful",
              "runs": {
                "batter": 1,
                "extras": 0,
                "total": 1
              }
            }
          ]
        },
        {
          "over": 12,
          "deliveries": [
            {
              "batter": "Shakib Al Hasan",
              "bowler": "JJ Tucker",
              "non_striker": "Mohammad Ashraful",
              "runs": {
                "batter": 0,
                "extras": 0,
                "total": 0
              }
            },
            {
              "batter": "Shakib Al Hasan",
              "bowler": "JJ Tucker",
              "non_striker": "Mohammad Ashraful",
              "runs": {
                "batter": 1,
                "extras": 0,
                "total": 1
              }
            },
            {
              "batter": "Mohammad Ashraful",
              "bowler": "JJ Tucker",
              "non_striker": "Shakib Al Hasan",
              "runs": {
                "batter": 2,
                "extras": 0,
                "total": 2
              }
            },
            {
              "batter": "Mohammad Ashraful",
              "bowler": "JJ Tucker",
              "non_striker": "Shakib Al Hasan",
              "runs": {
                "batter": 0,
                "extras": 0,
                "total": 0
              }
            },
            {
              "batter": "Mohammad Ashraful",
              "bowler": "JJ Tucker",
              "non_striker": "Shakib Al Hasan",
              "runs": {
                "batter": 4,
                "extras": 0,
                "total": 4
              }
            },
            {
              "batter": "Mohammad Ashraful",
              "bowler": "JJ Tucker",
              "non_striker": "Shakib Al Hasan",
              "runs": {
                "batter": 0,
                "extras": 0,
                "total": 0
              }
            }
          ]
        },
        {
          "over": 13,
          "deliveries": [
            {
              "batter": "Shakib Al Hasan",
              "bowler": "RDM Leverock",
              "non_striker": "Mohammad Ashraful",
              "runs": {
                "batter": 0,
                "extras": 0,
                "total": 0
              }
            },
            {
              "batter": "Shakib Al Hasan",
              "bowler": "RDM Leverock",
              "non_striker": "Mohammad Ashraful",
              "runs": {
                "batter": 0,
                "extras": 0,
                "total": 0
              }
            },
            {
              "batter": "Shakib Al Hasan",
              "bowler": "RDM Leverock",
              "non_striker": "Mohammad Ashraful",
              "runs": {
                "batter": 1,
                "extras": 0,
                "total": 1
              }
            },
            {
              "batter": "Mohammad Ashraful",
              "bowler": "RDM Leverock",
              "non_striker": "Shakib Al Hasan",
              "runs": {
                "batter": 0,
                "extras": 0,
                "total": 0
              }
            },
            {
              "batter": "Mohammad Ashraful",
              "bowler": "RDM Leverock",
              "non_striker": "Shakib Al Hasan",
              "runs": {
                "batter": 4,
                "extras": 0,
                "total": 4
              }
            },
            {
              "batter": "Mohammad Ashraful",
              "bowler": "RDM Leverock",
              "non_striker": "Shakib Al Hasan",
              "runs": {
                "batter": 2,
                "extras": 0,
                "total": 2
              }
            }
          ]
        },
        {
          "over": 14,
          "deliveries": [
            {
              "batter": "Shakib Al Hasan",
              "bowler": "DCC Borden",
              "non_striker": "Mohammad Ashraful",
              "runs": {
                "batter": 0,
                "extras": 0,
                "total": 0
              }
            },
            {
              "batter": "Shakib Al Hasan",
              "bowler": "DCC Borden",
              "non_striker": "Mohammad Ashraful",
              "runs": {
                "batter": 4,
                "extras": 0,
                "total": 4
              }
            },
            {
              "batter": "Shakib Al Hasan",
              "bowler": "DCC Borden",
              "non_striker": "Mohammad Ashraful",
              "runs": {
                "batter": 0,
                "extras": 0,
                "total": 0
              }
            },
            {
              "batter": "Shakib Al Hasan",
              "bowler": "DCC Borden",
              "non_striker": "Mohammad Ashraful",
              "runs": {
                "batter": 1,
                "extras": 0,
                "total": 1
              }
            },
            {
              "batter": "Mohammad Ashraful",
              "bowler": "DCC Borden",
              "extras": {
                "wides": 2
              },
              "non_striker": "Shakib Al Hasan",
              "runs": {
                "batter": 0,
                "extras": 2,
                "total": 2
              }
            },
            {
              "batter": "Shakib Al Hasan",
              "bowler": "DCC Borden",
              "non_striker": "Mohammad Ashraful",
              "runs": {
                "batter": 1,
                "extras": 0,
                "total": 1
              }
            },
            {
              "batter": "Mohammad Ashraful",
              "bowler": "DCC Borden",
              "non_striker": "Shakib Al Hasan",
              "runs": {
                "batter": 1,
                "extras": 0,
                "total": 1
              }
            }
          ]
        },
        {
          "over": 15,
          "deliveries": [
            {
              "batter": "Mohammad Ashraful",
              "bowler": "RDM Leverock",
              "non_striker": "Shakib Al Hasan",
              "runs": {
                "batter": 0,
                "extras": 0,
                "total": 0
              }
            },
            {
              "batter": "Mohammad Ashraful",
              "bowler": "RDM Leverock",
              "non_striker": "Shakib Al Hasan",
              "runs": {
                "batter": 1,
                "extras": 0,
                "total": 1
              }
            },
            {
              "batter": "Shakib Al Hasan",
              "bowler": "RDM Leverock",
              "non_striker": "Mohammad Ashraful",
              "runs": {
                "batter": 0,
                "extras": 0,
                "total": 0
              }
            },
            {
              "batter": "Shakib Al Hasan",
              "bowler": "RDM Leverock",
              "non_striker": "Mohammad Ashraful",
              "runs": {
                "batter": 1,
                "extras": 0,
                "total": 1
              }
            },
            {
              "batter": "Mohammad Ashraful",
              "bowler": "RDM Leverock",
              "non_striker": "Shakib Al Hasan",
              "runs": {
                "batter": 0,
                "extras": 0,
                "total": 0
              }
            },
            {
              "batter": "Mohammad Ashraful",
              "bowler": "RDM Leverock",
              "non_striker": "Shakib Al Hasan",
              "runs": {
                "batter": 1,
                "extras": 0,
                "total": 1
              }
            }
          ]
        },
        {
          "over": 16,
          "deliveries": [
            {
              "batter": "Mohammad Ashraful",
              "bowler": "DCC Borden",
              "non_striker": "Shakib Al Hasan",
              "runs": {
                "batter": 1,
                "extras": 0,
                "total": 1
              }
            },
            {
              "batter": "Shakib Al Hasan",
              "bowler": "DCC Borden",
              "non_striker": "Mohammad Ashraful",
              "runs": {
                "batter": 1,
                "extras": 0,
                "total": 1
              }
            },
            {
              "batter": "Mohammad Ashraful",
              "bowler": "DCC Borden",
              "non_striker": "Shakib Al Hasan",
              "runs": {
                "batter": 1,
                "extras": 0,
                "total": 1
              }
            },
            {
              "batter": "Shakib Al Hasan",
              "bowler": "DCC Borden",
              "non_striker": "Mohammad Ashraful",
              "runs": {
                "batter": 0,
                "extras": 0,
                "total": 0
              }
            },
            {
              "batter": "Shakib Al Hasan",
              "bowler": "DCC Borden",
              "non_striker": "Mohammad Ashraful",
              "runs": {
                "batter": 1,
                "extras": 0,
                "total": 1
              }
            },
            {
              "batter": "Mohammad Ashraful",
              "bowler": "DCC Borden",
              "extras": {
                "wides": 1
              },
              "non_striker": "Shakib Al Hasan",
              "runs": {
                "batter": 0,
                "extras": 1,
                "total": 1
              }
            },
            {
              "batter": "Mohammad Ashraful",
              "bowler": "DCC Borden",
              "non_striker": "Shakib Al Hasan",
              "runs": {
                "batter": 1,
                "extras": 0,
                "total": 1
              }
            }
          ]
        },
        {
          "over": 17,
          "deliveries": [
            {
              "batter": "Mohammad Ashraful",
              "bowler": "RDM Leverock",
              "non_striker": "Shakib Al Hasan",
              "runs": {
                "batter": 0,
                "extras": 0,
                "total": 0
              }
            },
            {
              "batter": "Mohammad Ashraful",
              "bowler": "RDM Leverock",
              "non_striker": "Shakib Al Hasan",
              "runs": {
                "batter": 1,
                "extras": 0,
                "total": 1
              }
            },
            {
              "batter": "Shakib Al Hasan",
              "bowler": "RDM Leverock",
              "non_striker": "Mohammad Ashraful",
              "runs": {
                "batter": 4,
                "extras": 0,
                "total": 4
              }
            }
          ]
        }
      ],
      "powerplays": [
        {
          "from": 0.1,
          "to": 7.8,
          "type": "mandatory"
        }
      ],
      "target": {
        "overs": 21,
        "runs": 96
      }
    }
  ]
}