{
  "meta": {
    "data_version": "1.1.0",
    "created": "2023-01-15",
    "revision": 1
  },
  "info": {
    "balls_per_over": 6,
    "city": "Bloemfontein",
    "dates": [
      "2003-02-22"
    ],
    "event": {
      "name": "ICC World Cup",
      "match_number": 22,
      "group": "B"
    },
    "gender": "male",
    "match_type": "ODI",
    "match_type_number": 1961,
    "officials": {
      "match_referees": [
        "CH Lloyd"
      ],
      "tv_umpires": [
        "TH Wijewardene"
      ],
      "umpires": [
        "BF Bowden",
        "S Venkataraghavan"
      ]
    },
    "outcome": {
      "winner": "South Africa",
      "by": {
        "wickets": 10
      }
    },
    "overs": 50,
    "player_of_match": [
      "M Ntini"
    ],
    "players": {
      "Bangladesh": [
        "Al Sahariar",
        "Ehsanul Haque",
        "Mohammad Ashraful",
        "Sanwar Hossain",
        "Alok Kapali",
        "Tushar Imran",
        "Khaled Mashud",
        "Khaled Mahmud",
        "Mohammad Rafique",
        "Manjural Islam",
        "Talha Jubair"
      ],
      "South Africa": [
        "HH Gibbs",
        "G Kirsten",
        "JH Kallis",
        "HH Dippenaar",
        "AJ Hall",
        "L Klusener",
        "MV Boucher",
        "SM Pollock",
        "RJ Peterson",
        "M Ntini",
        "M Zondeki"
      ]
    },
    "registry": {
      "people": {
        "AJ Hall": "6b0c3a20",
        "Al Sahariar": "fdd414ab",
        "Alok Kapali": "54279e23",
        "BF Bowden": "efc0a862",
        "CH Lloyd": "5b445db0",
        "Ehsanul Haque": "688b2d58",
        "G Kirsten": "ad48eb56",
        "HH Dippenaar": "98ecf62a",
        "HH Gibbs": "e1d1b294",
        "JH Kallis": "86dc8f2e",
        "Khaled Mahmud": "0c8a1d51",
        "Khaled Mashud": "ade071c5",
        "L Klusener": "c0790f82",
        "M Ntini": "20a941bb",
        "M Zondeki": "9b75e4f1",
        "MV Boucher": "f3cb53a1",
        "Manjural Islam": "2cfa6534",
        "Mohammad Ashraful": "2bb09eb2",
        "Mohammad Rafique": "7ff3fcaa",
        "RJ Peterson": "26ff4c29",
        "S Venkataraghavan": "12453319",
        "SM Pollock": "88fccd6c",
        "Sanwar Hossain": "2cccba8f",
        "TH Wijewardene": "6a6be119",
        "Talha Jubair": "0e9af639",
        "Tushar Imran": "b58af144"
      }
    },
    "season": "2002/03",
    "team_type": "international",
    "teams": [
      "Bangladesh",
      "South Africa"
    ],
    "toss": {
      "decision": "field",
      "winner": "South Africa"
    },
    "venue": "Goodyear Park, Bloemfontein"
  },
  "innings": [
    {
      "team": "Bangladesh",
      "overs": [
        {
          "over": 0,
          "deliveries": [
            {
              "batter": "Al Sahariar",
              "bowler": "SM Pollock",
              "non_striker": "Ehsanul Haque",
              "runs": {
                "batter": 0,
                "extras": 0,
                "total": 0
              }
            },
            {
              "batter": "Al Sahariar",
              "bowler": "SM Pollock",
              "non_striker": "Ehsanul Haque",
              "runs": {
                "batter": 0,
                "extras": 0,
                "total": 0
              }
            },
            {
              "batter": "Al Sahariar",
              "bowler": "SM Pollock",
              "non_striker": "Ehsanul Haque",
              "runs": {
                "batter": 0,
                "extras": 0,
                "total": 0
              }
            },
            {
              "batter": "Al Sahariar",
              "bowler": "SM Pollock",
              "non_striker": "Ehsanul Haque",
              "runs": {
                "batter": 0,
                "extras": 0,
                "total": 0
              }
            },
            {
              "batter": "Al Sahariar",
              "bowler": "SM Pollock",
              "extras": {
                "noballs": 1
              },
              "non_striker": "Ehsanul Haque",
              "runs": {
                "batter": 0,
                "extras": 1,
                "total": 1
              }
            },
            {
              "batter": "Al Sahariar",
              "bowler": "SM Pollock",
              "non_striker": "Ehsanul Haque",
              "runs": {
                "batter": 0,
                "extras": 0,
                "total": 0
              }
            },
            {
              "batter": "Al Sahariar",
              "bowler": "SM Pollock",
              "non_striker": "Ehsanul Haque",
              "runs": {
                "batter": 0,
                "extras": 0,
                "total": 0
              }
            }
          ]
        },
        {
          "over": 1,
          "deliveries": [
            {
              "batter": "Ehsanul Haque",
              "bowler": "M Ntini",
              "non_striker": "Al Sahariar",
              "runs": {
                "batter": 0,
                "extras": 0,
                "total": 0
              }
            },
            {
              "batter": "Ehsanul Haque",
              "bowler": "M Ntini",
              "non_striker": "Al Sahariar",
              "runs": {
                "batter": 0,
                "extras": 0,
                "total": 0
              }
            },
            {
              "batter": "Ehsanul Haque",
              "bowler": "M Ntini",
              "non_striker": "Al Sahariar",
              "runs": {
                "batter": 0,
                "extras": 0,
                "total": 0
              }
            },
            {
              "batter": "Ehsanul Haque",
              "bowler": "M Ntini",
              "extras": {
                "legbyes": 1
              },
              "non_striker": "Al Sahariar",
              "runs": {
                "batter": 0,
                "extras": 1,
                "total": 1
              }
            },
            {
              "batter": "Al Sahariar",
              "bowler": "M Ntini",
              "extras": {
                "legbyes": 1
              },
              "non_striker": "Ehsanul Haque",
              "runs": {
                "batter": 0,
                "extras": 1,
                "total": 1
              }
            },
            {
              "batter": "Ehsanul Haque",
              "bowler": "M Ntini",
              "non_striker": "Al Sahariar",
              "runs": {
                "batter": 0,
                "extras": 0,
                "total": 0
              }
            }
          ]
        },
        {
          "over": 2,
          "deliveries": [
            {
              "batter": "Al Sahariar",
              "bowler": "SM Pollock",
              "non_striker": "Ehsanul Haque",
              "runs": {
                "batter": 0,
                "extras": 0,
                "total": 0
              }
            },
            {
              "batter": "Al Sahariar",
              "bowler": "SM Pollock",
              "non_striker": "Ehsanul Haque",
              "runs": {
                "batter": 0,
                "extras": 0,
                "total": 0
              }
            },
            {
              "batter": "Al Sahariar",
              "bowler": "SM Pollock",
              "non_striker": "Ehsanul Haque",
              "runs": {
                "batter": 0,
                "extras": 0,
                "total": 0
              }
            },
            {
              "batter": "Al Sahariar",
              "bowler": "SM Pollock",
              "non_striker": "Ehsanul Haque",
              "runs": {
                "batter": 0,
                "extras": 0,
                "total": 0
              },
              "wickets": [
                {
                  "player_out": "Al Sahariar",
                  "fielders": [
                    {
                      "name": "RJ Peterson"
                    }
                  ],
                  "kind": "caught"
                }
              ]
            },
            {
              "batter": "Ehsanul Haque",
              "bowler": "SM Pollock",
              "extras": {
                "legbyes": 1
              },
              "non_striker": "Mohammad Ashraful",
              "runs": {
                "batter": 0,
                "extras": 1,
                "total": 1
              }
            },
            {
              "batter": "Mohammad Ashraful",
              "bowler": "SM Pollock",
              "non_striker": "Ehsanul Haque",
              "runs": {
                "batter": 0,
                "extras": 0,
                "total": 0
              }
            }
          ]
        },
        {
          "over": 3,
          "deliveries": [
            {
              "batter": "Ehsanul Haque",
              "bowler": "M Ntini",
              "non_striker": "Mohammad Ashraful",
              "runs": {
                "batter": 0,
                "extras": 0,
                "total": 0
              }
            },
            {
              "batter": "Ehsanul Haque",
              "bowler": "M Ntini",
              "non_striker": "Mohammad Ashraful",
              "runs": {
                "batter": 0,
                "extras": 0,
                "total": 0
              }
            },
            {
              "batter": "Ehsanul Haque",
              "bowler": "M Ntini",
              "non_striker": "Mohammad Ashraful",
              "runs": {
                "batter": 0,
                "extras": 0,
                "total": 0
              }
            },
            {
              "batter": "Ehsanul Haque",
              "bowler": "M Ntini",
              "non_striker": "Mohammad Ashraful",
              "runs": {
                "batter": 0,
                "extras": 0,
                "total": 0
              }
            },
            {
              "batter": "Ehsanul Haque",
              "bowler": "M Ntini",
              "non_striker": "Mohammad Ashraful",
              "runs": {
                "batter": 1,
                "extras": 0,
                "total": 1
              }
            },
            {
              "batter": "Mohammad Ashraful",
              "bowler": "M Ntini",
              "non_striker": "Ehsanul Haque",
              "runs": {
                "batter": 0,
                "extras": 0,
                "total": 0
              }
            }
          ]
        },
        {
          "over": 4,
          "deliveries": [
            {
              "batter": "Ehsanul Haque",
              "bowler": "SM Pollock",
              "non_striker": "Mohammad Ashraful",
              "runs": {
                "batter": 0,
                "extras": 0,
                "total": 0
              }
            },
            {
              "batter": "Ehsanul Haque",
              "bowler": "SM Pollock",
              "non_striker": "Mohammad Ashraful",
              "runs": {
                "batter": 0,
                "extras": 0,
                "total": 0
              }
            },
            {
              "batter": "Ehsanul Haque",
              "bowler": "SM Pollock",
              "non_striker": "Mohammad Ashraful",
              "runs": {
                "batter": 0,
                "extras": 0,
                "total": 0
              }
            },
            {
              "batter": "Ehsanul Haque",
              "bowler": "SM Pollock",
              "non_striker": "Mohammad Ashraful",
              "runs": {
                "batter": 0,
                "extras": 0,
                "total": 0
              }
            },
            {
              "batter": "Ehsanul Haque",
              "bowler": "SM Pollock",
              "non_striker": "Mohammad Ashraful",
              "runs": {
                "batter": 0,
                "extras": 0,
                "total": 0
              }
            },
            {
              "batter": "Ehsanul Haque",
              "bowler": "SM Pollock",
              "non_striker": "Mohammad Ashraful",
              "runs": {
                "batter": 0,
                "extras": 0,
                "total": 0
              }
            }
          ]
        },
        {
          "over": 5,
          "deliveries": [
            {
              "batter": "Mohammad Ashraful",
              "bowler": "M Ntini",
              "non_striker": "Ehsanul Haque",
              "runs": {
                "batter": 0,
                "extras": 0,
                "total": 0
              }
            },
            {
              "batter": "Mohammad Ashraful",
              "bowler": "M Ntini",
              "non_striker": "Ehsanul Haque",
              "runs": {
                "batter": 0,
                "extras": 0,
                "total": 0
              }
            },
            {
              "batter": "Mohammad Ashraful",
              "bowler": "M Ntini",
              "non_striker": "Ehsanul Haque",
              "runs": {
                "batter": 0,
                "extras": 0,
                "total": 0
              }
            },
            {
              "batter": "Mohammad Ashraful",
              "bowler": "M Ntini",
              "extras": {
                "noballs": 1
              },
              "non_striker": "Ehsanul Haque",
              "runs": {
                "batter": 2,
                "extras": 1,
                "total": 3
              }
            },
            {
              "batter": "Mohammad Ashraful",
              "bowler": "M Ntini",
              "non_striker": "Ehsanul Haque",
              "runs": {
                "batter": 0,
                "extras": 0,
                "total": 0
              }
            },
            {
              "batter": "Mohammad Ashraful",
              "bowler": "M Ntini",
              "non_striker": "Ehsanul Haque",
              "runs": {
                "batter": 4,
                "extras": 0,
                "total": 4
              }
            },
            {
              "batter": "Mohammad Ashraful",
              "bowler": "M Ntini",
              "non_striker": "Ehsanul Haque",
              "runs": {
                "batter": 0,
                "extras": 0,
                "total": 0
              }
            }
          ]
        },
        {
          "over": 6,
          "deliveries": [
            {
              "batter": "Ehsanul Haque",
              "bowler": "SM Pollock",
              "non_striker": "Mohammad Ashraful",
              "runs": {
                "batter": 0,
                "extras": 0,
                "total": 0
              }
            },
            {
              "batter": "Ehsanul Haque",
              "bowler": "SM Pollock",
              "non_striker": "Mohammad Ashraful",
              "runs": {
                "batter": 0,
                "extras": 0,
                "total": 0
              }
            },
            {
              "batter": "Ehsanul Haque",
              "bowler": "SM Pollock",
              "extras": {
                "noballs": 1
              },
              "non_striker": "Mohammad Ashraful",
              "runs": {
                "batter": 0,
                "extras": 1,
                "total": 1
              }
            },
            {
              "batter": "Ehsanul Haque",
              "bowler": "SM Pollock",
              "extras": {
                "noballs": 1
              },
              "non_striker": "Mohammad Ashraful",
              "runs": {
                "batter": 0,
                "extras": 1,
                "total": 1
              }
            },
            {
              "batter": "Ehsanul Haque",
              "bowler": "SM Pollock",
              "non_striker": "Mohammad Ashraful",
              "runs": {
                "batter": 0,
                "extras": 0,
                "total": 0
              }
            },
            {
              "batter": "Ehsanul Haque",
              "bowler": "SM Pollock",
              "non_striker": "Mohammad Ashraful",
              "runs": {
                "batter": 0,
                "extras": 0,
                "total": 0
              }
            },
            {
              "batter": "Ehsanul Haque",
              "bowler": "SM Pollock",
              "non_striker": "Mohammad Ashraful",
              "runs": {
                "batter": 0,
                "extras": 0,
                "total": 0
              }
            },
            {
              "batter": "Ehsanul Haque",
              "bowler": "SM Pollock",
              "non_striker": "Mohammad Ashraful",
              "runs": {
                "batter": 0,
                "extras": 0,
                "total": 0
              }
            }
          ]
        },
        {
          "over": 7,
          "deliveries": [
            {
              "batter": "Mohammad Ashraful",
              "bowler": "M Ntini",
              "non_striker": "Ehsanul Haque",
              "runs": {
                "batter": 0,
                "extras": 0,
                "total": 0
              },
              "wickets": [
                {
                  "player_out": "Mohammad Ashraful",
                  "fielders": [
                    {
                      "name": "MV Boucher"
                    }
                  ],
                  "kind": "caught"
                }
              ]
            },
            {
              "batter": "Sanwar Hossain",
              "bowler": "M Ntini",
              "non_striker": "Ehsanul Haque",
              "runs": {
                "batter": 0,
                "extras": 0,
                "total": 0
              }
            },
            {
              "batter": "Sanwar Hossain",
              "bowler": "M Ntini",
              "extras": {
                "noballs": 1
              },
              "non_striker": "Ehsanul Haque",
              "runs": {
                "batter": 1,
                "extras": 1,
                "total": 2
              }
            },
            {
              "batter": "Ehsanul Haque",
              "bowler": "M Ntini",
              "non_striker": "Sanwar Hossain",
              "runs": {
                "batter": 1,
                "extras": 0,
                "total": 1
              }
            },
            {
              "batter": "Sanwar Hossain",
              "bowler": "M Ntini",
              "non_striker": "Ehsanul Haque",
              "runs": {
                "batter": 2,
                "extras": 0,
                "total": 2
              }
            },
            {
              "batter": "Sanwar Hossain",
              "bowler": "M Ntini",
              "non_striker": "Ehsanul Haque",
              "runs": {
                "batter": 0,
                "extras": 0,
                "total": 0
              }
            },
            {
              "batter": "Sanwar Hossain",
              "bowler": "M Ntini",
              "non_striker": "Ehsanul Haque",
              "runs": {
                "batter": 0,
                "extras": 0,
                "total": 0
              }
            }
          ]
        },
        {
          "over": 8,
          "deliveries": [
            {
              "batter": "Ehsanul Haque",
              "bowler": "SM Pollock",
              "non_striker": "Sanwar Hossain",
              "runs": {
                "batter": 1,
                "extras": 0,
                "total": 1
              }
            },
            {
              "batter": "Sanwar Hossain",
              "bowler": "SM Pollock",
              "non_striker": "Ehsanul Haque",
              "runs": {
                "batter": 1,
                "extras": 0,
                "total": 1
              }
            },
            {
              "batter": "Ehsanul Haque",
              "bowler": "SM Pollock",
              "non_striker": "Sanwar Hossain",
              "runs": {
                "batter": 0,
                "extras": 0,
                "total": 0
              }
            },
            {
              "batter": "Ehsanul Haque",
              "bowler": "SM Pollock",
              "non_striker": "Sanwar Hossain",
              "runs": {
                "batter": 0,
                "extras": 0,
                "total": 0
              }
            },
            {
              "batter": "Ehsanul Haque",
              "bowler": "SM Pollock",
              "non_striker": "Sanwar Hossain",
              "runs": {
                "batter": 0,
                "extras": 0,
                "total": 0
              },
              "wickets": [
                {
                  "player_out": "Ehsanul Haque",
                  "fielders": [
                    {
                      "name": "M Zondeki"
                    }
                  ],
                  "kind": "caught"
                }
              ]
            },
            {
              "batter": "Alok Kapali",
              "bowler": "SM Pollock",
              "non_striker": "Sanwar Hossain",
              "runs": {
                "batter": 0,
                "extras": 0,
                "total": 0
              }
            }
          ]
        },
        {
          "over": 9,
          "deliveries": [
            {
              "batter": "Sanwar Hossain",
              "bowler": "M Ntini",
              "non_striker": "Alok Kapali",
              "runs": {
                "batter": 0,
                "extras": 0,
                "total": 0
              }
            },
            {
              "batter": "Sanwar Hossain",
              "bowler": "M Ntini",
              "non_striker": "Alok Kapali",
              "runs": {
                "batter": 4,
                "extras": 0,
                "total": 4
              }
            },
            {
              "batter": "Sanwar Hossain",
              "bowler": "M Ntini",
              "non_striker": "Alok Kapali",
              "runs": {
                "batter": 1,
                "extras": 0,
                "total": 1
              }
            },
            {
              "batter": "Alok Kapali",
              "bowler": "M Ntini",
              "non_striker": "Sanwar Hossain",
              "runs": {
                "batter": 0,
                "extras": 0,
                "total": 0
              }
            },
            {
              "batter": "Alok Kapali",
              "bowler": "M Ntini",
              "non_striker": "Sanwar Hossain",
              "runs": {
                "batter": 0,
                "extras": 0,
                "total": 0
              }
            },
            {
              "batter": "Alok Kapali",
              "bowler": "M Ntini",
              "non_striker": "Sanwar Hossain",
              "runs": {
                "batter": 0,
                "extras": 0,
                "total": 0
              }
            }
          ]
        },
        {
          "over": 10,
          "deliveries": [
            {
              "batter": "Sanwar Hossain",
              "bowler": "SM Pollock",
              "non_striker": "Alok Kapali",
              "runs": {
                "batter": 0,
                "extras": 0,
                "total": 0
              }
            },
            {
              "batter": "Sanwar Hossain",
              "bowler": "SM Pollock",
              "non_striker": "Alok Kapali",
              "runs": {
                "batter": 1,
                "extras": 0,
                "total": 1
              }
            },
            {
              "batter": "Alok Kapali",
              "bowler": "SM Pollock",
              "non_striker": "Sanwar Hossain",
              "runs": {
                "batter": 0,
                "extras": 0,
                "total": 0
              }
            },
            {
              "batter": "Alok Kapali",
              "bowler": "SM Pollock",
              "non_striker": "Sanwar Hossain",
              "runs": {
                "batter": 0,
                "extras": 0,
                "total": 0
              }
            },
            {
              "batter": "Alok Kapali",
              "bowler": "SM Pollock",
              "non_striker": "Sanwar Hossain",
              "runs": {
                "batter": 0,
                "extras": 0,
                "total": 0
              }
            },
            {
              "batter": "Alok Kapali",
              "bowler": "SM Pollock",
              "non_striker": "Sanwar Hossain",
              "runs": {
                "batter": 2,
                "extras": 0,
                "total": 2
              }
            }
          ]
        },
        {
          "over": 11,
          "deliveries": [
            {
              "batter": "Sanwar Hossain",
              "bowler": "M Zondeki",
              "non_striker": "Alok Kapali",
              "runs": {
                "batter": 1,
                "extras": 0,
                "total": 1
              }
            },
            {
              "batter": "Alok Kapali",
              "bowler": "M Zondeki",
              "non_striker": "Sanwar Hossain",
              "runs": {
                "batter": 0,
                "extras": 0,
                "total": 0
              }
            },
            {
              "batter": "Alok Kapali",
              "bowler": "M Zondeki",
              "extras": {
                "wides": 1
              },
              "non_striker": "Sanwar Hossain",
              "runs": {
                "batter": 0,
                "extras": 1,
                "total": 1
              }
            },
            {
              "batter": "Alok Kapali",
              "bowler": "M Zondeki",
              "non_striker": "Sanwar Hossain",
              "runs": {
                "batter": 0,
                "extras": 0,
                "total": 0
              }
            },
            {
              "batter": "Alok Kapali",
              "bowler": "M Zondeki",
              "extras": {
                "wides": 1
              },
              "non_striker": "Sanwar Hossain",
              "runs": {
                "batter": 0,
                "extras": 1,
                "total": 1
              }
            },
            {
              "batter": "Alok Kapali",
              "bowler": "M Zondeki",
              "non_striker": "Sanwar Hossain",
              "runs": {
                "batter": 0,
                "extras": 0,
                "total": 0
              }
            },
            {
              "batter": "Alok Kapali",
              "bowler": "M Zondeki",
              "extras": {
                "wides": 1
              },
              "non_striker": "Sanwar Hossain",
              "runs": {
                "batter": 0,
                "extras": 1,
                "total": 1
              }
            },
            {
              "batter": "Alok Kapali",
              "bowler": "M Zondeki",
              "non_striker": "Sanwar Hossain",
              "runs": {
                "batter": 0,
                "extras": 0,
                "total": 0
              }
            },
            {
              "batter": "Alok Kapali",
              "bowler": "M Zondeki",
              "non_striker": "Sanwar Hossain",
              "runs": {
                "batter": 0,
                "extras": 0,
                "total": 0
              }
            }
          ]
        },
        {
          "over": 12,
          "deliveries": [
            {
              "batter": "Sanwar Hossain",
              "bowler": "AJ Hall",
              "non_striker": "Alok Kapali",
              "runs": {
                "batter": 0,
                "extras": 0,
                "total": 0
              }
            },
            {
              "batter": "Sanwar Hossain",
              "bowler": "AJ Hall",
              "non_striker": "Alok Kapali",
              "runs": {
                "batter": 0,
                "extras": 0,
                "total": 0
              },
              "wickets": [
                {
                  "player_out": "Sanwar Hossain",
                  "fielders": [
                    {
                      "name": "JH Kallis"
                    }
                  ],
                  "kind": "caught"
                }
              ]
            },
            {
              "batter": "Tushar Imran",
              "bowler": "AJ Hall",
              "non_striker": "Alok Kapali",
              "runs": {
                "batter": 0,
                "extras": 0,
                "total": 0
              }
            },
            {
              "batter": "Tushar Imran",
              "bowler": "AJ Hall",
              "non_striker": "Alok Kapali",
              "runs": {
                "batter": 0,
                "extras": 0,
                "total": 0
              }
            },
            {
              "batter": "Tushar Imran",
              "bowler": "AJ Hall",
              "non_striker": "Alok Kapali",
              "runs": {
                "batter": 0,
                "extras": 0,
                "total": 0
              }
            },
            {
              "batter": "Tushar Imran",
              "bowler": "AJ Hall",
              "non_striker": "Alok Kapali",
              "runs": {
                "batter": 0,
                "extras": 0,
                "total": 0
              }
            }
          ]
        },
        {
          "over": 13,
          "deliveries": [
            {
              "batter": "Alok Kapali",
              "bowler": "M Zondeki",
              "non_striker": "Tushar Imran",
              "runs": {
                "batter": 0,
                "extras": 0,
                "total": 0
              }
            },
            {
              "batter": "Alok Kapali",
              "bowler": "M Zondeki",
              "non_striker": "Tushar Imran",
              "runs": {
                "batter": 0,
                "extras": 0,
                "total": 0
              },
              "wickets": [
                {
                  "player_out": "Alok Kapali",
                  "fielders": [
                    {
                      "name": "HH Dippenaar"
                    }
                  ],
                  "kind": "caught"
                }
              ]
            },
            {
              "batter": "Khaled Mashud",
              "bowler": "M Zondeki",
              "non_striker": "Tushar Imran",
              "runs": {
                "batter": 0,
                "extras": 0,
                "total": 0
              }
            },
            {
              "batter": "Khaled Mashud",
              "bowler": "M Zondeki",
              "non_striker": "Tushar Imran",
              "runs": {
                "batter": 0,
                "extras": 0,
                "total": 0
              }
            },
            {
              "batter": "Khaled Mashud",
              "bowler": "M Zondeki",
              "non_striker": "Tushar Imran",
              "runs": {
                "batter": 0,
                "extras": 0,
                "total": 0
              }
            },
            {
              "batter": "Khaled Mashud",
              "bowler": "M Zondeki",
              "non_striker": "Tushar Imran",
              "runs": {
                "batter": 0,
                "extras": 0,
                "total": 0
              }
            }
          ]
        },
        {
          "over": 14,
          "deliveries": [
            {
              "batter": "Tushar Imran",
              "bowler": "AJ Hall",
              "non_striker": "Khaled Mashud",
              "runs": {
                "batter": 0,
                "extras": 0,
                "total": 0
              }
            },
            {
              "batter": "Tushar Imran",
              "bowler": "AJ Hall",
              "extras": {
                "wides": 1
              },
              "non_striker": "Khaled Mashud",
              "runs": {
                "batter": 0,
                "extras": 1,
                "total": 1
              }
            },
            {
              "batter": "Tushar Imran",
              "bowler": "AJ Hall",
              "non_striker": "Khaled Mashud",
              "runs": {
                "batter": 0,
                "extras": 0,
                "total": 0
              }
            },
            {
              "batter": "Tushar Imran",
              "bowler": "AJ Hall",
              "extras": {
                "wides": 1
              },
              "non_striker": "Khaled Mashud",
              "runs": {
                "batter": 0,
                "extras": 1,
                "total": 1
              }
            },
            {
              "batter": "Tushar Imran",
              "bowler": "AJ Hall",
              "non_striker": "Khaled Mashud",
              "runs": {
                "batter": 0,
                "extras": 0,
                "total": 0
              }
            },
            {
              "batter": "Tushar Imran",
              "bowler": "AJ Hall",
              "non_striker": "Khaled Mashud",
              "runs": {
                "batter": 0,
                "extras": 0,
                "total": 0
              }
            },
            {
              "batter": "Tushar Imran",
              "bowler": "AJ Hall",
              "non_striker": "Khaled Mashud",
              "runs": {
                "batter": 0,
                "extras": 0,
                "total": 0
              }
            },
            {
              "batter": "Tushar Imran",
              "bowler": "AJ Hall",
              "extras": {
                "noballs": 1
              },
              "non_striker": "Khaled Mashud",
              "runs": {
                "batter": 0,
                "extras": 1,
                "total": 1
              }
            },
            {
              "batter": "Tushar Imran",
              "bowler": "AJ Hall",
              "non_striker": "Khaled Mashud",
              "runs": {
                "batter": 0,
                "extras": 0,
                "total": 0
              }
            }
          ]
        },
        {
          "over": 15,
          "deliveries": [
            {
              "batter": "Khaled Mashud",
              "bowler": "M Zondeki",
              "non_striker": "Tushar Imran",
              "runs": {
                "batter": 0,
                "extras": 0,
                "total": 0
              }
            },
            {
              "batter": "Khaled Mashud",
              "bowler": "M Zondeki",
              "non_striker": "Tushar Imran",
              "runs": {
                "batter": 0,
                "extras": 0,
                "total": 0
              }
            },
            {
              "batter": "Khaled Mashud",
              "bowler": "M Zondeki",
              "non_striker": "Tushar Imran",
              "runs": {
                "batter": 0,
                "extras": 0,
                "total": 0
              }
            },
            {
              "batter": "Khaled Mashud",
              "bowler": "M Zondeki",
              "extras": {
                "wides": 1
              },
              "non_striker": "Tushar Imran",
              "runs": {
                "batter": 0,
                "extras": 1,
                "total": 1
              }
            },
            {
              "batter": "Khaled Mashud",
              "bowler": "M Zondeki",
              "non_striker": "Tushar Imran",
              "runs": {
                "batter": 1,
                "extras": 0,
                "total": 1
              }
            },
            {
              "batter": "Tushar Imran",
              "bowler": "M Zondeki",
              "non_striker": "Khaled Mashud",
              "runs": {
                "batter": 0,
                "extras": 0,
                "total": 0
              }
            },
            {
              "batter": "Tushar Imran",
              "bowler": "M Zondeki",
              "non_striker": "Khaled Mashud",
              "runs": {
                "batter": 0,
                "extras": 0,
                "total": 0
              }
            }
          ]
        },
        {
          "over": 16,
          "deliveries": [
            {
              "batter": "Khaled Mashud",
              "bowler": "AJ Hall",
              "non_striker": "Tushar Imran",
              "runs": {
                "batter": 4,
                "extras": 0,
                "total": 4
              }
            },
            {
              "batter": "Khaled Mashud",
              "bowler": "AJ Hall",
              "non_striker": "Tushar Imran",
              "runs": {
                "batter": 0,
                "extras": 0,
                "total": 0
              }
            },
            {
              "batter": "Khaled Mashud",
              "bowler": "AJ Hall",
              "non_striker": "Tushar Imran",
              "runs": {
                "batter": 0,
                "extras": 0,
                "total": 0
              }
            },
            {
              "batter": "Khaled Mashud",
              "bowler": "AJ Hall",
              "non_striker": "Tushar Imran",
              "runs": {
                "batter": 0,
                "extras": 0,
                "total": 0
              }
            },
            {
              "batter": "Khaled Mashud",
              "bowler": "AJ Hall",
              "non_striker": "Tushar Imran",
              "runs": {
                "batter": 0,
                "extras": 0,
                "total": 0
              }
            },
            {
              "batter": "Khaled Mashud",
              "bowler": "AJ Hall",
              "non_striker": "Tushar Imran",
              "runs": {
                "batter": 1,
                "extras": 0,
                "total": 1
              }
            }
          ]
        },
        {
          "over": 17,
          "deliveries": [
            {
              "batter": "Khaled Mashud",
              "bowler": "M Zondeki",
              "non_striker": "Tushar Imran",
              "runs": {
                "batter": 2,
                "extras": 0,
                "total": 2
              }
            },
            {
              "batter": "Khaled Mashud",
              "bowler": "M Zondeki",
              "non_striker": "Tushar Imran",
              "runs": {
                "batter": 0,
                "extras": 0,
                "total": 0
              }
            },
            {
              "batter": "Khaled Mashud",
              "bowler": "M Zondeki",
              "non_striker": "Tushar Imran",
              "runs": {
                "batter": 0,
                "extras": 0,
                "total": 0
              }
            },
            {
              "batter": "Khaled Mashud",
              "bowler": "M Zondeki",
              "non_striker": "Tushar Imran",
              "runs": {
                "batter": 1,
                "extras": 0,
                "total": 1
              }
            },
            {
              "batter": "Tushar Imran",
              "bowler": "M Zondeki",
              "non_striker": "Khaled Mashud",
              "runs": {
                "batter": 0,
                "extras": 0,
                "total": 0
              }
            },
            {
              "batter": "Tushar Imran",
              "bowler": "M Zondeki",
              "non_striker": "Khaled Mashud",
              "runs": {
                "batter": 1,
                "extras": 0,
                "total": 1
              }
            }
          ]
        },
        {
          "over": 18,
          "deliveries": [
            {
              "batter": "Tushar Imran",
              "bowler": "AJ Hall",
              "non_striker": "Khaled Mashud",
              "runs": {
                "batter": 1,
                "extras": 0,
                "total": 1
              }
            },
            {
              "batter": "Khaled Mashud",
              "bowler": "AJ Hall",
              "extras": {
                "wides": 1
              },
              "non_striker": "Tushar Imran",
              "runs": {
                "batter": 0,
                "extras": 1,
                "total": 1
              }
            },
            {
              "batter": "Khaled Mashud",
              "bowler": "AJ Hall",
              "non_striker": "Tushar Imran",
              "runs": {
                "batter": 0,
                "extras": 0,
                "total": 0
              }
            },
            {
              "batter": "Khaled Mashud",
              "bowler": "AJ Hall",
              "non_striker": "Tushar Imran",
              "runs": {
                "batter": 0,
                "extras": 0,
                "total": 0
              }
            },
            {
              "batter": "Khaled Mashud",
              "bowler": "AJ Hall",
              "non_striker": "Tushar Imran",
              "runs": {
                "batter": 0,
                "extras": 0,
                "total": 0
              }
            },
            {
              "batter": "Khaled Mashud",
              "bowler": "AJ Hall",
              "non_striker": "Tushar Imran",
              "runs": {
                "batter": 0,
                "extras": 0,
                "total": 0
              }
            },
            {
              "batter": "Khaled Mashud",
              "bowler": "AJ Hall",
              "non_striker": "Tushar Imran",
              "runs": {
                "batter": 0,
                "extras": 0,
                "total": 0
              }
            }
          ]
        },
        {
          "over": 19,
          "deliveries": [
            {
              "batter": "Tushar Imran",
              "bowler": "M Zondeki",
              "non_striker": "Khaled Mashud",
              "runs": {
                "batter": 0,
                "extras": 0,
                "total": 0
              }
            },
            {
              "batter": "Tushar Imran",
              "bowler": "M Zondeki",
              "non_striker": "Khaled Mashud",
              "runs": {
                "batter": 2,
                "extras": 0,
                "total": 2
              }
            },
            {
              "batter": "Tushar Imran",
              "bowler": "M Zondeki",
              "non_striker": "Khaled Mashud",
              "runs": {
                "batter": 0,
                "extras": 0,
                "total": 0
              }
            },
            {
              "batter": "Tushar Imran",
              "bowler": "M Zondeki",
              "non_striker": "Khaled Mashud",
              "runs": {
                "batter": 2,
                "extras": 0,
                "total": 2
              }
            },
            {
              "batter": "Tushar Imran",
              "bowler": "M Zondeki",
              "non_striker": "Khaled Mashud",
              "runs": {
                "batter": 2,
                "extras": 0,
                "total": 2
              }
            },
            {
              "batter": "Tushar Imran",
              "bowler": "M Zondeki",
              "non_striker": "Khaled Mashud",
              "runs": {
                "batter": 1,
                "extras": 0,
                "total": 1
              }
            }
          ]
        },
        {
          "over": 20,
          "deliveries": [
            {
              "batter": "Tushar Imran",
              "bowler": "AJ Hall",
              "non_striker": "Khaled Mashud",
              "runs": {
                "batter": 0,
                "extras": 0,
                "total": 0
              }
            },
            {
              "batter": "Tushar Imran",
              "bowler": "AJ Hall",
              "non_striker": "Khaled Mashud",
              "runs": {
                "batter": 0,
                "extras": 0,
                "total": 0
              },
              "wickets": [
                {
                  "player_out": "Tushar Imran",
                  "fielders": [
                    {
                      "name": "HH Dippenaar"
                    }
                  ],
                  "kind": "caught"
                }
              ]
            },
            {
              "batter": "Khaled Mahmud",
              "bowler": "AJ Hall",
              "non_striker": "Khaled Mashud",
              "runs": {
                "batter": 0,
                "extras": 0,
                "total": 0
              }
            },
            {
              "batter": "Khaled Mahmud",
              "bowler": "AJ Hall",
              "non_striker": "Khaled Mashud",
              "runs": {
                "batter": 0,
                "extras": 0,
                "total": 0
              }
            },
            {
              "batter": "Khaled Mahmud",
              "bowler": "AJ Hall",
              "non_striker": "Khaled Mashud",
              "runs": {
                "batter": 0,
                "extras": 0,
                "total": 0
              }
            },
            {
              "batter": "Khaled Mahmud",
              "bowler": "AJ Hall",
              "non_striker": "Khaled Mashud",
              "runs": {
                "batter": 0,
                "extras": 0,
                "total": 0
              }
            }
          ]
        },
        {
          "over": 21,
          "deliveries": [
            {
              "batter": "Khaled Mashud",
              "bowler": "JH Kallis",
              "non_striker": "Khaled Mahmud",
              "runs": {
                "batter": 1,
                "extras": 0,
                "total": 1
              }
            },
            {
              "batter": "Khaled Mahmud",
              "bowler": "JH Kallis",
              "extras": {
                "noballs": 1
              },
              "non_striker": "Khaled Mashud",
              "runs": {
                "batter": 2,
                "extras": 1,
                "total": 3
              }
            },
            {
              "batter": "Khaled Mahmud",
              "bowler": "JH Kallis",
              "non_striker": "Khaled Mashud",
              "runs": {
                "batter": 1,
                "extras": 0,
                "total": 1
              }
            },
            {
              "batter": "Khaled Mashud",
              "bowler": "JH Kallis",
              "non_striker": "Khaled Mahmud",
              "runs": {
                "batter": 0,
                "extras": 0,
                "total": 0
              }
            },
            {
              "batter": "Khaled Mashud",
              "bowler": "JH Kallis",
              "non_striker": "Khaled Mahmud",
              "runs": {
                "batter": 0,
                "extras": 0,
                "total": 0
              }
            },
            {
              "batter": "Khaled Mashud",
              "bowler": "JH Kallis",
              "non_striker": "Khaled Mahmud",
              "runs": {
                "batter": 0,
                "extras": 0,
                "total": 0
              }
            },
            {
              "batter": "Khaled Mashud",
              "bowler": "JH Kallis",
              "non_striker": "Khaled Mahmud",
              "runs": {
                "batter": 0,
                "extras": 0,
                "total": 0
              }
            }
          ]
        },
        {
          "over": 22,
          "deliveries": [
            {
              "batter": "Khaled Mahmud",
              "bowler": "AJ Hall",
              "extras": {
                "legbyes": 1
              },
              "non_striker": "Khaled Mashud",
              "runs": {
                "batter": 0,
                "extras": 1,
                "total": 1
              }
            },
            {
              "batter": "Khaled Mashud",
              "bowler": "AJ Hall",
              "non_striker": "Khaled Mahmud",
              "runs": {
                "batter": 0,
                "extras": 0,
                "total": 0
              }
            },
            {
              "batter": "Khaled Mashud",
              "bowler": "AJ Hall",
              "non_striker": "Khaled Mahmud",
              "runs": {
                "batter": 0,
                "extras": 0,
                "total": 0
              }
            },
            {
              "batter": "Khaled Mashud",
              "bowler": "AJ Hall",
              "extras": {
                "noballs": 1
              },
              "non_striker": "Khaled Mahmud",
              "runs": {
                "batter": 0,
                "extras": 1,
                "total": 1
              }
            },
            {
              "batter": "Khaled Mashud",
              "bowler": "AJ Hall",
              "non_striker": "Khaled Mahmud",
              "runs": {
                "batter": 0,
                "extras": 0,
                "total": 0
              }
            },
            {
              "batter": "Khaled Mashud",
              "bowler": "AJ Hall",
              "non_striker": "Khaled Mahmud",
              "runs": {
                "batter": 4,
                "extras": 0,
                "total": 4
              }
            },
            {
              "batter": "Khaled Mashud",
              "bowler": "AJ Hall",
              "non_striker": "Khaled Mahmud",
              "runs": {
                "batter": 0,
                "extras": 0,
                "total": 0
              }
            }
          ]
        },
        {
          "over": 23,
          "deliveries": [
            {
              "batter": "Khaled Mahmud",
              "bowler": "JH Kallis",
              "non_striker": "Khaled Mashud",
              "runs": {
                "batter": 1,
                "extras": 0,
                "total": 1
              }
            },
            {
              "batter": "Khaled Mashud",
              "bowler": "JH Kallis",
              "non_striker": "Khaled Mahmud",
              "runs": {
                "batter": 0,
                "extras": 0,
                "total": 0
              }
            },
            {
              "batter": "Khaled Mashud",
              "bowler": "JH Kallis",
              "non_striker": "Khaled Mahmud",
              "runs": {
                "batter": 0,
                "extras": 0,
                "total": 0
              }
            },
            {
              "batter": "Khaled Mashud",
              "bowler": "JH Kallis",
              "non_striker": "Khaled Mahmud",
              "runs": {
                "batter": 0,
                "extras": 0,
                "total": 0
              }
            },
            {
              "batter": "Khaled Mashud",
              "bowler": "JH Kallis",
              "non_striker": "Khaled Mahmud",
              "runs": {
                "batter": 1,
                "extras": 0,
                "total": 1
              }
            },
            {
              "batter": "Khaled Mahmud",
              "bowler": "JH Kallis",
              "non_striker": "Khaled Mashud",
              "runs": {
                "batter": 0,
                "extras": 0,
                "total": 0
              }
            }
          ]
        },
        {
          "over": 24,
          "deliveries": [
            {
              "batter": "Khaled Mashud",
              "bowler": "RJ Peterson",
              "non_striker": "Khaled Mahmud",
              "runs": {
                "batter": 0,
                "extras": 0,
                "total": 0
              }
            },
            {
              "batter": "Khaled Mashud",
              "bowler": "RJ Peterson",
              "non_striker": "Khaled Mahmud",
              "runs": {
                "batter": 0,
                "extras": 0,
                "total": 0
              }
            },
            {
              "batter": "Khaled Mashud",
              "bowler": "RJ Peterson",
              "non_striker": "Khaled Mahmud",
              "runs": {
                "batter": 0,
                "extras": 0,
                "total": 0
              }
            },
            {
              "batter": "Khaled Mashud",
              "bowler": "RJ Peterson",
              "non_striker": "Khaled Mahmud",
              "runs": {
                "batter": 1,
                "extras": 0,
                "total": 1
              }
            },
            {
              "batter": "Khaled Mahmud",
              "bowler": "RJ Peterson",
              "non_striker": "Khaled Mashud",
              "runs": {
                "batter": 0,
                "extras": 0,
                "total": 0
              }
            },
            {
              "batter": "Khaled Mahmud",
              "bowler": "RJ Peterson",
              "non_striker": "Khaled Mashud",
              "runs": {
                "batter": 0,
                "extras": 0,
                "total": 0
              }
            }
          ]
        },
        {
          "over": 25,
          "deliveries": [
            {
              "batter": "Khaled Mashud",
              "bowler": "JH Kallis",
              "non_striker": "Khaled Mahmud",
              "runs": {
                "batter": 0,
                "extras": 0,
                "total": 0
              }
            },
            {
              "batter": "Khaled Mashud",
              "bowler": "JH Kallis",
              "non_striker": "Khaled Mahmud",
              "runs": {
                "batter": 4,
                "extras": 0,
                "total": 4
              }
            },
            {
              "batter": "Khaled Mashud",
              "bowler": "JH Kallis",
              "non_striker": "Khaled Mahmud",
              "runs": {
                "batter": 1,
                "extras": 0,
                "total": 1
              }
            },
            {
              "batter": "Khaled Mahmud",
              "bowler": "JH Kallis",
              "non_striker": "Khaled Mashud",
              "runs": {
                "batter": 0,
                "extras": 0,
                "total": 0
              }
            },
            {
              "batter": "Khaled Mahmud",
              "bowler": "JH Kallis",
              "non_striker": "Khaled Mashud",
              "runs": {
                "batter": 0,
                "extras": 0,
                "total": 0
              }
            },
            {
              "batter": "Khaled Mahmud",
              "bowler": "JH Kallis",
              "non_striker": "Khaled Mashud",
              "runs": {
                "batter": 0,
                "extras": 0,
                "total": 0
              }
            }
          ]
        },
        {
          "over": 26,
          "deliveries": [
            {
              "batter": "Khaled Mashud",
              "bowler": "RJ Peterson",
              "non_striker": "Khaled Mahmud",
              "runs": {
                "batter": 1,
                "extras": 0,
                "total": 1
              }
            },
            {
              "batter": "Khaled Mahmud",
              "bowler": "RJ Peterson",
              "non_striker": "Khaled Mashud",
              "runs": {
                "batter": 1,
                "extras": 0,
                "total": 1
              }
            },
            {
              "batter": "Khaled Mashud",
              "bowler": "RJ Peterson",
              "non_striker": "Khaled Mahmud",
              "runs": {
                "batter": 0,
                "extras": 0,
                "total": 0
              }
            },
            {
              "batter": "Khaled Mashud",
              "bowler": "RJ Peterson",
              "non_striker": "Khaled Mahmud",
              "runs": {
                "batter": 0,
                "extras": 0,
                "total": 0
              }
            },
            {
              "batter": "Khaled Mashud",
              "bowler": "RJ Peterson",
              "non_striker": "Khaled Mahmud",
              "runs": {
                "batter": 0,
                "extras": 0,
                "total": 0
              }
            },
            {
              "batter": "Khaled Mashud",
              "bowler": "RJ Peterson",
              "non_striker": "Khaled Mahmud",
              "runs": {
                "batter": 0,
                "extras": 0,
                "total": 0
              }
            }
          ]
        },
        {
          "over": 27,
          "deliveries": [
            {
              "batter": "Khaled Mahmud",
              "bowler": "JH Kallis",
              "non_striker": "Khaled Mashud",
              "runs": {
                "batter": 0,
                "extras": 0,
                "total": 0
              }
            },
            {
              "batter": "Khaled Mahmud",
              "bowler": "JH Kallis",
              "non_striker": "Khaled Mashud",
              "runs": {
                "batter": 0,
                "extras": 0,
                "total": 0
              }
            },
            {
              "batter": "Khaled Mahmud",
              "bowler": "JH Kallis",
              "non_striker": "Khaled Mashud",
              "runs": {
                "batter": 0,
                "extras": 0,
                "total": 0
              }
            },
            {
              "batter": "Khaled Mahmud",
              "bowler": "JH Kallis",
              "non_striker": "Khaled Mashud",
              "runs": {
                "batter": 1,
                "extras": 0,
                "total": 1
              }
            },
            {
              "batter": "Khaled Mashud",
              "bowler": "JH Kallis",
              "non_striker": "Khaled Mahmud",
              "runs": {
                "batter": 1,
                "extras": 0,
                "total": 1
              }
            },
            {
              "batter": "Khaled Mahmud",
              "bowler": "JH Kallis",
              "non_striker": "Khaled Mashud",
              "runs": {
                "batter": 0,
                "extras": 0,
                "total": 0
              }
            }
          ]
        },
        {
          "over": 28,
          "deliveries": [
            {
              "batter": "Khaled Mashud",
              "bowler": "RJ Peterson",
              "non_striker": "Khaled Mahmud",
              "runs": {
                "batter": 0,
                "extras": 0,
                "total": 0
              }
            },
            {
              "batter": "Khaled Mashud",
              "bowler": "RJ Peterson",
              "non_striker": "Khaled Mahmud",
              "runs": {
                "batter": 1,
                "extras": 0,
                "total": 1
              }
            },
            {
              "batter": "Khaled Mahmud",
              "bowler": "RJ Peterson",
              "non_striker": "Khaled Mashud",
              "runs": {
                "batter": 1,
                "extras": 0,
                "total": 1
              }
            },
            {
              "batter": "Khaled Mashud",
              "bowler": "RJ Peterson",
              "non_striker": "Khaled Mahmud",
              "runs": {
                "batter": 0,
                "extras": 0,
                "total": 0
              }
            },
            {
              "batter": "Khaled Mashud",
              "bowler": "RJ Peterson",
              "non_striker": "Khaled Mahmud",
              "runs": {
                "batter": 0,
                "extras": 0,
                "total": 0
              }
            },
            {
              "batter": "Khaled Mashud",
              "bowler": "RJ Peterson",
              "non_striker": "Khaled Mahmud",
              "runs": {
                "batter": 1,
                "extras": 0,
                "total": 1
              }
            }
          ]
        },
        {
          "over": 29,
          "deliveries": [
            {
              "batter": "Khaled Mashud",
              "bowler": "JH Kallis",
              "non_striker": "Khaled Mahmud",
              "runs": {
                "batter": 0,
                "extras": 0,
                "total": 0
              }
            },
            {
              "batter": "Khaled Mashud",
              "bowler": "JH Kallis",
              "non_striker": "Khaled Mahmud",
              "runs": {
                "batter": 0,
                "extras": 0,
                "total": 0
              }
            },
            {
              "batter": "Khaled Mashud",
              "bowler": "JH Kallis",
              "non_striker": "Khaled Mahmud",
              "runs": {
                "batter": 1,
                "extras": 0,
                "total": 1
              }
            },
            {
              "batter": "Khaled Mahmud",
              "bowler": "JH Kallis",
              "non_striker": "Khaled Mashud",
              "runs": {
                "batter": 1,
                "extras": 0,
                "total": 1
              }
            },
            {
              "batter": "Khaled Mashud",
              "bowler": "JH Kallis",
              "non_striker": "Khaled Mahmud",
              "runs": {
                "batter": 1,
                "extras": 0,
                "total": 1
              }
            },
            {
              "batter": "Khaled Mahmud",
              "bowler": "JH Kallis",
              "extras": {
                "wides": 1
              },
              "non_striker": "Khaled Mashud",
              "runs": {
                "batter": 0,
                "extras": 1,
                "total": 1
              }
            },
            {
              "batter": "Khaled Mahmud",
              "bowler": "JH Kallis",
              "non_striker": "Khaled Mashud",
              "runs": {
                "batter": 1,
                "extras": 0,
                "total": 1
              }
            }
          ]
        },
        {
          "over": 30,
          "deliveries": [
            {
              "batter": "Khaled Mahmud",
              "bowler": "RJ Peterson",
              "non_striker": "Khaled Mashud",
              "runs": {
                "batter": 0,
                "extras": 0,
                "total": 0
              }
            },
            {
              "batter": "Khaled Mahmud",
              "bowler": "RJ Peterson",
              "non_striker": "Khaled Mashud",
              "runs": {
                "batter": 1,
                "extras": 0,
                "total": 1
              }
            },
            {
              "batter": "Khaled Mashud",
              "bowler": "RJ Peterson",
              "non_striker": "Khaled Mahmud",
              "runs": {
                "batter": 0,
                "extras": 0,
                "total": 0
              }
            },
            {
              "batter": "Khaled Mashud",
              "bowler": "RJ Peterson",
              "non_striker": "Khaled Mahmud",
              "runs": {
                "batter": 0,
                "extras": 0,
                "total": 0
              }
            },
            {
              "batter": "Khaled Mashud",
              "bowler": "RJ Peterson",
              "non_striker": "Khaled Mahmud",
              "runs": {
                "batter": 1,
                "extras": 0,
                "total": 1
              }
            },
            {
              "batter": "Khaled Mahmud",
              "bowler": "RJ Peterson",
              "non_striker": "Khaled Mashud",
              "runs": {
                "batter": 0,
                "extras": 0,
                "total": 0
              }
            }
          ]
        },
        {
          "over": 31,
          "deliveries": [
            {
              "batter": "Khaled Mashud",
              "bowler": "M Ntini",
              "non_striker": "Khaled Mahmud",
              "runs": {
                "batter": 0,
                "extras": 0,
                "total": 0
              }
            },
            {
              "batter": "Khaled Mashud",
              "bowler": "M Ntini",
              "non_striker": "Khaled Mahmud",
              "runs": {
                "batter": 0,
                "extras": 0,
                "total": 0
              }
            },
            {
              "batter": "Khaled Mashud",
              "bowler": "M Ntini",
              "non_striker": "Khaled Mahmud",
              "runs": {
                "batter": 1,
                "extras": 0,
                "total": 1
              }
            },
            {
              "batter": "Khaled Mahmud",
              "bowler": "M Ntini",
              "non_striker": "Khaled Mashud",
              "runs": {
                "batter": 1,
                "extras": 0,
                "total": 1
              }
            },
            {
              "batter": "Khaled Mashud",
              "bowler": "M Ntini",
              "non_striker": "Khaled Mahmud",
              "runs": {
                "batter": 0,
                "extras": 0,
                "total": 0
              },
              "wickets": [
                {
                  "player_out": "Khaled Mashud",
                  "fielders": [
                    {
                      "name": "MV Boucher"
                    }
                  ],
                  "kind": "caught"
                }
              ]
            },
            {
              "batter": "Mohammad Rafique",
              "bowler": "M Ntini",
              "non_striker": "Khaled Mahmud",
              "runs": {
                "batter": 0,
                "extras": 0,
                "total": 0
              }
            }
          ]
        },
        {
          "over": 32,
          "deliveries": [
            {
              "batter": "Khaled Mahmud",
              "bowler": "RJ Peterson",
              "non_striker": "Mohammad Rafique",
              "runs": {
                "batter": 0,
                "extras": 0,
                "total": 0
              }
            },
            {
              "batter": "Khaled Mahmud",
              "bowler": "RJ Peterson",
              "non_striker": "Mohammad Rafique",
              "runs": {
                "batter": 1,
                "extras": 0,
                "total": 1
              }
            },
            {
              "batter": "Mohammad Rafique",
              "bowler": "RJ Peterson",
              "non_striker": "Khaled Mahmud",
              "runs": {
                "batter": 1,
                "extras": 0,
                "total": 1
              }
            },
            {
              "batter": "Khaled Mahmud",
              "bowler": "RJ Peterson",
              "non_striker": "Mohammad Rafique",
              "runs": {
                "batter": 0,
                "extras": 0,
                "total": 0
              }
            },
            {
              "batter": "Khaled Mahmud",
              "bowler": "RJ Peterson",
              "non_striker": "Mohammad Rafique",
              "runs": {
                "batter": 0,
                "extras": 0,
                "total": 0
              },
              "wickets": [
                {
                  "player_out": "Mohammad Rafique",
                  "fielders": [
                    {
                      "name": "JH Kallis"
                    },
                    {
                      "name": "RJ Peterson"
                    }
                  ],
                  "kind": "run out"
                }
              ]
            },
            {
              "batter": "Khaled Mahmud",
              "bowler": "RJ Peterson",
              "non_striker": "Manjural Islam",
              "runs": {
                "batter": 6,
                "extras": 0,
                "total": 6
              }
            }
          ]
        },
        {
          "over": 33,
          "deliveries": [
            {
              "batter": "Manjural Islam",
              "bowler": "M Ntini",
              "non_striker": "Khaled Mahmud",
              "runs": {
                "batter": 0,
                "extras": 0,
                "total": 0
              }
            },
            {
              "batter": "Manjural Islam",
              "bowler": "M Ntini",
              "non_striker": "Khaled Mahmud",
              "runs": {
                "batter": 0,
                "extras": 0,
                "total": 0
              },
              "wickets": [
                {
                  "player_out": "Manjural Islam",
                  "fielders": [
                    {
                      "name": "HH Dippenaar"
                    }
                  ],
                  "kind": "caught"
                }
              ]
            },
            {
              "batter": "Talha Jubair",
              "bowler": "M Ntini",
              "non_striker": "Khaled Mahmud",
              "runs": {
                "batter": 0,
                "extras": 0,
                "total": 0
              }
            },
            {
              "batter": "Talha Jubair",
              "bowler": "M Ntini",
              "non_striker": "Khaled Mahmud",
              "runs": {
                "batter": 0,
                "extras": 0,
                "total": 0
              }
            },
            {
              "batter": "Talha Jubair",
              "bowler": "M Ntini",
              "non_striker": "Khaled Mahmud",
              "runs": {
                "batter": 0,
                "extras": 0,
                "total": 0
              }
            },
            {
              "batter": "Talha Jubair",
              "bowler": "M Ntini",
              "non_striker": "Khaled Mahmud",
              "runs": {
                "batter": 4,
                "extras": 0,
                "total": 4
              }
            }
          ]
        },
        {
          "over": 34,
          "deliveries": [
            {
              "batter": "Khaled Mahmud",
              "bowler": "RJ Peterson",
              "non_striker": "Talha Jubair",
              "runs": {
                "batter": 4,
                "extras": 0,
                "total": 4
              }
            },
            {
              "batter": "Khaled Mahmud",
              "bowler": "RJ Peterson",
              "non_striker": "Talha Jubair",
              "runs": {
                "batter": 1,
                "extras": 0,
                "total": 1
              }
            },
            {
              "batter": "Talha Jubair",
              "bowler": "RJ Peterson",
              "non_striker": "Khaled Mahmud",
              "runs": {
                "batter": 0,
                "extras": 0,
                "total": 0
              }
            },
            {
              "batter": "Talha Jubair",
              "bowler": "RJ Peterson",
              "non_striker": "Khaled Mahmud",
              "runs": {
                "batter": 0,
                "extras": 0,
                "total": 0
              }
            },
            {
              "batter": "Talha Jubair",
              "bowler": "RJ Peterson",
              "non_striker": "Khaled Mahmud",
              "runs": {
                "batter": 0,
                "extras": 0,
                "total": 0
              }
            },
            {
              "batter": "Talha Jubair",
              "bowler": "RJ Peterson",
              "non_striker": "Khaled Mahmud",
              "runs": {
                "batter": 0,
                "extras": 0,
                "total": 0
              }
            }
          ]
        },
        {
          "over": 35,
          "deliveries": [
            {
              "batter": "Khaled Mahmud",
              "bowler": "M Ntini",
              "non_striker": "Talha Jubair",
              "runs": {
                "batter": 0,
                "extras": 0,
                "total": 0
              },
              "wickets": [
                {
                  "player_out": "Khaled Mahmud",
                  "fielders": [
                    {
                      "name": "L Klusener"
                    }
                  ],
                  "kind": "caught"
                }
              ]
            }
          ]
        }
      ]
    },
    {
      "team": "South Africa",
      "overs": [
        {
          "over": 0,
          "deliveries": [
            {
              "batter": "HH Gibbs",
              "bowler": "Manjural Islam",
              "non_striker": "G Kirsten",
              "runs": {
                "batter": 0,
                "extras": 0,
                "total": 0
              }
            },
            {
              "batter": "HH Gibbs",
              "bowler": "Manjural Islam",
              "non_striker": "G Kirsten",
              "runs": {
                "batter": 0,
                "extras": 0,
                "total": 0
              }
            },
            {
              "batter": "HH Gibbs",
              "bowler": "Manjural Islam",
              "non_striker": "G Kirsten",
              "runs": {
                "batter": 1,
                "extras": 0,
                "total": 1
              }
            },
            {
              "batter": "G Kirsten",
              "bowler": "Manjural Islam",
              "non_striker": "HH Gibbs",
              "runs": {
                "batter": 1,
                "extras": 0,
                "total": 1
              }
            },
            {
              "batter": "HH Gibbs",
              "bowler": "Manjural Islam",
              "non_striker": "G Kirsten",
              "runs": {
                "batter": 0,
                "extras": 0,
                "total": 0
              }
            },
            {
              "batter": "HH Gibbs",
              "bowler": "Manjural Islam",
              "non_striker": "G Kirsten",
              "runs": {
                "batter": 0,
                "extras": 0,
                "total": 0
              }
            }
          ]
        },
        {
          "over": 1,
          "deliveries": [
            {
              "batter": "G Kirsten",
              "bowler": "Talha Jubair",
              "non_striker": "HH Gibbs",
              "runs": {
                "batter": 0,
                "extras": 0,
                "total": 0
              }
            },
            {
              "batter": "G Kirsten",
              "bowler": "Talha Jubair",
              "non_striker": "HH Gibbs",
              "runs": {
                "batter": 0,
                "extras": 0,
                "total": 0
              }
            },
            {
              "batter": "G Kirsten",
              "bowler": "Talha Jubair",
              "extras": {
                "wides": 1
              },
              "non_striker": "HH Gibbs",
              "runs": {
                "batter": 0,
                "extras": 1,
                "total": 1
              }
            },
            {
              "batter": "G Kirsten",
              "bowler": "Talha Jubair",
              "extras": {
                "wides": 1
              },
              "non_striker": "HH Gibbs",
              "runs": {
                "batter": 0,
                "extras": 1,
                "total": 1
              }
            },
            {
              "batter": "G Kirsten",
              "bowler": "Talha Jubair",
              "extras": {
                "wides": 1
              },
              "non_striker": "HH Gibbs",
              "runs": {
                "batter": 0,
                "extras": 1,
                "total": 1
              }
            },
            {
              "batter": "G Kirsten",
              "bowler": "Talha Jubair",
              "non_striker": "HH Gibbs",
              "runs": {
                "batter": 0,
                "extras": 0,
                "total": 0
              }
            },
            {
              "batter": "G Kirsten",
              "bowler": "Talha Jubair",
              "non_striker": "HH Gibbs",
              "runs": {
                "batter": 0,
                "extras": 0,
                "total": 0
              }
            },
            {
              "batter": "G Kirsten",
              "bowler": "Talha Jubair",
              "non_striker": "HH Gibbs",
              "runs": {
                "batter": 4,
                "extras": 0,
                "total": 4
              }
            },
            {
              "batter": "G Kirsten",
              "bowler": "Talha Jubair",
              "non_striker": "HH Gibbs",
              "runs": {
                "batter": 4,
                "extras": 0,
                "total": 4
              }
            }
          ]
        },
        {
          "over": 2,
          "deliveries": [
            {
              "batter": "HH Gibbs",
              "bowler": "Manjural Islam",
              "non_striker": "G Kirsten",
              "runs": {
                "batter": 0,
                "extras": 0,
                "total": 0
              }
            },
            {
              "batter": "HH Gibbs",
              "bowler": "Manjural Islam",
              "non_striker": "G Kirsten",
              "runs": {
                "batter": 0,
                "extras": 0,
                "total": 0
              }
            },
            {
              "batter": "HH Gibbs",
              "bowler": "Manjural Islam",
              "non_striker": "G Kirsten",
              "runs": {
                "batter": 0,
                "extras": 0,
                "total": 0
              }
            },
            {
              "batter": "HH Gibbs",
              "bowler": "Manjural Islam",
              "non_striker": "G Kirsten",
              "runs": {
                "batter": 0,
                "extras": 0,
                "total": 0
              }
            },
            {
              "batter": "HH Gibbs",
              "bowler": "Manjural Islam",
              "non_striker": "G Kirsten",
              "runs": {
                "batter": 4,
                "extras": 0,
                "total": 4
              }
            },
            {
              "batter": "HH Gibbs",
              "bowler": "Manjural Islam",
              "non_striker": "G Kirsten",
              "runs": {
                "batter": 0,
                "extras": 0,
                "total": 0
              }
            }
          ]
        },
        {
          "over": 3,
          "deliveries": [
            {
              "batter": "G Kirsten",
              "bowler": "Talha Jubair",
              "extras": {
                "wides": 1
              },
              "non_striker": "HH Gibbs",
              "runs": {
                "batter": 0,
                "extras": 1,
                "total": 1
              }
            },
            {
              "batter": "G Kirsten",
              "bowler": "Talha Jubair",
              "non_striker": "HH Gibbs",
              "runs": {
                "batter": 0,
                "extras": 0,
                "total": 0
              }
            },
            {
              "batter": "G Kirsten",
              "bowler": "Talha Jubair",
              "non_striker": "HH Gibbs",
              "runs": {
                "batter": 0,
                "extras": 0,
                "total": 0
              }
            },
            {
              "batter": "G Kirsten",
              "bowler": "Talha Jubair",
              "non_striker": "HH Gibbs",
              "runs": {
                "batter": 4,
                "extras": 0,
                "total": 4
              }
            },
            {
              "batter": "G Kirsten",
              "bowler": "Talha Jubair",
              "extras": {
                "wides": 1
              },
              "non_striker": "HH Gibbs",
              "runs": {
                "batter": 0,
                "extras": 1,
                "total": 1
              }
            },
            {
              "batter": "G Kirsten",
              "bowler": "Talha Jubair",
              "extras": {
                "wides": 1
              },
              "non_striker": "HH Gibbs",
              "runs": {
                "batter": 0,
                "extras": 1,
                "total": 1
              }
            },
            {
              "batter": "G Kirsten",
              "bowler": "Talha Jubair",
              "non_striker": "HH Gibbs",
              "runs": {
                "batter": 0,
                "extras": 0,
                "total": 0
              }
            },
            {
              "batter": "G Kirsten",
              "bowler": "Talha Jubair",
              "non_striker": "HH Gibbs",
              "runs": {
                "batter": 4,
                "extras": 0,
                "total": 4
              }
            },
            {
              "batter": "G Kirsten",
              "bowler": "Talha Jubair",
              "non_striker": "HH Gibbs",
              "runs": {
                "batter": 2,
                "extras": 0,
                "total": 2
              }
            }
          ]
        },
        {
          "over": 4,
          "deliveries": [
            {
              "batter": "HH Gibbs",
              "bowler": "Manjural Islam",
              "non_striker": "G Kirsten",
              "runs": {
                "batter": 0,
                "extras": 0,
                "total": 0
              }
            },
            {
              "batter": "HH Gibbs",
              "bowler": "Manjural Islam",
              "non_striker": "G Kirsten",
              "runs": {
                "batter": 4,
                "extras": 0,
                "total": 4
              }
            },
            {
              "batter": "HH Gibbs",
              "bowler": "Manjural Islam",
              "non_striker": "G Kirsten",
              "runs": {
                "batter": 0,
                "extras": 0,
                "total": 0
              }
            },
            {
              "batter": "HH Gibbs",
              "bowler": "Manjural Islam",
              "non_striker": "G Kirsten",
              "runs": {
                "batter": 0,
                "extras": 0,
                "total": 0
              }
            },
            {
              "batter": "HH Gibbs",
              "bowler": "Manjural Islam",
              "non_striker": "G Kirsten",
              "runs": {
                "batter": 4,
                "extras": 0,
                "total": 4
              }
            },
            {
              "batter": "HH Gibbs",
              "bowler": "Manjural Islam",
              "non_striker": "G Kirsten",
              "runs": {
                "batter": 1,
                "extras": 0,
                "total": 1
              }
            }
          ]
        },
        {
          "over": 5,
          "deliveries": [
            {
              "batter": "HH Gibbs",
              "bowler": "Khaled Mahmud",
              "non_striker": "G Kirsten",
              "runs": {
                "batter": 4,
                "extras": 0,
                "total": 4
              }
            },
            {
              "batter": "HH Gibbs",
              "bowler": "Khaled Mahmud",
              "non_striker": "G Kirsten",
              "runs": {
                "batter": 0,
                "extras": 0,
                "total": 0
              }
            },
            {
              "batter": "HH Gibbs",
              "bowler": "Khaled Mahmud",
              "non_striker": "G Kirsten",
              "runs": {
                "batter": 4,
                "extras": 0,
                "total": 4
              }
            },
            {
              "batter": "HH Gibbs",
              "bowler": "Khaled Mahmud",
              "non_striker": "G Kirsten",
              "runs": {
                "batter": 4,
                "extras": 0,
                "total": 4
              }
            },
            {
              "batter": "HH Gibbs",
              "bowler": "Khaled Mahmud",
              "non_striker": "G Kirsten",
              "runs": {
                "batter": 0,
                "extras": 0,
                "total": 0
              }
            },
            {
              "batter": "HH Gibbs",
              "bowler": "Khaled Mahmud",
              "non_striker": "G Kirsten",
              "runs": {
                "batter": 1,
                "extras": 0,
                "total": 1
              }
            }
          ]
        },
        {
          "over": 6,
          "deliveries": [
            {
              "batter": "HH Gibbs",
              "bowler": "Manjural Islam",
              "non_striker": "G Kirsten",
              "runs": {
                "batter": 1,
                "extras": 0,
                "total": 1
              }
            },
            {
              "batter": "G Kirsten",
              "bowler": "Manjural Islam",
              "non_striker": "HH Gibbs",
              "runs": {
                "batter": 2,
                "extras": 0,
                "total": 2
              }
            },
            {
              "batter": "G Kirsten",
              "bowler": "Manjural Islam",
              "non_striker": "HH Gibbs",
              "runs": {
                "batter": 0,
                "extras": 0,
                "total": 0
              }
            },
            {
              "batter": "G Kirsten",
              "bowler": "Manjural Islam",
              "non_striker": "HH Gibbs",
              "runs": {
                "batter": 0,
                "extras": 0,
                "total": 0
              }
            },
            {
              "batter": "G Kirsten",
              "bowler": "Manjural Islam",
              "non_striker": "HH Gibbs",
              "runs": {
                "batter": 4,
                "extras": 0,
                "total": 4
              }
            },
            {
              "batter": "G Kirsten",
              "bowler": "Manjural Islam",
              "non_striker": "HH Gibbs",
              "runs": {
                "batter": 4,
                "extras": 0,
                "total": 4
              }
            }
          ]
        },
        {
          "over": 7,
          "deliveries": [
            {
              "batter": "HH Gibbs",
              "bowler": "Khaled Mahmud",
              "non_striker": "G Kirsten",
              "runs": {
                "batter": 4,
                "extras": 0,
                "total": 4
              }
            },
            {
              "batter": "HH Gibbs",
              "bowler": "Khaled Mahmud",
              "non_striker": "G Kirsten",
              "runs": {
                "batter": 0,
                "extras": 0,
                "total": 0
              }
            },
            {
              "batter": "HH Gibbs",
              "bowler": "Khaled Mahmud",
              "non_striker": "G Kirsten",
              "runs": {
                "batter": 0,
                "extras": 0,
                "total": 0
              }
            },
            {
              "batter": "HH Gibbs",
              "bowler": "Khaled Mahmud",
              "extras": {
                "wides": 1
              },
              "non_striker": "G Kirsten",
              "runs": {
                "batter": 0,
                "extras": 1,
                "total": 1
              }
            },
            {
              "batter": "HH Gibbs",
              "bowler": "Khaled Mahmud",
              "non_striker": "G Kirsten",
              "runs": {
                "batter": 0,
                "extras": 0,
                "total": 0
              }
            },
            {
              "batter": "HH Gibbs",
              "bowler": "Khaled Mahmud",
              "non_striker": "G Kirsten",
              "runs": {
                "batter": 2,
                "extras": 0,
                "total": 2
              }
            },
            {
              "batter": "HH Gibbs",
              "bowler": "Khaled Mahmud",
              "non_striker": "G Kirsten",
              "runs": {
                "batter": 0,
                "extras": 0,
                "total": 0
              }
            }
          ]
        },
        {
          "over": 8,
          "deliveries": [
            {
              "batter": "G Kirsten",
              "bowler": "Mohammad Rafique",
              "non_striker": "HH Gibbs",
              "runs": {
                "batter": 4,
                "extras": 0,
                "total": 4
              }
            },
            {
              "batter": "G Kirsten",
              "bowler": "Mohammad Rafique",
              "non_striker": "HH Gibbs",
              "runs": {
                "batter": 0,
                "extras": 0,
                "total": 0
              }
            },
            {
              "batter": "G Kirsten",
              "bowler": "Mohammad Rafique",
              "non_striker": "HH Gibbs",
              "runs": {
                "batter": 0,
                "extras": 0,
                "total": 0
              }
            },
            {
              "batter": "G Kirsten",
              "bowler": "Mohammad Rafique",
              "non_striker": "HH Gibbs",
              "runs": {
                "batter": 0,
                "extras": 0,
                "total": 0
              }
            },
            {
              "batter": "G Kirsten",
              "bowler": "Mohammad Rafique",
              "non_striker": "HH Gibbs",
              "runs": {
                "batter": 1,
                "extras": 0,
                "total": 1
              }
            },
            {
              "batter": "HH Gibbs",
              "bowler": "Mohammad Rafique",
              "non_striker": "G Kirsten",
              "runs": {
                "batter": 0,
                "extras": 0,
                "total": 0
              }
            }
          ]
        },
        {
          "over": 9,
          "deliveries": [
            {
              "batter": "G Kirsten",
              "bowler": "Alok Kapali",
              "non_striker": "HH Gibbs",
              "runs": {
                "batter": 1,
                "extras": 0,
                "total": 1
              }
            },
            {
              "batter": "HH Gibbs",
              "bowler": "Alok Kapali",
              "non_striker": "G Kirsten",
              "runs": {
                "batter": 0,
                "extras": 0,
                "total": 0
              }
            },
            {
              "batter": "HH Gibbs",
              "bowler": "Alok Kapali",
              "non_striker": "G Kirsten",
              "runs": {
                "batter": 4,
                "extras": 0,
                "total": 4
              }
            },
            {
              "batter": "HH Gibbs",
              "bowler": "Alok Kapali",
              "extras": {
                "legbyes": 1
              },
              "non_striker": "G Kirsten",
              "runs": {
                "batter": 0,
                "extras": 1,
                "total": 1
              }
            },
            {
              "batter": "G Kirsten",
              "bowler": "Alok Kapali",
              "non_striker": "HH Gibbs",
              "runs": {
                "batter": 2,
                "extras": 0,
                "total": 2
              }
            },
            {
              "batter": "G Kirsten",
              "bowler": "Alok Kapali",
              "non_striker": "HH Gibbs",
              "runs": {
                "batter": 0,
                "extras": 0,
                "total": 0
              }
            }
          ]
        },
        {
          "over": 10,
          "deliveries": [
            {
              "batter": "HH Gibbs",
              "bowler": "Mohammad Rafique",
              "non_striker": "G Kirsten",
              "runs": {
                "batter": 0,
                "extras": 0,
                "total": 0
              }
            },
            {
              "batter": "HH Gibbs",
              "bowler": "Mohammad Rafique",
              "non_striker": "G Kirsten",
              "runs": {
                "batter": 1,
                "extras": 0,
                "total": 1
              }
            },
            {
              "batter": "G Kirsten",
              "bowler": "Mohammad Rafique",
              "non_striker": "HH Gibbs",
              "runs": {
                "batter": 0,
                "extras": 0,
                "total": 0
              }
            },
            {
              "batter": "G Kirsten",
              "bowler": "Mohammad Rafique",
              "non_striker": "HH Gibbs",
              "runs": {
                "batter": 4,
                "extras": 0,
                "total": 4
              }
            },
            {
              "batter": "G Kirsten",
              "bowler": "Mohammad Rafique",
              "non_striker": "HH Gibbs",
              "runs": {
                "batter": 4,
                "extras": 0,
                "total": 4
              }
            },
            {
              "batter": "G Kirsten",
              "bowler": "Mohammad Rafique",
              "non_striker": "HH Gibbs",
              "runs": {
                "batter": 6,
                "extras": 0,
                "total": 6
              }
            }
          ]
        },
        {
          "over": 11,
          "deliveries": [
            {
              "batter": "HH Gibbs",
              "bowler": "Alok Kapali",
              "non_striker": "G Kirsten",
              "runs": {
                "batter": 2,
                "extras": 0,
                "total": 2
              }
            },
            {
              "batter": "HH Gibbs",
              "bowler": "Alok Kapali",
              "non_striker": "G Kirsten",
              "runs": {
                "batter": 1,
                "extras": 0,
                "total": 1
              }
            },
            {
              "batter": "G Kirsten",
              "bowler": "Alok Kapali",
              "non_striker": "HH Gibbs",
              "runs": {
                "batter": 0,
                "extras": 0,
                "total": 0
              }
            },
            {
              "batter": "G Kirsten",
              "bowler": "Alok Kapali",
              "non_striker": "HH Gibbs",
              "runs": {
                "batter": 1,
                "extras": 0,
                "total": 1
              }
            },
            {
              "batter": "HH Gibbs",
              "bowler": "Alok Kapali",
              "non_striker": "G Kirsten",
              "runs": {
                "batter": 6,
                "extras": 0,
                "total": 6
              }
            },
            {
              "batter": "HH Gibbs",
              "bowler": "Alok Kapali",
              "non_striker": "G Kirsten",
              "runs": {
                "batter": 1,
                "extras": 0,
                "total": 1
              }
            }
          ]
        }
      ],
      "target": {
        "overs": 50,
        "runs": 109
      }
    }
  ]
}