{
  "meta": {
    "data_version": "1.1.0",
    "created": "2023-01-15",
    "revision": 2
  },
  "info": {
    "balls_per_over": 6,
    "city": "Bulawayo",
    "dates": [
      "2003-03-04"
    ],
    "event": {
      "name": "ICC World Cup",
      "match_number": 41,
      "group": "A"
    },
    "gender": "male",
    "match_type": "ODI",
    "match_type_number": 1980,
    "officials": {
      "match_referees": [
        "RS Madugalle"
      ],
      "tv_umpires": [
        "RE Koertzen"
      ],
      "umpires": [
        "EAR de Silva",
        "BF Bowden"
      ]
    },
    "outcome": {
      "result": "no result"
    },
    "overs": 50,
    "players": {
      "Pakistan": [
        "Saeed Anwar",
        "Saleem Elahi",
        "Yousuf Youhana",
        "Inzamam-ul-Haq",
        "Younis Khan",
        "Azhar Mahmood",
        "Rashid Latif",
        "Mohammad Sami",
        "Wasim Akram",
        "Waqar Younis",
        "Shoaib Akhtar"
      ],
      "Zimbabwe": [
        "DD Ebrahim",
        "CB Wishart",
        "A Flower",
        "GW Flower",
        "GJ Whittall",
        "T Taibu",
        "AM Blignaut",
        "HH Streak",
        "DA Marillier",
        "SM Ervine",
        "DT Hondo"
      ]
    },
    "registry": {
      "people": {
        "A Flower": "35aa26af",
        "AM Blignaut": "80ec5dfd",
        "Azhar Mahmood": "9a158001",
        "BF Bowden": "efc0a862",
        "CB Wishart": "8319b9ea",
        "DA Marillier": "656202a7",
        "DD Ebrahim": "b590a4d8",
        "DT Hondo": "7fe5deb8",
        "EAR de Silva": "dc63f509",
        "GJ Whittall": "6a52f5d3",
        "GW Flower": "348195ea",
        "HH Streak": "37f501d7",
        "Inzamam-ul-Haq": "b9a3d8c6",
        "Mohammad Sami": "68ddabdb",
        "RE Koertzen": "0265fab2",
        "RS Madugalle": "766b5798",
        "Rashid Latif": "d32782ae",
        "SM Ervine": "556302a7",
        "Saeed Anwar": "0aa14354",
        "Saleem Elahi": "1e7b1aa7",
        "Shoaib Akhtar": "10a91f35",
        "T Taibu": "75de770f",
        "Waqar Younis": "d8906a73",
        "Wasim Akram": "126e56a1",
        "Younis Khan": "33cb3411",
        "Yousuf Youhana": "e237b28c"
      }
    },
    "season": "2002/03",
    "team_type": "international",
    "teams": [
      "Pakistan",
      "Zimbabwe"
    ],
    "toss": {
      "decision": "bat",
      "winner": "Pakistan"
    },
    "venue": "Queens Sports Club, Bulawayo"
  },
  "innings": [
    {
      "team": "Pakistan",
      "overs": [
        {
          "over": 0,
          "deliveries": [
            {
              "batter": "Saeed Anwar",
              "bowler": "HH Streak",
              "non_striker": "Saleem Elahi",
              "runs": {
                "batter": 0,
                "extras": 0,
                "total": 0
              }
            },
            {
              "batter": "Saeed Anwar",
              "bowler": "HH Streak",
              "non_striker": "Saleem Elahi",
              "runs": {
                "batter": 0,
                "extras": 0,
                "total": 0
              }
            },
            {
              "batter": "Saeed Anwar",
              "bowler": "HH Streak",
              "non_striker": "Saleem Elahi",
              "runs": {
                "batter": 0,
                "extras": 0,
                "total": 0
              }
            },
            {
              "batter": "Saeed Anwar",
              "bowler": "HH Streak",
              "non_striker": "Saleem Elahi",
              "runs": {
                "batter": 0,
                "extras": 0,
                "total": 0
              }
            },
            {
              "batter": "Saeed Anwar",
              "bowler": "HH Streak",
              "non_striker": "Saleem Elahi",
              "runs": {
                "batter": 0,
                "extras": 0,
                "total": 0
              }
            },
            {
              "batter": "Saeed Anwar",
              "bowler": "HH Streak",
              "non_striker": "Saleem Elahi",
              "runs": {
                "batter": 0,
                "extras": 0,
                "total": 0
              }
            }
          ]
        },
        {
          "over": 1,
          "deliveries": [
            {
              "batter": "Saleem Elahi",
              "bowler": "DT Hondo",
              "non_striker": "Saeed Anwar",
              "runs": {
                "batter": 4,
                "extras": 0,
                "total": 4
              }
            },
            {
              "batter": "Saleem Elahi",
              "bowler": "DT Hondo",
              "non_striker": "Saeed Anwar",
              "runs": {
                "batter": 0,
                "extras": 0,
                "total": 0
              }
            },
            {
              "batter": "Saleem Elahi",
              "bowler": "DT Hondo",
              "non_striker": "Saeed Anwar",
              "runs": {
                "batter": 0,
                "extras": 0,
                "total": 0
              },
              "wickets": [
                {
                  "player_out": "Saleem Elahi",
                  "kind": "lbw"
                }
              ]
            },
            {
              "batter": "Yousuf Youhana",
              "bowler": "DT Hondo",
              "non_striker": "Saeed Anwar",
              "runs": {
                "batter": 1,
                "extras": 0,
                "total": 1
              }
            },
            {
              "batter": "Saeed Anwar",
              "bowler": "DT Hondo",
              "non_striker": "Yousuf Youhana",
              "runs": {
                "batter": 1,
                "extras": 0,
                "total": 1
              }
            },
            {
              "batter": "Yousuf Youhana",
              "bowler": "DT Hondo",
              "non_striker": "Saeed Anwar",
              "runs": {
                "batter": 0,
                "extras": 0,
                "total": 0
              }
            }
          ]
        },
        {
          "over": 2,
          "deliveries": [
            {
              "batter": "Saeed Anwar",
              "bowler": "HH Streak",
              "extras": {
                "wides": 1
              },
              "non_striker": "Yousuf Youhana",
              "runs": {
                "batter": 0,
                "extras": 1,
                "total": 1
              }
            },
            {
              "batter": "Saeed Anwar",
              "bowler": "HH Streak",
              "non_striker": "Yousuf Youhana",
              "runs": {
                "batter": 1,
                "extras": 0,
                "total": 1
              }
            },
            {
              "batter": "Yousuf Youhana",
              "bowler": "HH Streak",
              "non_striker": "Saeed Anwar",
              "runs": {
                "batter": 0,
                "extras": 0,
                "total": 0
              }
            },
            {
              "batter": "Yousuf Youhana",
              "bowler": "HH Streak",
              "non_striker": "Saeed Anwar",
              "runs": {
                "batter": 1,
                "extras": 0,
                "total": 1
              }
            },
            {
              "batter": "Saeed Anwar",
              "bowler": "HH Streak",
              "non_striker": "Yousuf Youhana",
              "runs": {
                "batter": 0,
                "extras": 0,
                "total": 0
              }
            },
            {
              "batter": "Saeed Anwar",
              "bowler": "HH Streak",
              "non_striker": "Yousuf Youhana",
              "runs": {
                "batter": 0,
                "extras": 0,
                "total": 0
              }
            }
          ]
        },
        {
          "over": 3,
          "deliveries": [
            {
              "batter": "Yousuf Youhana",
              "bowler": "DT Hondo",
              "non_striker": "Saeed Anwar",
              "runs": {
                "batter": 0,
                "extras": 0,
                "total": 0
              }
            },
            {
              "batter": "Yousuf Youhana",
              "bowler": "DT Hondo",
              "non_striker": "Saeed Anwar",
              "runs": {
                "batter": 1,
                "extras": 0,
                "total": 1
              }
            },
            {
              "batter": "Saeed Anwar",
              "bowler": "DT Hondo",
              "extras": {
                "legbyes": 1
              },
              "non_striker": "Yousuf Youhana",
              "runs": {
                "batter": 0,
                "extras": 1,
                "total": 1
              }
            },
            {
              "batter": "Yousuf Youhana",
              "bowler": "DT Hondo",
              "non_striker": "Saeed Anwar",
              "runs": {
                "batter": 0,
                "extras": 0,
                "total": 0
              }
            },
            {
              "batter": "Yousuf Youhana",
              "bowler": "DT Hondo",
              "non_striker": "Saeed Anwar",
              "runs": {
                "batter": 1,
                "extras": 0,
                "total": 1
              }
            },
            {
              "batter": "Saeed Anwar",
              "bowler": "DT Hondo",
              "non_striker": "Yousuf Youhana",
              "runs": {
                "batter": 1,
                "extras": 0,
                "total": 1
              }
            }
          ]
        },
        {
          "over": 4,
          "deliveries": [
            {
              "batter": "Saeed Anwar",
              "bowler": "HH Streak",
              "non_striker": "Yousuf Youhana",
              "runs": {
                "batter": 2,
                "extras": 0,
                "total": 2
              }
            },
            {
              "batter": "Saeed Anwar",
              "bowler": "HH Streak",
              "non_striker": "Yousuf Youhana",
              "runs": {
                "batter": 0,
                "extras": 0,
                "total": 0
              }
            },
            {
              "batter": "Saeed Anwar",
              "bowler": "HH Streak",
              "non_striker": "Yousuf Youhana",
              "runs": {
                "batter": 4,
                "extras": 0,
                "total": 4
              }
            },
            {
              "batter": "Saeed Anwar",
              "bowler": "HH Streak",
              "non_striker": "Yousuf Youhana",
              "runs": {
                "batter": 0,
                "extras": 0,
                "total": 0
              }
            },
            {
              "batter": "Saeed Anwar",
              "bowler": "HH Streak",
              "extras": {
                "wides": 1
              },
              "non_striker": "Yousuf Youhana",
              "runs": {
                "batter": 0,
                "extras": 1,
                "total": 1
              }
            },
            {
              "batter": "Saeed Anwar",
              "bowler": "HH Streak",
              "non_striker": "Yousuf Youhana",
              "runs": {
                "batter": 0,
                "extras": 0,
                "total": 0
              }
            },
            {
              "batter": "Saeed Anwar",
              "bowler": "HH Streak",
              "non_striker": "Yousuf Youhana",
              "runs": {
                "batter": 2,
                "extras": 0,
                "total": 2
              }
            }
          ]
        },
        {
          "over": 5,
          "deliveries": [
            {
              "batter": "Yousuf Youhana",
              "bowler": "DT Hondo",
              "non_striker": "Saeed Anwar",
              "runs": {
                "batter": 0,
                "extras": 0,
                "total": 0
              }
            },
            {
              "batter": "Yousuf Youhana",
              "bowler": "DT Hondo",
              "non_striker": "Saeed Anwar",
              "runs": {
                "batter": 0,
                "extras": 0,
                "total": 0
              }
            },
            {
              "batter": "Yousuf Youhana",
              "bowler": "DT Hondo",
              "non_striker": "Saeed Anwar",
              "runs": {
                "batter": 0,
                "extras": 0,
                "total": 0
              }
            },
            {
              "batter": "Yousuf Youhana",
              "bowler": "DT Hondo",
              "non_striker": "Saeed Anwar",
              "runs": {
                "batter": 0,
                "extras": 0,
                "total": 0
              }
            },
            {
              "batter": "Yousuf Youhana",
              "bowler": "DT Hondo",
              "non_striker": "Saeed Anwar",
              "runs": {
                "batter": 0,
                "extras": 0,
                "total": 0
              }
            },
            {
              "batter": "Yousuf Youhana",
              "bowler": "DT Hondo",
              "non_striker": "Saeed Anwar",
              "runs": {
                "batter": 1,
                "extras": 0,
                "total": 1
              }
            }
          ]
        },
        {
          "over": 6,
          "deliveries": [
            {
              "batter": "Yousuf Youhana",
              "bowler": "HH Streak",
              "non_striker": "Saeed Anwar",
              "runs": {
                "batter": 0,
                "extras": 0,
                "total": 0
              }
            },
            {
              "batter": "Yousuf Youhana",
              "bowler": "HH Streak",
              "non_striker": "Saeed Anwar",
              "runs": {
                "batter": 1,
                "extras": 0,
                "total": 1
              }
            },
            {
              "batter": "Saeed Anwar",
              "bowler": "HH Streak",
              "non_striker": "Yousuf Youhana",
              "runs": {
                "batter": 0,
                "extras": 0,
                "total": 0
              }
            },
            {
              "batter": "Saeed Anwar",
              "bowler": "HH Streak",
              "non_striker": "Yousuf Youhana",
              "runs": {
                "batter": 0,
                "extras": 0,
                "total": 0
              }
            },
            {
              "batter": "Saeed Anwar",
              "bowler": "HH Streak",
              "non_striker": "Yousuf Youhana",
              "runs": {
                "batter": 0,
                "extras": 0,
                "total": 0
              }
            },
            {
              "batter": "Saeed Anwar",
              "bowler": "HH Streak",
              "non_striker": "Yousuf Youhana",
              "runs": {
                "batter": 0,
                "extras": 0,
                "total": 0
              }
            }
          ]
        },
        {
          "over": 7,
          "deliveries": [
            {
              "batter": "Yousuf Youhana",
              "bowler": "DT Hondo",
              "non_striker": "Saeed Anwar",
              "runs": {
                "batter": 1,
                "extras": 0,
                "total": 1
              }
            },
            {
              "batter": "Saeed Anwar",
              "bowler": "DT Hondo",
              "non_striker": "Yousuf Youhana",
              "runs": {
                "batter": 6,
                "extras": 0,
                "total": 6
              }
            },
            {
              "batter": "Saeed Anwar",
              "bowler": "DT Hondo",
              "non_striker": "Yousuf Youhana",
              "runs": {
                "batter": 0,
                "extras": 0,
                "total": 0
              }
            },
            {
              "batter": "Saeed Anwar",
              "bowler": "DT Hondo",
              "non_striker": "Yousuf Youhana",
              "runs": {
                "batter": 0,
                "extras": 0,
                "total": 0
              }
            },
            {
              "batter": "Saeed Anwar",
              "bowler": "DT Hondo",
              "non_striker": "Yousuf Youhana",
              "runs": {
                "batter": 1,
                "extras": 0,
                "total": 1
              }
            },
            {
              "batter": "Yousuf Youhana",
              "bowler": "DT Hondo",
              "non_striker": "Saeed Anwar",
              "runs": {
                "batter": 4,
                "extras": 0,
                "total": 4
              }
            }
          ]
        },
        {
          "over": 8,
          "deliveries": [
            {
              "batter": "Saeed Anwar",
              "bowler": "HH Streak",
              "non_striker": "Yousuf Youhana",
              "runs": {
                "batter": 1,
                "extras": 0,
                "total": 1
              }
            },
            {
              "batter": "Yousuf Youhana",
              "bowler": "HH Streak",
              "non_striker": "Saeed Anwar",
              "runs": {
                "batter": 0,
                "extras": 0,
                "total": 0
              }
            },
            {
              "batter": "Yousuf Youhana",
              "bowler": "HH Streak",
              "non_striker": "Saeed Anwar",
              "runs": {
                "batter": 0,
                "extras": 0,
                "total": 0
              }
            },
            {
              "batter": "Yousuf Youhana",
              "bowler": "HH Streak",
              "non_striker": "Saeed Anwar",
              "runs": {
                "batter": 1,
                "extras": 0,
                "total": 1
              }
            },
            {
              "batter": "Saeed Anwar",
              "bowler": "HH Streak",
              "non_striker": "Yousuf Youhana",
              "runs": {
                "batter": 1,
                "extras": 0,
                "total": 1
              }
            },
            {
              "batter": "Yousuf Youhana",
              "bowler": "HH Streak",
              "non_striker": "Saeed Anwar",
              "runs": {
                "batter": 1,
                "extras": 0,
                "total": 1
              }
            }
          ]
        },
        {
          "over": 9,
          "deliveries": [
            {
              "batter": "Yousuf Youhana",
              "bowler": "SM Ervine",
              "non_striker": "Saeed Anwar",
              "runs": {
                "batter": 1,
                "extras": 0,
                "total": 1
              }
            },
            {
              "batter": "Saeed Anwar",
              "bowler": "SM Ervine",
              "non_striker": "Yousuf Youhana",
              "runs": {
                "batter": 1,
                "extras": 0,
                "total": 1
              }
            },
            {
              "batter": "Yousuf Youhana",
              "bowler": "SM Ervine",
              "non_striker": "Saeed Anwar",
              "runs": {
                "batter": 3,
                "extras": 0,
                "total": 3
              }
            },
            {
              "batter": "Saeed Anwar",
              "bowler": "SM Ervine",
              "non_striker": "Yousuf Youhana",
              "runs": {
                "batter": 2,
                "extras": 0,
                "total": 2
              }
            },
            {
              "batter": "Saeed Anwar",
              "bowler": "SM Ervine",
              "non_striker": "Yousuf Youhana",
              "runs": {
                "batter": 2,
                "extras": 0,
                "total": 2
              }
            },
            {
              "batter": "Saeed Anwar",
              "bowler": "SM Ervine",
              "non_striker": "Yousuf Youhana",
              "runs": {
                "batter": 1,
                "extras": 0,
                "total": 1
              }
            }
          ]
        },
        {
          "over": 10,
          "deliveries": [
            {
              "batter": "Saeed Anwar",
              "bowler": "HH Streak",
              "non_striker": "Yousuf Youhana",
              "runs": {
                "batter": 4,
                "extras": 0,
                "total": 4
              }
            },
            {
              "batter": "Saeed Anwar",
              "bowler": "HH Streak",
              "non_striker": "Yousuf Youhana",
              "runs": {
                "batter": 1,
                "extras": 0,
                "total": 1
              }
            },
            {
              "batter": "Yousuf Youhana",
              "bowler": "HH Streak",
              "non_striker": "Saeed Anwar",
              "runs": {
                "batter": 0,
                "extras": 0,
                "total": 0
              }
            },
            {
              "batter": "Yousuf Youhana",
              "bowler": "HH Streak",
              "non_striker": "Saeed Anwar",
              "runs": {
                "batter": 0,
                "extras": 0,
                "total": 0
              }
            },
            {
              "batter": "Yousuf Youhana",
              "bowler": "HH Streak",
              "non_striker": "Saeed Anwar",
              "runs": {
                "batter": 0,
                "extras": 0,
                "total": 0
              },
              "wickets": [
                {
                  "player_out": "Yousuf Youhana",
                  "fielders": [
                    {
                      "name": "T Taibu"
                    }
                  ],
                  "kind": "caught"
                }
              ]
            },
            {
              "batter": "Inzamam-ul-Haq",
              "bowler": "HH Streak",
              "non_striker": "Saeed Anwar",
              "runs": {
                "batter": 0,
                "extras": 0,
                "total": 0
              }
            }
          ]
        },
        {
          "over": 11,
          "deliveries": [
            {
              "batter": "Saeed Anwar",
              "bowler": "SM Ervine",
              "non_striker": "Inzamam-ul-Haq",
              "runs": {
                "batter": 0,
                "extras": 0,
                "total": 0
              }
            },
            {
              "batter": "Saeed Anwar",
              "bowler": "SM Ervine",
              "non_striker": "Inzamam-ul-Haq",
              "runs": {
                "batter": 0,
                "extras": 0,
                "total": 0
              }
            },
            {
              "batter": "Saeed Anwar",
              "bowler": "SM Ervine",
              "non_striker": "Inzamam-ul-Haq",
              "runs": {
                "batter": 4,
                "extras": 0,
                "total": 4
              }
            },
            {
              "batter": "Saeed Anwar",
              "bowler": "SM Ervine",
              "non_striker": "Inzamam-ul-Haq",
              "runs": {
                "batter": 3,
                "extras": 0,
                "total": 3
              }
            },
            {
              "batter": "Inzamam-ul-Haq",
              "bowler": "SM Ervine",
              "non_striker": "Saeed Anwar",
              "runs": {
                "batter": 0,
                "extras": 0,
                "total": 0
              }
            },
            {
              "batter": "Inzamam-ul-Haq",
              "bowler": "SM Ervine",
              "extras": {
                "legbyes": 4
              },
              "non_striker": "Saeed Anwar",
              "runs": {
                "batter": 0,
                "extras": 4,
                "total": 4
              }
            }
          ]
        },
        {
          "over": 12,
          "deliveries": [
            {
              "batter": "Saeed Anwar",
              "bowler": "HH Streak",
              "non_striker": "Inzamam-ul-Haq",
              "runs": {
                "batter": 1,
                "extras": 0,
                "total": 1
              }
            },
            {
              "batter": "Inzamam-ul-Haq",
              "bowler": "HH Streak",
              "non_striker": "Saeed Anwar",
              "runs": {
                "batter": 0,
                "extras": 0,
                "total": 0
              }
            },
            {
              "batter": "Inzamam-ul-Haq",
              "bowler": "HH Streak",
              "non_striker": "Saeed Anwar",
              "runs": {
                "batter": 1,
                "extras": 0,
                "total": 1
              }
            },
            {
              "batter": "Saeed Anwar",
              "bowler": "HH Streak",
              "non_striker": "Inzamam-ul-Haq",
              "runs": {
                "batter": 0,
                "extras": 0,
                "total": 0
              }
            },
            {
              "batter": "Saeed Anwar",
              "bowler": "HH Streak",
              "extras": {
                "legbyes": 1
              },
              "non_striker": "Inzamam-ul-Haq",
              "runs": {
                "batter": 0,
                "extras": 1,
                "total": 1
              }
            },
            {
              "batter": "Inzamam-ul-Haq",
              "bowler": "HH Streak",
              "non_striker": "Saeed Anwar",
              "runs": {
                "batter": 1,
                "extras": 0,
                "total": 1
              }
            }
          ]
        },
        {
          "over": 13,
          "deliveries": [
            {
              "batter": "Inzamam-ul-Haq",
              "bowler": "SM Ervine",
              "non_striker": "Saeed Anwar",
              "runs": {
                "batter": 1,
                "extras": 0,
                "total": 1
              }
            },
            {
              "batter": "Saeed Anwar",
              "bowler": "SM Ervine",
              "non_striker": "Inzamam-ul-Haq",
              "runs": {
                "batter": 1,
                "extras": 0,
                "total": 1
              }
            },
            {
              "batter": "Inzamam-ul-Haq",
              "bowler": "SM Ervine",
              "non_striker": "Saeed Anwar",
              "runs": {
                "batter": 0,
                "extras": 0,
                "total": 0
              },
              "wickets": [
                {
                  "player_out": "Inzamam-ul-Haq",
                  "fielders": [
                    {
                      "name": "GJ Whittall"
                    }
                  ],
                  "kind": "caught"
                }
              ]
            },
            {
              "batter": "Saeed Anwar",
              "bowler": "SM Ervine",
              "non_striker": "Younis Khan",
              "runs": {
                "batter": 0,
                "extras": 0,
                "total": 0
              }
            },
            {
              "batter": "Saeed Anwar",
              "bowler": "SM Ervine",
              "non_striker": "Younis Khan",
              "runs": {
                "batter": 0,
                "extras": 0,
                "total": 0
              }
            },
            {
              "batter": "Saeed Anwar",
              "bowler": "SM Ervine",
              "extras": {
                "byes": 1
              },
              "non_striker": "Younis Khan",
              "runs": {
                "batter": 0,
                "extras": 1,
                "total": 1
              }
            }
          ]
        }
      ],
      "miscounted_overs": {
        "2": {
          "balls": "5"
        }
      }
    }
  ]
}