{
  "meta": {
    "data_version": "1.0.0",
    "created": "2015-02-28",
    "revision": 1
  },
  "info": {
    "balls_per_over": 6,
    "city": "Perth",
    "dates": [
      "2015-02-28"
    ],
    "event": {
      "group": "B",
      "match_number": 21,
      "name": "ICC Cricket World Cup"
    },
    "gender": "male",
    "match_type": "ODI",
    "match_type_number": 3618,
    "officials": {
      "match_referees": [
        "RS Madugalle"
      ],
      "reserve_umpires": [
        "HDPK Dharmasena"
      ],
      "tv_umpires": [
        "NJ Llong"
      ],
      "umpires": [
        "BF Bowden",
        "MA Gough"
      ]
    },
    "outcome": {
      "by": {
        "wickets": 9
      },
      "winner": "India"
    },
    "overs": 50,
    "player_of_match": [
      "R Ashwin"
    ],
    "players": {
      "India": [
        "RG Sharma",
        "S Dhawan",
        "V Kohli",
        "AM Rahane",
        "SK Raina",
        "MS Dhoni",
        "RA Jadeja",
        "R Ashwin",
        "B Kumar",
        "UT Yadav",
        "MM Sharma"
      ],
      "United Arab Emirates": [
        "Amjad Ali",
        "AR Berenger",
        "Krishna Chandran",
        "Khurram Khan",
        "SP Patil",
        "Shaiman Anwar",
        "Rohan Mustafa",
        "Amjad Javed",
        "Mohammad Naveed",
        "Mohammad Tauqir",
        "AM Guruge"
      ]
    },
    "registry": {
      "people": {
        "AM Guruge": "26534b48",
        "AM Rahane": "29e95537",
        "AR Berenger": "f994f4ca",
        "Amjad Ali": "e4271302",
        "Amjad Javed": "18eaf2fa",
        "B Kumar": "2e81a32d",
        "BF Bowden": "efc0a862",
        "HDPK Dharmasena": "323e4c16",
        "Khurram Khan": "ae6746e0",
        "Krishna Chandran": "3165bc1b",
        "MA Gough": "76752ac8",
        "MM Sharma": "759ac88f",
        "MS Dhoni": "4a8a2e3b",
        "Mohammad Naveed": "4861d29b",
        "Mohammad Tauqir": "eb7af112",
        "NJ Llong": "573fb985",
        "R Ashwin": "495d42a5",
        "RA Jadeja": "fe93fd9d",
        "RG Sharma": "740742ef",
        "RS Madugalle": "766b5798",
        "Rohan Mustafa": "d1988788",
        "S Dhawan": "0a476045",
        "SK Raina": "1dc12ab9",
        "SP Patil": "f5c198fb",
        "Shaiman Anwar": "e9630504",
        "UT Yadav": "cc1e8c68",
        "V Kohli": "ba607b88"
      }
    },
    "season": "2014/15",
    "team_type": "international",
    "teams": [
      "India",
      "United Arab Emirates"
    ],
    "toss": {
      "decision": "bat",
      "winner": "United Arab Emirates"
    },
    "venue": "Western Australia Cricket Association Ground"
  },
  "innings": [
    {
      "team": "United Arab Emirates",
      "overs": [
        {
          "over": 0,
          "deliveries": [
            {
              "batter": "Amjad Ali",
              "bowler": "B Kumar",
              "extras": {
                "wides": 2
              },
              "non_striker": "AR Berenger",
              "runs": {
                "batter": 0,
                "extras": 2,
                "total": 2
              }
            },
            {
              "batter": "AR Berenger",
              "bowler": "B Kumar",
              "non_striker": "Amjad Ali",
              "runs": {
                "batter": 0,
                "extras": 0,
                "total": 0
              }
            },
            {
              "batter": "AR Berenger",
              "bowler": "B Kumar",
              "non_striker": "Amjad Ali",
              "runs": {
                "batter": 0,
                "extras": 0,
                "total": 0
              }
            },
            {
              "batter": "AR Berenger",
              "bowler": "B Kumar",
              "non_striker": "Amjad Ali",
              "runs": {
                "batter": 0,
                "extras": 0,
                "total": 0
              }
            },
            {
              "batter": "AR Berenger",
              "bowler": "B Kumar",
              "non_striker": "Amjad Ali",
              "runs": {
                "batter": 0,
                "extras": 0,
                "total": 0
              }
            },
            {
              "batter": "AR Berenger",
              "bowler": "B Kumar",
              "non_striker": "Amjad Ali",
              "runs": {
                "batter": 0,
                "extras": 0,
                "total": 0
              }
            },
            {
              "batter": "AR Berenger",
              "bowler": "B Kumar",
              "non_striker": "Amjad Ali",
              "runs": {
                "batter": 4,
                "extras": 0,
                "total": 4
              }
            }
          ]
        },
        {
          "over": 1,
          "deliveries": [
            {
              "batter": "Amjad Ali",
              "bowler": "UT Yadav",
              "non_striker": "AR Berenger",
              "runs": {
                "batter": 1,
                "extras": 0,
                "total": 1
              }
            },
            {
              "batter": "AR Berenger",
              "bowler": "UT Yadav",
              "non_striker": "Amjad Ali",
              "runs": {
                "batter": 0,
                "extras": 0,
                "total": 0
              }
            },
            {
              "batter": "AR Berenger",
              "bowler": "UT Yadav",
              "non_striker": "Amjad Ali",
              "runs": {
                "batter": 0,
                "extras": 0,
                "total": 0
              }
            },
            {
              "batter": "AR Berenger",
              "bowler": "UT Yadav",
              "non_striker": "Amjad Ali",
              "runs": {
                "batter": 0,
                "extras": 0,
                "total": 0
              },
              "wickets": [
                {
                  "kind": "caught",
                  "player_out": "AR Berenger",
                  "fielders": [
                    {
                      "name": "MS Dhoni"
                    }
                  ]
                }
              ]
            },
            {
              "batter": "Krishna Chandran",
              "bowler": "UT Yadav",
              "non_striker": "Amjad Ali",
              "runs": {
                "batter": 0,
                "extras": 0,
                "total": 0
              }
            },
            {
              "batter": "Krishna Chandran",
              "bowler": "UT Yadav",
              "non_striker": "Amjad Ali",
              "runs": {
                "batter": 0,
                "extras": 0,
                "total": 0
              }
            }
          ]
        },
        {
          "over": 2,
          "deliveries": [
            {
              "batter": "Amjad Ali",
              "bowler": "B Kumar",
              "non_striker": "Krishna Chandran",
              "runs": {
                "batter": 1,
                "extras": 0,
                "total": 1
              }
            },
            {
              "batter": "Krishna Chandran",
              "bowler": "B Kumar",
              "extras": {
                "legbyes": 1
              },
              "non_striker": "Amjad Ali",
              "runs": {
                "batter": 0,
                "extras": 1,
                "total": 1
              }
            },
            {
              "batter": "Amjad Ali",
              "bowler": "B Kumar",
              "non_striker": "Krishna Chandran",
              "runs": {
                "batter": 0,
                "extras": 0,
                "total": 0
              }
            },
            {
              "batter": "Amjad Ali",
              "bowler": "B Kumar",
              "non_striker": "Krishna Chandran",
              "runs": {
                "batter": 1,
                "extras": 0,
                "total": 1
              }
            },
            {
              "batter": "Krishna Chandran",
              "bowler": "B Kumar",
              "extras": {
                "legbyes": 1
              },
              "non_striker": "Amjad Ali",
              "runs": {
                "batter": 0,
                "extras": 1,
                "total": 1
              }
            },
            {
              "batter": "Amjad Ali",
              "bowler": "B Kumar",
              "non_striker": "Krishna Chandran",
              "runs": {
                "batter": 1,
                "extras": 0,
                "total": 1
              }
            }
          ]
        },
        {
          "over": 3,
          "deliveries": [
            {
              "batter": "Amjad Ali",
              "bowler": "UT Yadav",
              "non_striker": "Krishna Chandran",
              "runs": {
                "batter": 0,
                "extras": 0,
                "total": 0
              }
            },
            {
              "batter": "Amjad Ali",
              "bowler": "UT Yadav",
              "non_striker": "Krishna Chandran",
              "runs": {
                "batter": 0,
                "extras": 0,
                "total": 0
              }
            },
            {
              "batter": "Amjad Ali",
              "bowler": "UT Yadav",
              "non_striker": "Krishna Chandran",
              "runs": {
                "batter": 0,
                "extras": 0,
                "total": 0
              }
            },
            {
              "batter": "Amjad Ali",
              "bowler": "UT Yadav",
              "non_striker": "Krishna Chandran",
              "runs": {
                "batter": 0,
                "extras": 0,
                "total": 0
              }
            },
            {
              "batter": "Amjad Ali",
              "bowler": "UT Yadav",
              "non_striker": "Krishna Chandran",
              "runs": {
                "batter": 0,
                "extras": 0,
                "total": 0
              }
            },
            {
              "batter": "Amjad Ali",
              "bowler": "UT Yadav",
              "non_striker": "Krishna Chandran",
              "runs": {
                "batter": 0,
                "extras": 0,
                "total": 0
              }
            }
          ]
        },
        {
          "over": 4,
          "deliveries": [
            {
              "batter": "Krishna Chandran",
              "bowler": "B Kumar",
              "non_striker": "Amjad Ali",
              "runs": {
                "batter": 0,
                "extras": 0,
                "total": 0
              }
            },
            {
              "batter": "Krishna Chandran",
              "bowler": "B Kumar",
              "non_striker": "Amjad Ali",
              "runs": {
                "batter": 0,
                "extras": 0,
                "total": 0
              }
            },
            {
              "batter": "Krishna Chandran",
              "bowler": "B Kumar",
              "non_striker": "Amjad Ali",
              "runs": {
                "batter": 0,
                "extras": 0,
                "total": 0
              }
            },
            {
              "batter": "Krishna Chandran",
              "bowler": "B Kumar",
              "non_striker": "Amjad Ali",
              "runs": {
                "batter": 0,
                "extras": 0,
                "total": 0
              }
            },
            {
              "batter": "Krishna Chandran",
              "bowler": "B Kumar",
              "non_striker": "Amjad Ali",
              "runs": {
                "batter": 1,
                "extras": 0,
                "total": 1
              }
            },
            {
              "batter": "Amjad Ali",
              "bowler": "B Kumar",
              "non_striker": "Krishna Chandran",
              "runs": {
                "batter": 0,
                "extras": 0,
                "total": 0
              },
              "wickets": [
                {
                  "kind": "caught",
                  "player_out": "Amjad Ali",
                  "fielders": [
                    {
                      "name": "MS Dhoni"
                    }
                  ]
                }
              ]
            }
          ]
        },
        {
          "over": 5,
          "deliveries": [
            {
              "batter": "Krishna Chandran",
              "bowler": "UT Yadav",
              "non_striker": "Khurram Khan",
              "runs": {
                "batter": 0,
                "extras": 0,
                "total": 0
              }
            },
            {
              "batter": "Krishna Chandran",
              "bowler": "UT Yadav",
              "non_striker": "Khurram Khan",
              "runs": {
                "batter": 0,
                "extras": 0,
                "total": 0
              }
            },
            {
              "batter": "Krishna Chandran",
              "bowler": "UT Yadav",
              "non_striker": "Khurram Khan",
              "runs": {
                "batter": 0,
                "extras": 0,
                "total": 0
              }
            },
            {
              "batter": "Krishna Chandran",
              "bowler": "UT Yadav",
              "non_striker": "Khurram Khan",
              "runs": {
                "batter": 0,
                "extras": 0,
                "total": 0
              }
            },
            {
              "batter": "Krishna Chandran",
              "bowler": "UT Yadav",
              "non_striker": "Khurram Khan",
              "runs": {
                "batter": 0,
                "extras": 0,
                "total": 0
              }
            },
            {
              "batter": "Krishna Chandran",
              "bowler": "UT Yadav",
              "non_striker": "Khurram Khan",
              "runs": {
                "batter": 0,
                "extras": 0,
                "total": 0
              }
            }
          ]
        },
        {
          "over": 6,
          "deliveries": [
            {
              "batter": "Khurram Khan",
              "bowler": "B Kumar",
              "non_striker": "Krishna Chandran",
              "runs": {
                "batter": 0,
                "extras": 0,
                "total": 0
              }
            },
            {
              "batter": "Khurram Khan",
              "bowler": "B Kumar",
              "non_striker": "Krishna Chandran",
              "runs": {
                "batter": 1,
                "extras": 0,
                "total": 1
              }
            },
            {
              "batter": "Krishna Chandran",
              "bowler": "B Kumar",
              "non_striker": "Khurram Khan",
              "runs": {
                "batter": 0,
                "extras": 0,
                "total": 0
              }
            },
            {
              "batter": "Krishna Chandran",
              "bowler": "B Kumar",
              "non_striker": "Khurram Khan",
              "runs": {
                "batter": 2,
                "extras": 0,
                "total": 2
              }
            },
            {
              "batter": "Krishna Chandran",
              "bowler": "B Kumar",
              "non_striker": "Khurram Khan",
              "runs": {
                "batter": 0,
                "extras": 0,
                "total": 0
              }
            },
            {
              "batter": "Krishna Chandran",
              "bowler": "B Kumar",
              "non_striker": "Khurram Khan",
              "runs": {
                "batter": 0,
                "extras": 0,
                "total": 0
              }
            }
          ]
        },
        {
          "over": 7,
          "deliveries": [
            {
              "batter": "Khurram Khan",
              "bowler": "UT Yadav",
              "extras": {
                "wides": 1
              },
              "non_striker": "Krishna Chandran",
              "runs": {
                "batter": 0,
                "extras": 1,
                "total": 1
              }
            },
            {
              "batter": "Khurram Khan",
              "bowler": "UT Yadav",
              "non_striker": "Krishna Chandran",
              "runs": {
                "batter": 0,
                "extras": 0,
                "total": 0
              }
            },
            {
              "batter": "Khurram Khan",
              "bowler": "UT Yadav",
              "non_striker": "Krishna Chandran",
              "runs": {
                "batter": 0,
                "extras": 0,
                "total": 0
              }
            },
            {
              "batter": "Khurram Khan",
              "bowler": "UT Yadav",
              "non_striker": "Krishna Chandran",
              "runs": {
                "batter": 1,
                "extras": 0,
                "total": 1
              }
            },
            {
              "batter": "Krishna Chandran",
              "bowler": "UT Yadav",
              "non_striker": "Khurram Khan",
              "runs": {
                "batter": 0,
                "extras": 0,
                "total": 0
              }
            },
            {
              "batter": "Krishna Chandran",
              "bowler": "UT Yadav",
              "non_striker": "Khurram Khan",
              "runs": {
                "batter": 0,
                "extras": 0,
                "total": 0
              }
            },
            {
              "batter": "Krishna Chandran",
              "bowler": "UT Yadav",
              "non_striker": "Khurram Khan",
              "runs": {
                "batter": 0,
                "extras": 0,
                "total": 0
              }
            }
          ]
        },
        {
          "over": 8,
          "deliveries": [
            {
              "batter": "Khurram Khan",
              "bowler": "B Kumar",
              "non_striker": "Krishna Chandran",
              "runs": {
                "batter": 4,
                "extras": 0,
                "total": 4
              }
            },
            {
              "batter": "Khurram Khan",
              "bowler": "B Kumar",
              "non_striker": "Krishna Chandran",
              "runs": {
                "batter": 0,
                "extras": 0,
                "total": 0
              }
            },
            {
              "batter": "Khurram Khan",
              "bowler": "B Kumar",
              "non_striker": "Krishna Chandran",
              "runs": {
                "batter": 0,
                "extras": 0,
                "total": 0
              }
            },
            {
              "batter": "Khurram Khan",
              "bowler": "B Kumar",
              "non_striker": "Krishna Chandran",
              "runs": {
                "batter": 1,
                "extras": 0,
                "total": 1
              }
            },
            {
              "batter": "Krishna Chandran",
              "bowler": "B Kumar",
              "non_striker": "Khurram Khan",
              "runs": {
                "batter": 0,
                "extras": 0,
                "total": 0
              }
            },
            {
              "batter": "Krishna Chandran",
              "bowler": "B Kumar",
              "extras": {
                "wides": 1
              },
              "non_striker": "Khurram Khan",
              "runs": {
                "batter": 0,
                "extras": 1,
                "total": 1
              }
            },
            {
              "batter": "Krishna Chandran",
              "bowler": "B Kumar",
              "non_striker": "Khurram Khan",
              "runs": {
                "batter": 0,
                "extras": 0,
                "total": 0
              }
            }
          ]
        },
        {
          "over": 9,
          "deliveries": [
            {
              "batter": "Khurram Khan",
              "bowler": "UT Yadav",
              "non_striker": "Krishna Chandran",
              "runs": {
                "batter": 0,
                "extras": 0,
                "total": 0
              }
            },
            {
              "batter": "Khurram Khan",
              "bowler": "UT Yadav",
              "non_striker": "Krishna Chandran",
              "runs": {
                "batter": 1,
                "extras": 0,
                "total": 1
              }
            },
            {
              "batter": "Krishna Chandran",
              "bowler": "UT Yadav",
              "extras": {
                "wides": 1
              },
              "non_striker": "Khurram Khan",
              "runs": {
                "batter": 0,
                "extras": 1,
                "total": 1
              }
            },
            {
              "batter": "Krishna Chandran",
              "bowler": "UT Yadav",
              "non_striker": "Khurram Khan",
              "runs": {
                "batter": 1,
                "extras": 0,
                "total": 1
              }
            },
            {
              "batter": "Khurram Khan",
              "bowler": "UT Yadav",
              "extras": {
                "wides": 1
              },
              "non_striker": "Krishna Chandran",
              "runs": {
                "batter": 0,
                "extras": 1,
                "total": 1
              }
            },
            {
              "batter": "Khurram Khan",
              "bowler": "UT Yadav",
              "non_striker": "Krishna Chandran",
              "runs": {
                "batter": 0,
                "extras": 0,
                "total": 0
              }
            },
            {
              "batter": "Khurram Khan",
              "bowler": "UT Yadav",
              "non_striker": "Krishna Chandran",
              "runs": {
                "batter": 0,
                "extras": 0,
                "total": 0
              }
            },
            {
              "batter": "Khurram Khan",
              "bowler": "UT Yadav",
              "non_striker": "Krishna Chandran",
              "runs": {
                "batter": 0,
                "extras": 0,
                "total": 0
              }
            }
          ]
        },
        {
          "over": 10,
          "deliveries": [
            {
              "batter": "Krishna Chandran",
              "bowler": "R Ashwin",
              "non_striker": "Khurram Khan",
              "runs": {
                "batter": 0,
                "extras": 0,
                "total": 0
              }
            },
            {
              "batter": "Krishna Chandran",
              "bowler": "R Ashwin",
              "non_striker": "Khurram Khan",
              "runs": {
                "batter": 0,
                "extras": 0,
                "total": 0
              },
              "wickets": [
                {
                  "kind": "caught",
                  "player_out": "Krishna Chandran",
                  "fielders": [
                    {
                      "name": "SK Raina"
                    }
                  ]
                }
              ]
            },
            {
              "batter": "SP Patil",
              "bowler": "R Ashwin",
              "non_striker": "Khurram Khan",
              "runs": {
                "batter": 0,
                "extras": 0,
                "total": 0
              }
            },
            {
              "batter": "SP Patil",
              "bowler": "R Ashwin",
              "non_striker": "Khurram Khan",
              "runs": {
                "batter": 0,
                "extras": 0,
                "total": 0
              }
            },
            {
              "batter": "SP Patil",
              "bowler": "R Ashwin",
              "non_striker": "Khurram Khan",
              "runs": {
                "batter": 1,
                "extras": 0,
                "total": 1
              }
            },
            {
              "batter": "Khurram Khan",
              "bowler": "R Ashwin",
              "non_striker": "SP Patil",
              "runs": {
                "batter": 0,
                "extras": 0,
                "total": 0
              }
            }
          ]
        },
        {
          "over": 11,
          "deliveries": [
            {
              "batter": "SP Patil",
              "bowler": "MM Sharma",
              "extras": {
                "wides": 1
              },
              "non_striker": "Khurram Khan",
              "runs": {
                "batter": 0,
                "extras": 1,
                "total": 1
              }
            },
            {
              "batter": "SP Patil",
              "bowler": "MM Sharma",
              "non_striker": "Khurram Khan",
              "runs": {
                "batter": 4,
                "extras": 0,
                "total": 4
              }
            },
            {
              "batter": "SP Patil",
              "bowler": "MM Sharma",
              "non_striker": "Khurram Khan",
              "runs": {
                "batter": 0,
                "extras": 0,
                "total": 0
              }
            },
            {
              "batter": "SP Patil",
              "bowler": "MM Sharma",
              "non_striker": "Khurram Khan",
              "runs": {
                "batter": 0,
                "extras": 0,
                "total": 0
              }
            },
            {
              "batter": "SP Patil",
              "bowler": "MM Sharma",
              "non_striker": "Khurram Khan",
              "runs": {
                "batter": 0,
                "extras": 0,
                "total": 0
              }
            },
            {
              "batter": "SP Patil",
              "bowler": "MM Sharma",
              "non_striker": "Khurram Khan",
              "runs": {
                "batter": 0,
                "extras": 0,
                "total": 0
              }
            },
            {
              "batter": "SP Patil",
              "bowler": "MM Sharma",
              "non_striker": "Khurram Khan",
              "runs": {
                "batter": 0,
                "extras": 0,
                "total": 0
              }
            }
          ]
        },
        {
          "over": 12,
          "deliveries": [
            {
              "batter": "Khurram Khan",
              "bowler": "R Ashwin",
              "non_striker": "SP Patil",
              "runs": {
                "batter": 0,
                "extras": 0,
                "total": 0
              }
            },
            {
              "batter": "Khurram Khan",
              "bowler": "R Ashwin",
              "non_striker": "SP Patil",
              "runs": {
                "batter": 1,
                "extras": 0,
                "total": 1
              }
            },
            {
              "batter": "SP Patil",
              "bowler": "R Ashwin",
              "non_striker": "Khurram Khan",
              "runs": {
                "batter": 0,
                "extras": 0,
                "total": 0
              }
            },
            {
              "batter": "SP Patil",
              "bowler": "R Ashwin",
              "non_striker": "Khurram Khan",
              "runs": {
                "batter": 1,
                "extras": 0,
                "total": 1
              }
            },
            {
              "batter": "Khurram Khan",
              "bowler": "R Ashwin",
              "non_striker": "SP Patil",
              "runs": {
                "batter": 0,
                "extras": 0,
                "total": 0
              }
            },
            {
              "batter": "Khurram Khan",
              "bowler": "R Ashwin",
              "non_striker": "SP Patil",
              "runs": {
                "batter": 0,
                "extras": 0,
                "total": 0
              }
            }
          ]
        },
        {
          "over": 13,
          "deliveries": [
            {
              "batter": "SP Patil",
              "bowler": "MM Sharma",
              "non_striker": "Khurram Khan",
              "runs": {
                "batter": 0,
                "extras": 0,
                "total": 0
              }
            },
            {
              "batter": "SP Patil",
              "bowler": "MM Sharma",
              "non_striker": "Khurram Khan",
              "runs": {
                "batter": 0,
                "extras": 0,
                "total": 0
              }
            },
            {
              "batter": "SP Patil",
              "bowler": "MM Sharma",
              "non_striker": "Khurram Khan",
              "runs": {
                "batter": 0,
                "extras": 0,
                "total": 0
              }
            },
            {
              "batter": "SP Patil",
              "bowler": "MM Sharma",
              "non_striker": "Khurram Khan",
              "runs": {
                "batter": 0,
                "extras": 0,
                "total": 0
              }
            },
            {
              "batter": "SP Patil",
              "bowler": "MM Sharma",
              "non_striker": "Khurram Khan",
              "runs": {
                "batter": 0,
                "extras": 0,
                "total": 0
              }
            },
            {
              "batter": "SP Patil",
              "bowler": "MM Sharma",
              "non_striker": "Khurram Khan",
              "runs": {
                "batter": 0,
                "extras": 0,
                "total": 0
              }
            }
          ]
        },
        {
          "over": 14,
          "deliveries": [
            {
              "batter": "Khurram Khan",
              "bowler": "R Ashwin",
              "non_striker": "SP Patil",
              "runs": {
                "batter": 2,
                "extras": 0,
                "total": 2
              }
            },
            {
              "batter": "Khurram Khan",
              "bowler": "R Ashwin",
              "extras": {
                "legbyes": 1
              },
              "non_striker": "SP Patil",
              "runs": {
                "batter": 0,
                "extras": 1,
                "total": 1
              }
            },
            {
              "batter": "SP Patil",
              "bowler": "R Ashwin",
              "non_striker": "Khurram Khan",
              "runs": {
                "batter": 1,
                "extras": 0,
                "total": 1
              }
            },
            {
              "batter": "Khurram Khan",
              "bowler": "R Ashwin",
              "non_striker": "SP Patil",
              "runs": {
                "batter": 1,
                "extras": 0,
                "total": 1
              }
            },
            {
              "batter": "SP Patil",
              "bowler": "R Ashwin",
              "non_striker": "Khurram Khan",
              "runs": {
                "batter": 0,
                "extras": 0,
                "total": 0
              },
              "wickets": [
                {
                  "kind": "caught",
                  "player_out": "SP Patil",
                  "fielders": [
                    {
                      "name": "S Dhawan"
                    }
                  ]
                }
              ]
            },
            {
              "batter": "Shaiman Anwar",
              "bowler": "R Ashwin",
              "non_striker": "Khurram Khan",
              "runs": {
                "batter": 0,
                "extras": 0,
                "total": 0
              }
            }
          ]
        },
        {
          "over": 15,
          "deliveries": [
            {
              "batter": "Khurram Khan",
              "bowler": "MM Sharma",
              "non_striker": "Shaiman Anwar",
              "runs": {
                "batter": 1,
                "extras": 0,
                "total": 1
              }
            },
            {
              "batter": "Shaiman Anwar",
              "bowler": "MM Sharma",
              "non_striker": "Khurram Khan",
              "runs": {
                "batter": 0,
                "extras": 0,
                "total": 0
              }
            },
            {
              "batter": "Shaiman Anwar",
              "bowler": "MM Sharma",
              "non_striker": "Khurram Khan",
              "runs": {
                "batter": 0,
                "extras": 0,
                "total": 0
              }
            },
            {
              "batter": "Shaiman Anwar",
              "bowler": "MM Sharma",
              "non_striker": "Khurram Khan",
              "runs": {
                "batter": 1,
                "extras": 0,
                "total": 1
              }
            },
            {
              "batter": "Khurram Khan",
              "bowler": "MM Sharma",
              "non_striker": "Shaiman Anwar",
              "runs": {
                "batter": 1,
                "extras": 0,
                "total": 1
              }
            },
            {
              "batter": "Shaiman Anwar",
              "bowler": "MM Sharma",
              "non_striker": "Khurram Khan",
              "runs": {
                "batter": 0,
                "extras": 0,
                "total": 0
              }
            }
          ]
        },
        {
          "over": 16,
          "deliveries": [
            {
              "batter": "Khurram Khan",
              "bowler": "R Ashwin",
              "non_striker": "Shaiman Anwar",
              "runs": {
                "batter": 0,
                "extras": 0,
                "total": 0
              }
            },
            {
              "batter": "Khurram Khan",
              "bowler": "R Ashwin",
              "non_striker": "Shaiman Anwar",
              "runs": {
                "batter": 0,
                "extras": 0,
                "total": 0
              }
            },
            {
              "batter": "Khurram Khan",
              "bowler": "R Ashwin",
              "non_striker": "Shaiman Anwar",
              "runs": {
                "batter": 0,
                "extras": 0,
                "total": 0
              }
            },
            {
              "batter": "Khurram Khan",
              "bowler": "R Ashwin",
              "non_striker": "Shaiman Anwar",
              "runs": {
                "batter": 0,
                "extras": 0,
                "total": 0
              },
              "wickets": [
                {
                  "kind": "caught",
                  "player_out": "Khurram Khan",
                  "fielders": [
                    {
                      "name": "SK Raina"
                    }
                  ]
                }
              ]
            },
            {
              "batter": "Rohan Mustafa",
              "bowler": "R Ashwin",
              "non_striker": "Shaiman Anwar",
              "runs": {
                "batter": 0,
                "extras": 0,
                "total": 0
              }
            },
            {
              "batter": "Rohan Mustafa",
              "bowler": "R Ashwin",
              "non_striker": "Shaiman Anwar",
              "runs": {
                "batter": 0,
                "extras": 0,
                "total": 0
              }
            }
          ]
        },
        {
          "over": 17,
          "deliveries": [
            {
              "batter": "Shaiman Anwar",
              "bowler": "MM Sharma",
              "non_striker": "Rohan Mustafa",
              "runs": {
                "batter": 4,
                "extras": 0,
                "total": 4
              }
            },
            {
              "batter": "Shaiman Anwar",
              "bowler": "MM Sharma",
              "non_striker": "Rohan Mustafa",
              "runs": {
                "batter": 0,
                "extras": 0,
                "total": 0
              }
            },
            {
              "batter": "Shaiman Anwar",
              "bowler": "MM Sharma",
              "extras": {
                "wides": 1
              },
              "non_striker": "Rohan Mustafa",
              "runs": {
                "batter": 0,
                "extras": 1,
                "total": 1
              }
            },
            {
              "batter": "Shaiman Anwar",
              "bowler": "MM Sharma",
              "non_striker": "Rohan Mustafa",
              "runs": {
                "batter": 0,
                "extras": 0,
                "total": 0
              }
            },
            {
              "batter": "Shaiman Anwar",
              "bowler": "MM Sharma",
              "non_striker": "Rohan Mustafa",
              "runs": {
                "batter": 0,
                "extras": 0,
                "total": 0
              }
            },
            {
              "batter": "Shaiman Anwar",
              "bowler": "MM Sharma",
              "non_striker": "Rohan Mustafa",
              "runs": {
                "batter": 0,
                "extras": 0,
                "total": 0
              }
            },
            {
              "batter": "Shaiman Anwar",
              "bowler": "MM Sharma",
              "non_striker": "Rohan Mustafa",
              "runs": {
                "batter": 0,
                "extras": 0,
                "total": 0
              }
            }
          ]
        },
        {
          "over": 18,
          "deliveries": [
            {
              "batter": "Rohan Mustafa",
              "bowler": "R Ashwin",
              "non_striker": "Shaiman Anwar",
              "runs": {
                "batter": 0,
                "extras": 0,
                "total": 0
              }
            },
            {
              "batter": "Rohan Mustafa",
              "bowler": "R Ashwin",
              "non_striker": "Shaiman Anwar",
              "runs": {
                "batter": 0,
                "extras": 0,
                "total": 0
              }
            },
            {
              "batter": "Rohan Mustafa",
              "bowler": "R Ashwin",
              "non_striker": "Shaiman Anwar",
              "runs": {
                "batter": 0,
                "extras": 0,
                "total": 0
              }
            },
            {
              "batter": "Rohan Mustafa",
              "bowler": "R Ashwin",
              "non_striker": "Shaiman Anwar",
              "runs": {
                "batter": 0,
                "extras": 0,
                "total": 0
              }
            },
            {
              "batter": "Rohan Mustafa",
              "bowler": "R Ashwin",
              "non_striker": "Shaiman Anwar",
              "runs": {
                "batter": 0,
                "extras": 0,
                "total": 0
              }
            },
            {
              "batter": "Rohan Mustafa",
              "bowler": "R Ashwin",
              "non_striker": "Shaiman Anwar",
              "runs": {
                "batter": 2,
                "extras": 0,
                "total": 2
              }
            }
          ]
        },
        {
          "over": 19,
          "deliveries": [
            {
              "batter": "Shaiman Anwar",
              "bowler": "MM Sharma",
              "non_striker": "Rohan Mustafa",
              "runs": {
                "batter": 1,
                "extras": 0,
                "total": 1
              }
            },
            {
              "batter": "Rohan Mustafa",
              "bowler": "MM Sharma",
              "non_striker": "Shaiman Anwar",
              "runs": {
                "batter": 0,
                "extras": 0,
                "total": 0
              }
            },
            {
              "batter": "Rohan Mustafa",
              "bowler": "MM Sharma",
              "non_striker": "Shaiman Anwar",
              "runs": {
                "batter": 0,
                "extras": 0,
                "total": 0
              }
            },
            {
              "batter": "Rohan Mustafa",
              "bowler": "MM Sharma",
              "non_striker": "Shaiman Anwar",
              "runs": {
                "batter": 0,
                "extras": 0,
                "total": 0
              }
            },
            {
              "batter": "Rohan Mustafa",
              "bowler": "MM Sharma",
              "non_striker": "Shaiman Anwar",
              "review": {
                "by": "United Arab Emirates",
                "umpire": "MA Gough",
                "batter": "Rohan Mustafa",
                "decision": "struck down"
              },
              "runs": {
                "batter": 0,
                "extras": 0,
                "total": 0
              },
              "wickets": [
                {
                  "kind": "lbw",
                  "player_out": "Rohan Mustafa"
                }
              ]
            },
            {
              "batter": "Amjad Javed",
              "bowler": "MM Sharma",
              "non_striker": "Shaiman Anwar",
              "runs": {
                "batter": 2,
                "extras": 0,
                "total": 2
              }
            }
          ]
        },
        {
          "over": 20,
          "deliveries": [
            {
              "batter": "Shaiman Anwar",
              "bowler": "R Ashwin",
              "non_striker": "Amjad Javed",
              "runs": {
                "batter": 1,
                "extras": 0,
                "total": 1
              }
            },
            {
              "batter": "Amjad Javed",
              "bowler": "R Ashwin",
              "non_striker": "Shaiman Anwar",
              "runs": {
                "batter": 0,
                "extras": 0,
                "total": 0
              }
            },
            {
              "batter": "Amjad Javed",
              "bowler": "R Ashwin",
              "non_striker": "Shaiman Anwar",
              "runs": {
                "batter": 0,
                "extras": 0,
                "total": 0
              }
            },
            {
              "batter": "Amjad Javed",
              "bowler": "R Ashwin",
              "extras": {
                "wides": 1
              },
              "non_striker": "Shaiman Anwar",
              "runs": {
                "batter": 0,
                "extras": 1,
                "total": 1
              }
            },
            {
              "batter": "Amjad Javed",
              "bowler": "R Ashwin",
              "extras": {
                "legbyes": 1
              },
              "non_striker": "Shaiman Anwar",
              "runs": {
                "batter": 0,
                "extras": 1,
                "total": 1
              }
            },
            {
              "batter": "Shaiman Anwar",
              "bowler": "R Ashwin",
              "non_striker": "Amjad Javed",
              "runs": {
                "batter": 0,
                "extras": 0,
                "total": 0
              }
            },
            {
              "batter": "Shaiman Anwar",
              "bowler": "R Ashwin",
              "non_striker": "Amjad Javed",
              "runs": {
                "batter": 4,
                "extras": 0,
                "total": 4
              }
            }
          ]
        },
        {
          "over": 21,
          "deliveries": [
            {
              "batter": "Amjad Javed",
              "bowler": "RA Jadeja",
              "non_striker": "Shaiman Anwar",
              "runs": {
                "batter": 0,
                "extras": 0,
                "total": 0
              },
              "wickets": [
                {
                  "kind": "caught",
                  "player_out": "Amjad Javed",
                  "fielders": [
                    {
                      "name": "SK Raina"
                    }
                  ]
                }
              ]
            },
            {
              "batter": "Mohammad Naveed",
              "bowler": "RA Jadeja",
              "non_striker": "Shaiman Anwar",
              "runs": {
                "batter": 6,
                "extras": 0,
                "total": 6
              }
            },
            {
              "batter": "Mohammad Naveed",
              "bowler": "RA Jadeja",
              "non_striker": "Shaiman Anwar",
              "runs": {
                "batter": 0,
                "extras": 0,
                "total": 0
              }
            },
            {
              "batter": "Mohammad Naveed",
              "bowler": "RA Jadeja",
              "non_striker": "Shaiman Anwar",
              "runs": {
                "batter": 0,
                "extras": 0,
                "total": 0
              }
            },
            {
              "batter": "Mohammad Naveed",
              "bowler": "RA Jadeja",
              "non_striker": "Shaiman Anwar",
              "runs": {
                "batter": 0,
                "extras": 0,
                "total": 0
              }
            },
            {
              "batter": "Mohammad Naveed",
              "bowler": "RA Jadeja",
              "non_striker": "Shaiman Anwar",
              "runs": {
                "batter": 0,
                "extras": 0,
                "total": 0
              }
            }
          ]
        },
        {
          "over": 22,
          "deliveries": [
            {
              "batter": "Shaiman Anwar",
              "bowler": "R Ashwin",
              "non_striker": "Mohammad Naveed",
              "runs": {
                "batter": 1,
                "extras": 0,
                "total": 1
              }
            },
            {
              "batter": "Mohammad Naveed",
              "bowler": "R Ashwin",
              "non_striker": "Shaiman Anwar",
              "runs": {
                "batter": 0,
                "extras": 0,
                "total": 0
              }
            },
            {
              "batter": "Mohammad Naveed",
              "bowler": "R Ashwin",
              "non_striker": "Shaiman Anwar",
              "runs": {
                "batter": 0,
                "extras": 0,
                "total": 0
              },
              "wickets": [
                {
                  "kind": "bowled",
                  "player_out": "Mohammad Naveed"
                }
              ]
            },
            {
              "batter": "Mohammad Tauqir",
              "bowler": "R Ashwin",
              "non_striker": "Shaiman Anwar",
              "runs": {
                "batter": 0,
                "extras": 0,
                "total": 0
              }
            },
            {
              "batter": "Mohammad Tauqir",
              "bowler": "R Ashwin",
              "non_striker": "Shaiman Anwar",
              "runs": {
                "batter": 0,
                "extras": 0,
                "total": 0
              }
            },
            {
              "batter": "Mohammad Tauqir",
              "bowler": "R Ashwin",
              "non_striker": "Shaiman Anwar",
              "runs": {
                "batter": 0,
                "extras": 0,
                "total": 0
              }
            }
          ]
        },
        {
          "over": 23,
          "deliveries": [
            {
              "batter": "Shaiman Anwar",
              "bowler": "RA Jadeja",
              "non_striker": "Mohammad Tauqir",
              "runs": {
                "batter": 0,
                "extras": 0,
                "total": 0
              }
            },
            {
              "batter": "Shaiman Anwar",
              "bowler": "RA Jadeja",
              "non_striker": "Mohammad Tauqir",
              "runs": {
                "batter": 0,
                "extras": 0,
                "total": 0
              }
            },
            {
              "batter": "Shaiman Anwar",
              "bowler": "RA Jadeja",
              "non_striker": "Mohammad Tauqir",
              "runs": {
                "batter": 1,
                "extras": 0,
                "total": 1
              }
            },
            {
              "batter": "Mohammad Tauqir",
              "bowler": "RA Jadeja",
              "non_striker": "Shaiman Anwar",
              "runs": {
                "batter": 1,
                "extras": 0,
                "total": 1
              }
            },
            {
              "batter": "Shaiman Anwar",
              "bowler": "RA Jadeja",
              "non_striker": "Mohammad Tauqir",
              "runs": {
                "batter": 1,
                "extras": 0,
                "total": 1
              }
            },
            {
              "batter": "Mohammad Tauqir",
              "bowler": "RA Jadeja",
              "non_striker": "Shaiman Anwar",
              "runs": {
                "batter": 0,
                "extras": 0,
                "total": 0
              },
              "wickets": [
                {
                  "kind": "bowled",
                  "player_out": "Mohammad Tauqir"
                }
              ]
            }
          ]
        },
        {
          "over": 24,
          "deliveries": [
            {
              "batter": "Shaiman Anwar",
              "bowler": "R Ashwin",
              "non_striker": "AM Guruge",
              "runs": {
                "batter": 0,
                "extras": 0,
                "total": 0
              }
            },
            {
              "batter": "Shaiman Anwar",
              "bowler": "R Ashwin",
              "non_striker": "AM Guruge",
              "runs": {
                "batter": 0,
                "extras": 0,
                "total": 0
              }
            },
            {
              "batter": "Shaiman Anwar",
              "bowler": "R Ashwin",
              "non_striker": "AM Guruge",
              "runs": {
                "batter": 0,
                "extras": 0,
                "total": 0
              }
            },
            {
              "batter": "Shaiman Anwar",
              "bowler": "R Ashwin",
              "non_striker": "AM Guruge",
              "runs": {
                "batter": 0,
                "extras": 0,
                "total": 0
              }
            },
            {
              "batter": "Shaiman Anwar",
              "bowler": "R Ashwin",
              "non_striker": "AM Guruge",
              "runs": {
                "batter": 0,
                "extras": 0,
                "total": 0
              }
            },
            {
              "batter": "Shaiman Anwar",
              "bowler": "R Ashwin",
              "non_striker": "AM Guruge",
              "runs": {
                "batter": 1,
                "extras": 0,
                "total": 1
              }
            }
          ]
        },
        {
          "over": 25,
          "deliveries": [
            {
              "batter": "Shaiman Anwar",
              "bowler": "RA Jadeja",
              "non_striker": "AM Guruge",
              "runs": {
                "batter": 4,
                "extras": 0,
                "total": 4
              }
            },
            {
              "batter": "Shaiman Anwar",
              "bowler": "RA Jadeja",
              "non_striker": "AM Guruge",
              "runs": {
                "batter": 0,
                "extras": 0,
                "total": 0
              }
            },
            {
              "batter": "Shaiman Anwar",
              "bowler": "RA Jadeja",
              "non_striker": "AM Guruge",
              "runs": {
                "batter": 0,
                "extras": 0,
                "total": 0
              }
            },
            {
              "batter": "Shaiman Anwar",
              "bowler": "RA Jadeja",
              "non_striker": "AM Guruge",
              "runs": {
                "batter": 0,
                "extras": 0,
                "total": 0
              }
            },
            {
              "batter": "Shaiman Anwar",
              "bowler": "RA Jadeja",
              "non_striker": "AM Guruge",
              "runs": {
                "batter": 2,
                "extras": 0,
                "total": 2
              }
            },
            {
              "batter": "Shaiman Anwar",
              "bowler": "RA Jadeja",
              "non_striker": "AM Guruge",
              "runs": {
                "batter": 0,
                "extras": 0,
                "total": 0
              }
            }
          ]
        },
        {
          "over": 26,
          "deliveries": [
            {
              "batter": "AM Guruge",
              "bowler": "R Ashwin",
              "non_striker": "Shaiman Anwar",
              "runs": {
                "batter": 3,
                "extras": 0,
                "total": 3
              }
            },
            {
              "batter": "Shaiman Anwar",
              "bowler": "R Ashwin",
              "non_striker": "AM Guruge",
              "runs": {
                "batter": 1,
                "extras": 0,
                "total": 1
              }
            },
            {
              "batter": "AM Guruge",
              "bowler": "R Ashwin",
              "non_striker": "Shaiman Anwar",
              "runs": {
                "batter": 0,
                "extras": 0,
                "total": 0
              }
            },
            {
              "batter": "AM Guruge",
              "bowler": "R Ashwin",
              "non_striker": "Shaiman Anwar",
              "runs": {
                "batter": 0,
                "extras": 0,
                "total": 0
              }
            },
            {
              "batter": "AM Guruge",
              "bowler": "R Ashwin",
              "non_striker": "Shaiman Anwar",
              "runs": {
                "batter": 0,
                "extras": 0,
                "total": 0
              }
            },
            {
              "batter": "AM Guruge",
              "bowler": "R Ashwin",
              "non_striker": "Shaiman Anwar",
              "runs": {
                "batter": 2,
                "extras": 0,
                "total": 2
              }
            }
          ]
        },
        {
          "over": 27,
          "deliveries": [
            {
              "batter": "Shaiman Anwar",
              "bowler": "RA Jadeja",
              "non_striker": "AM Guruge",
              "runs": {
                "batter": 0,
                "extras": 0,
                "total": 0
              }
            },
            {
              "batter": "Shaiman Anwar",
              "bowler": "RA Jadeja",
              "non_striker": "AM Guruge",
              "runs": {
                "batter": 0,
                "extras": 0,
                "total": 0
              }
            },
            {
              "batter": "Shaiman Anwar",
              "bowler": "RA Jadeja",
              "non_striker": "AM Guruge",
              "runs": {
                "batter": 0,
                "extras": 0,
                "total": 0
              }
            },
            {
              "batter": "Shaiman Anwar",
              "bowler": "RA Jadeja",
              "non_striker": "AM Guruge",
              "runs": {
                "batter": 0,
                "extras": 0,
                "total": 0
              }
            },
            {
              "batter": "Shaiman Anwar",
              "bowler": "RA Jadeja",
              "non_striker": "AM Guruge",
              "runs": {
                "batter": 0,
                "extras": 0,
                "total": 0
              }
            },
            {
              "batter": "Shaiman Anwar",
              "bowler": "RA Jadeja",
              "non_striker": "AM Guruge",
              "runs": {
                "batter": 4,
                "extras": 0,
                "total": 4
              }
            }
          ]
        },
        {
          "over": 28,
          "deliveries": [
            {
              "batter": "AM Guruge",
              "bowler": "R Ashwin",
              "non_striker": "Shaiman Anwar",
              "runs": {
                "batter": 0,
                "extras": 0,
                "total": 0
              }
            },
            {
              "batter": "AM Guruge",
              "bowler": "R Ashwin",
              "non_striker": "Shaiman Anwar",
              "runs": {
                "batter": 0,
                "extras": 0,
                "total": 0
              }
            },
            {
              "batter": "AM Guruge",
              "bowler": "R Ashwin",
              "non_striker": "Shaiman Anwar",
              "runs": {
                "batter": 0,
                "extras": 0,
                "total": 0
              }
            },
            {
              "batter": "AM Guruge",
              "bowler": "R Ashwin",
              "non_striker": "Shaiman Anwar",
              "runs": {
                "batter": 1,
                "extras": 0,
                "total": 1
              }
            },
            {
              "batter": "Shaiman Anwar",
              "bowler": "R Ashwin",
              "non_striker": "AM Guruge",
              "runs": {
                "batter": 1,
                "extras": 0,
                "total": 1
              }
            },
            {
              "batter": "AM Guruge",
              "bowler": "R Ashwin",
              "non_striker": "Shaiman Anwar",
              "runs": {
                "batter": 0,
                "extras": 0,
                "total": 0
              }
            }
          ]
        },
        {
          "over": 29,
          "deliveries": [
            {
              "batter": "Shaiman Anwar",
              "bowler": "UT Yadav",
              "non_striker": "AM Guruge",
              "runs": {
                "batter": 0,
                "extras": 0,
                "total": 0
              }
            },
            {
              "batter": "Shaiman Anwar",
              "bowler": "UT Yadav",
              "non_striker": "AM Guruge",
              "runs": {
                "batter": 0,
                "extras": 0,
                "total": 0
              }
            },
            {
              "batter": "Shaiman Anwar",
              "bowler": "UT Yadav",
              "non_striker": "AM Guruge",
              "runs": {
                "batter": 0,
                "extras": 0,
                "total": 0
              }
            },
            {
              "batter": "Shaiman Anwar",
              "bowler": "UT Yadav",
              "non_striker": "AM Guruge",
              "runs": {
                "batter": 4,
                "extras": 0,
                "total": 4
              }
            },
            {
              "batter": "Shaiman Anwar",
              "bowler": "UT Yadav",
              "non_striker": "AM Guruge",
              "runs": {
                "batter": 0,
                "extras": 0,
                "total": 0
              }
            },
            {
              "batter": "Shaiman Anwar",
              "bowler": "UT Yadav",
              "non_striker": "AM Guruge",
              "runs": {
                "batter": 0,
                "extras": 0,
                "total": 0
              }
            }
          ]
        },
        {
          "over": 30,
          "deliveries": [
            {
              "batter": "AM Guruge",
              "bowler": "RA Jadeja",
              "non_striker": "Shaiman Anwar",
              "runs": {
                "batter": 0,
                "extras": 0,
                "total": 0
              }
            },
            {
              "batter": "AM Guruge",
              "bowler": "RA Jadeja",
              "non_striker": "Shaiman Anwar",
              "runs": {
                "batter": 0,
                "extras": 0,
                "total": 0
              }
            },
            {
              "batter": "AM Guruge",
              "bowler": "RA Jadeja",
              "non_striker": "Shaiman Anwar",
              "runs": {
                "batter": 0,
                "extras": 0,
                "total": 0
              }
            },
            {
              "batter": "AM Guruge",
              "bowler": "RA Jadeja",
              "non_striker": "Shaiman Anwar",
              "runs": {
                "batter": 0,
                "extras": 0,
                "total": 0
              }
            },
            {
              "batter": "AM Guruge",
              "bowler": "RA Jadeja",
              "non_striker": "Shaiman Anwar",
              "runs": {
                "batter": 0,
                "extras": 0,
                "total": 0
              }
            },
            {
              "batter": "AM Guruge",
              "bowler": "RA Jadeja",
              "non_striker": "Shaiman Anwar",
              "runs": {
                "batter": 4,
                "extras": 0,
                "total": 4
              }
            }
          ]
        },
        {
          "over": 31,
          "deliveries": [
            {
              "batter": "Shaiman Anwar",
              "bowler": "UT Yadav",
              "non_striker": "AM Guruge",
              "runs": {
                "batter": 4,
                "extras": 0,
                "total": 4
              }
            },
            {
              "batter": "Shaiman Anwar",
              "bowler": "UT Yadav",
              "non_striker": "AM Guruge",
              "runs": {
                "batter": 0,
                "extras": 0,
                "total": 0
              }
            },
            {
              "batter": "Shaiman Anwar",
              "bowler": "UT Yadav",
              "non_striker": "AM Guruge",
              "runs": {
                "batter": 0,
                "extras": 0,
                "total": 0
              },
              "wickets": [
                {
                  "kind": "bowled",
                  "player_out": "Shaiman Anwar"
                }
              ]
            }
          ]
        }
      ],
      "powerplays": [
        {
          "from": 0.1,
          "to": 9.8,
          "type": "mandatory"
        }
      ]
    },
    {
      "team": "India",
      "overs": [
        {
          "over": 0,
          "deliveries": [
            {
              "batter": "RG Sharma",
              "bowler": "Mohammad Naveed",
              "non_striker": "S Dhawan",
              "runs": {
                "batter": 0,
                "extras": 0,
                "total": 0
              }
            },
            {
              "batter": "RG Sharma",
              "bowler": "Mohammad Naveed",
              "non_striker": "S Dhawan",
              "runs": {
                "batter": 0,
                "extras": 0,
                "total": 0
              }
            },
            {
              "batter": "RG Sharma",
              "bowler": "Mohammad Naveed",
              "non_striker": "S Dhawan",
              "runs": {
                "batter": 0,
                "extras": 0,
                "total": 0
              }
            },
            {
              "batter": "RG Sharma",
              "bowler": "Mohammad Naveed",
              "non_striker": "S Dhawan",
              "runs": {
                "batter": 4,
                "extras": 0,
                "total": 4
              }
            },
            {
              "batter": "RG Sharma",
              "bowler": "Mohammad Naveed",
              "non_striker": "S Dhawan",
              "runs": {
                "batter": 0,
                "extras": 0,
                "total": 0
              }
            },
            {
              "batter": "RG Sharma",
              "bowler": "Mohammad Naveed",
              "non_striker": "S Dhawan",
              "runs": {
                "batter": 0,
                "extras": 0,
                "total": 0
              }
            }
          ]
        },
        {
          "over": 1,
          "deliveries": [
            {
              "batter": "S Dhawan",
              "bowler": "AM Guruge",
              "non_striker": "RG Sharma",
              "runs": {
                "batter": 0,
                "extras": 0,
                "total": 0
              }
            },
            {
              "batter": "S Dhawan",
              "bowler": "AM Guruge",
              "non_striker": "RG Sharma",
              "runs": {
                "batter": 0,
                "extras": 0,
                "total": 0
              }
            },
            {
              "batter": "S Dhawan",
              "bowler": "AM Guruge",
              "non_striker": "RG Sharma",
              "runs": {
                "batter": 0,
                "extras": 0,
                "total": 0
              }
            },
            {
              "batter": "S Dhawan",
              "bowler": "AM Guruge",
              "non_striker": "RG Sharma",
              "runs": {
                "batter": 1,
                "extras": 0,
                "total": 1
              }
            },
            {
              "batter": "RG Sharma",
              "bowler": "AM Guruge",
              "non_striker": "S Dhawan",
              "runs": {
                "batter": 0,
                "extras": 0,
                "total": 0
              }
            },
            {
              "batter": "RG Sharma",
              "bowler": "AM Guruge",
              "non_striker": "S Dhawan",
              "runs": {
                "batter": 0,
                "extras": 0,
                "total": 0
              }
            }
          ]
        },
        {
          "over": 2,
          "deliveries": [
            {
              "batter": "S Dhawan",
              "bowler": "Mohammad Naveed",
              "non_striker": "RG Sharma",
              "runs": {
                "batter": 1,
                "extras": 0,
                "total": 1
              }
            },
            {
              "batter": "RG Sharma",
              "bowler": "Mohammad Naveed",
              "non_striker": "S Dhawan",
              "runs": {
                "batter": 0,
                "extras": 0,
                "total": 0
              }
            },
            {
              "batter": "RG Sharma",
              "bowler": "Mohammad Naveed",
              "non_striker": "S Dhawan",
              "runs": {
                "batter": 0,
                "extras": 0,
                "total": 0
              }
            },
            {
              "batter": "RG Sharma",
              "bowler": "Mohammad Naveed",
              "non_striker": "S Dhawan",
              "runs": {
                "batter": 0,
                "extras": 0,
                "total": 0
              }
            },
            {
              "batter": "RG Sharma",
              "bowler": "Mohammad Naveed",
              "non_striker": "S Dhawan",
              "runs": {
                "batter": 4,
                "extras": 0,
                "total": 4
              }
            },
            {
              "batter": "RG Sharma",
              "bowler": "Mohammad Naveed",
              "non_striker": "S Dhawan",
              "runs": {
                "batter": 0,
                "extras": 0,
                "total": 0
              }
            }
          ]
        },
        {
          "over": 3,
          "deliveries": [
            {
              "batter": "S Dhawan",
              "bowler": "AM Guruge",
              "non_striker": "RG Sharma",
              "runs": {
                "batter": 0,
                "extras": 0,
                "total": 0
              }
            },
            {
              "batter": "S Dhawan",
              "bowler": "AM Guruge",
              "non_striker": "RG Sharma",
              "runs": {
                "batter": 0,
                "extras": 0,
                "total": 0
              }
            },
            {
              "batter": "S Dhawan",
              "bowler": "AM Guruge",
              "non_striker": "RG Sharma",
              "runs": {
                "batter": 0,
                "extras": 0,
                "total": 0
              }
            },
            {
              "batter": "S Dhawan",
              "bowler": "AM Guruge",
              "non_striker": "RG Sharma",
              "runs": {
                "batter": 0,
                "extras": 0,
                "total": 0
              }
            },
            {
              "batter": "S Dhawan",
              "bowler": "AM Guruge",
              "non_striker": "RG Sharma",
              "runs": {
                "batter": 0,
                "extras": 0,
                "total": 0
              }
            },
            {
              "batter": "S Dhawan",
              "bowler": "AM Guruge",
              "non_striker": "RG Sharma",
              "runs": {
                "batter": 0,
                "extras": 0,
                "total": 0
              }
            }
          ]
        },
        {
          "over": 4,
          "deliveries": [
            {
              "batter": "RG Sharma",
              "bowler": "Mohammad Naveed",
              "non_striker": "S Dhawan",
              "runs": {
                "batter": 0,
                "extras": 0,
                "total": 0
              }
            },
            {
              "batter": "RG Sharma",
              "bowler": "Mohammad Naveed",
              "non_striker": "S Dhawan",
              "runs": {
                "batter": 0,
                "extras": 0,
                "total": 0
              }
            },
            {
              "batter": "RG Sharma",
              "bowler": "Mohammad Naveed",
              "non_striker": "S Dhawan",
              "runs": {
                "batter": 1,
                "extras": 0,
                "total": 1
              }
            },
            {
              "batter": "S Dhawan",
              "bowler": "Mohammad Naveed",
              "non_striker": "RG Sharma",
              "runs": {
                "batter": 4,
                "extras": 0,
                "total": 4
              }
            },
            {
              "batter": "S Dhawan",
              "bowler": "Mohammad Naveed",
              "non_striker": "RG Sharma",
              "runs": {
                "batter": 0,
                "extras": 0,
                "total": 0
              }
            },
            {
              "batter": "S Dhawan",
              "bowler": "Mohammad Naveed",
              "non_striker": "RG Sharma",
              "runs": {
                "batter": 4,
                "extras": 0,
                "total": 4
              }
            }
          ]
        },
        {
          "over": 5,
          "deliveries": [
            {
              "batter": "RG Sharma",
              "bowler": "AM Guruge",
              "non_striker": "S Dhawan",
              "runs": {
                "batter": 0,
                "extras": 0,
                "total": 0
              }
            },
            {
              "batter": "RG Sharma",
              "bowler": "AM Guruge",
              "non_striker": "S Dhawan",
              "runs": {
                "batter": 0,
                "extras": 0,
                "total": 0
              }
            },
            {
              "batter": "RG Sharma",
              "bowler": "AM Guruge",
              "non_striker": "S Dhawan",
              "runs": {
                "batter": 6,
                "extras": 0,
                "total": 6
              }
            },
            {
              "batter": "RG Sharma",
              "bowler": "AM Guruge",
              "non_striker": "S Dhawan",
              "runs": {
                "batter": 0,
                "extras": 0,
                "total": 0
              }
            },
            {
              "batter": "RG Sharma",
              "bowler": "AM Guruge",
              "non_striker": "S Dhawan",
              "runs": {
                "batter": 0,
                "extras": 0,
                "total": 0
              }
            },
            {
              "batter": "RG Sharma",
              "bowler": "AM Guruge",
              "non_striker": "S Dhawan",
              "runs": {
                "batter": 0,
                "extras": 0,
                "total": 0
              }
            }
          ]
        },
        {
          "over": 6,
          "deliveries": [
            {
              "batter": "S Dhawan",
              "bowler": "Mohammad Naveed",
              "non_striker": "RG Sharma",
              "runs": {
                "batter": 0,
                "extras": 0,
                "total": 0
              }
            },
            {
              "batter": "S Dhawan",
              "bowler": "Mohammad Naveed",
              "non_striker": "RG Sharma",
              "runs": {
                "batter": 4,
                "extras": 0,
                "total": 4
              }
            },
            {
              "batter": "S Dhawan",
              "bowler": "Mohammad Naveed",
              "non_striker": "RG Sharma",
              "runs": {
                "batter": 0,
                "extras": 0,
                "total": 0
              },
              "wickets": [
                {
                  "kind": "caught",
                  "player_out": "S Dhawan",
                  "fielders": [
                    {
                      "name": "Rohan Mustafa"
                    }
                  ]
                }
              ]
            },
            {
              "batter": "V Kohli",
              "bowler": "Mohammad Naveed",
              "non_striker": "RG Sharma",
              "runs": {
                "batter": 0,
                "extras": 0,
                "total": 0
              }
            },
            {
              "batter": "V Kohli",
              "bowler": "Mohammad Naveed",
              "non_striker": "RG Sharma",
              "runs": {
                "batter": 1,
                "extras": 0,
                "total": 1
              }
            },
            {
              "batter": "RG Sharma",
              "bowler": "Mohammad Naveed",
              "non_striker": "V Kohli",
              "runs": {
                "batter": 0,
                "extras": 0,
                "total": 0
              }
            }
          ]
        },
        {
          "over": 7,
          "deliveries": [
            {
              "batter": "V Kohli",
              "bowler": "AM Guruge",
              "non_striker": "RG Sharma",
              "runs": {
                "batter": 0,
                "extras": 0,
                "total": 0
              }
            },
            {
              "batter": "V Kohli",
              "bowler": "AM Guruge",
              "non_striker": "RG Sharma",
              "runs": {
                "batter": 0,
                "extras": 0,
                "total": 0
              }
            },
            {
              "batter": "V Kohli",
              "bowler": "AM Guruge",
              "non_striker": "RG Sharma",
              "runs": {
                "batter": 0,
                "extras": 0,
                "total": 0
              }
            },
            {
              "batter": "V Kohli",
              "bowler": "AM Guruge",
              "non_striker": "RG Sharma",
              "runs": {
                "batter": 4,
                "extras": 0,
                "total": 4
              }
            },
            {
              "batter": "V Kohli",
              "bowler": "AM Guruge",
              "non_striker": "RG Sharma",
              "runs": {
                "batter": 0,
                "extras": 0,
                "total": 0
              }
            },
            {
              "batter": "V Kohli",
              "bowler": "AM Guruge",
              "non_striker": "RG Sharma",
              "runs": {
                "batter": 0,
                "extras": 0,
                "total": 0
              }
            }
          ]
        },
        {
          "over": 8,
          "deliveries": [
            {
              "batter": "RG Sharma",
              "bowler": "Mohammad Naveed",
              "non_striker": "V Kohli",
              "runs": {
                "batter": 0,
                "extras": 0,
                "total": 0
              }
            },
            {
              "batter": "RG Sharma",
              "bowler": "Mohammad Naveed",
              "non_striker": "V Kohli",
              "runs": {
                "batter": 0,
                "extras": 0,
                "total": 0
              }
            },
            {
              "batter": "RG Sharma",
              "bowler": "Mohammad Naveed",
              "non_striker": "V Kohli",
              "runs": {
                "batter": 4,
                "extras": 0,
                "total": 4
              }
            },
            {
              "batter": "RG Sharma",
              "bowler": "Mohammad Naveed",
              "non_striker": "V Kohli",
              "runs": {
                "batter": 4,
                "extras": 0,
                "total": 4
              }
            },
            {
              "batter": "RG Sharma",
              "bowler": "Mohammad Naveed",
              "non_striker": "V Kohli",
              "runs": {
                "batter": 0,
                "extras": 0,
                "total": 0
              }
            },
            {
              "batter": "RG Sharma",
              "bowler": "Mohammad Naveed",
              "non_striker": "V Kohli",
              "runs": {
                "batter": 4,
                "extras": 0,
                "total": 4
              }
            }
          ]
        },
        {
          "over": 9,
          "deliveries": [
            {
              "batter": "V Kohli",
              "bowler": "AM Guruge",
              "non_striker": "RG Sharma",
              "runs": {
                "batter": 4,
                "extras": 0,
                "total": 4
              }
            },
            {
              "batter": "V Kohli",
              "bowler": "AM Guruge",
              "non_striker": "RG Sharma",
              "runs": {
                "batter": 0,
                "extras": 0,
                "total": 0
              }
            },
            {
              "batter": "V Kohli",
              "bowler": "AM Guruge",
              "non_striker": "RG Sharma",
              "runs": {
                "batter": 2,
                "extras": 0,
                "total": 2
              }
            },
            {
              "batter": "V Kohli",
              "bowler": "AM Guruge",
              "non_striker": "RG Sharma",
              "runs": {
                "batter": 0,
                "extras": 0,
                "total": 0
              }
            },
            {
              "batter": "V Kohli",
              "bowler": "AM Guruge",
              "non_striker": "RG Sharma",
              "runs": {
                "batter": 0,
                "extras": 0,
                "total": 0
              }
            },
            {
              "batter": "V Kohli",
              "bowler": "AM Guruge",
              "non_striker": "RG Sharma",
              "runs": {
                "batter": 0,
                "extras": 0,
                "total": 0
              }
            }
          ]
        },
        {
          "over": 10,
          "deliveries": [
            {
              "batter": "RG Sharma",
              "bowler": "Amjad Javed",
              "non_striker": "V Kohli",
              "runs": {
                "batter": 1,
                "extras": 0,
                "total": 1
              }
            },
            {
              "batter": "V Kohli",
              "bowler": "Amjad Javed",
              "non_striker": "RG Sharma",
              "runs": {
                "batter": 0,
                "extras": 0,
                "total": 0
              }
            },
            {
              "batter": "V Kohli",
              "bowler": "Amjad Javed",
              "non_striker": "RG Sharma",
              "runs": {
                "batter": 1,
                "extras": 0,
                "total": 1
              }
            },
            {
              "batter": "RG Sharma",
              "bowler": "Amjad Javed",
              "non_striker": "V Kohli",
              "runs": {
                "batter": 0,
                "extras": 0,
                "total": 0
              }
            },
            {
              "batter": "RG Sharma",
              "bowler": "Amjad Javed",
              "non_striker": "V Kohli",
              "runs": {
                "batter": 4,
                "extras": 0,
                "total": 4
              }
            },
            {
              "batter": "RG Sharma",
              "bowler": "Amjad Javed",
              "non_striker": "V Kohli",
              "runs": {
                "batter": 1,
                "extras": 0,
                "total": 1
              }
            }
          ]
        },
        {
          "over": 11,
          "deliveries": [
            {
              "batter": "RG Sharma",
              "bowler": "AM Guruge",
              "non_striker": "V Kohli",
              "runs": {
                "batter": 0,
                "extras": 0,
                "total": 0
              }
            },
            {
              "batter": "RG Sharma",
              "bowler": "AM Guruge",
              "non_striker": "V Kohli",
              "runs": {
                "batter": 0,
                "extras": 0,
                "total": 0
              }
            },
            {
              "batter": "RG Sharma",
              "bowler": "AM Guruge",
              "non_striker": "V Kohli",
              "runs": {
                "batter": 1,
                "extras": 0,
                "total": 1
              }
            },
            {
              "batter": "V Kohli",
              "bowler": "AM Guruge",
              "non_striker": "RG Sharma",
              "runs": {
                "batter": 0,
                "extras": 0,
                "total": 0
              }
            },
            {
              "batter": "V Kohli",
              "bowler": "AM Guruge",
              "non_striker": "RG Sharma",
              "runs": {
                "batter": 0,
                "extras": 0,
                "total": 0
              }
            },
            {
              "batter": "V Kohli",
              "bowler": "AM Guruge",
              "non_striker": "RG Sharma",
              "runs": {
                "batter": 1,
                "extras": 0,
                "total": 1
              }
            }
          ]
        },
        {
          "over": 12,
          "deliveries": [
            {
              "batter": "V Kohli",
              "bowler": "Amjad Javed",
              "non_striker": "RG Sharma",
              "runs": {
                "batter": 4,
                "extras": 0,
                "total": 4
              }
            },
            {
              "batter": "V Kohli",
              "bowler": "Amjad Javed",
              "non_striker": "RG Sharma",
              "runs": {
                "batter": 0,
                "extras": 0,
                "total": 0
              }
            },
            {
              "batter": "V Kohli",
              "bowler": "Amjad Javed",
              "non_striker": "RG Sharma",
              "runs": {
                "batter": 0,
                "extras": 0,
                "total": 0
              }
            },
            {
              "batter": "V Kohli",
              "bowler": "Amjad Javed",
              "non_striker": "RG Sharma",
              "runs": {
                "batter": 1,
                "extras": 0,
                "total": 1
              }
            },
            {
              "batter": "RG Sharma",
              "bowler": "Amjad Javed",
              "non_striker": "V Kohli",
              "runs": {
                "batter": 0,
                "extras": 0,
                "total": 0
              }
            },
            {
              "batter": "RG Sharma",
              "bowler": "Amjad Javed",
              "non_striker": "V Kohli",
              "runs": {
                "batter": 0,
                "extras": 0,
                "total": 0
              }
            }
          ]
        },
        {
          "over": 13,
          "deliveries": [
            {
              "batter": "V Kohli",
              "bowler": "Krishna Chandran",
              "non_striker": "RG Sharma",
              "runs": {
                "batter": 0,
                "extras": 0,
                "total": 0
              }
            },
            {
              "batter": "V Kohli",
              "bowler": "Krishna Chandran",
              "non_striker": "RG Sharma",
              "runs": {
                "batter": 0,
                "extras": 0,
                "total": 0
              }
            },
            {
              "batter": "V Kohli",
              "bowler": "Krishna Chandran",
              "non_striker": "RG Sharma",
              "runs": {
                "batter": 1,
                "extras": 0,
                "total": 1
              }
            },
            {
              "batter": "RG Sharma",
              "bowler": "Krishna Chandran",
              "non_striker": "V Kohli",
              "runs": {
                "batter": 1,
                "extras": 0,
                "total": 1
              }
            },
            {
              "batter": "V Kohli",
              "bowler": "Krishna Chandran",
              "non_striker": "RG Sharma",
              "runs": {
                "batter": 4,
                "extras": 0,
                "total": 4
              }
            },
            {
              "batter": "V Kohli",
              "bowler": "Krishna Chandran",
              "non_striker": "RG Sharma",
              "runs": {
                "batter": 0,
                "extras": 0,
                "total": 0
              }
            }
          ]
        },
        {
          "over": 14,
          "deliveries": [
            {
              "batter": "RG Sharma",
              "bowler": "Mohammad Tauqir",
              "non_striker": "V Kohli",
              "runs": {
                "batter": 1,
                "extras": 0,
                "total": 1
              }
            },
            {
              "batter": "V Kohli",
              "bowler": "Mohammad Tauqir",
              "non_striker": "RG Sharma",
              "runs": {
                "batter": 1,
                "extras": 0,
                "total": 1
              }
            },
            {
              "batter": "RG Sharma",
              "bowler": "Mohammad Tauqir",
              "non_striker": "V Kohli",
              "runs": {
                "batter": 0,
                "extras": 0,
                "total": 0
              }
            },
            {
              "batter": "RG Sharma",
              "bowler": "Mohammad Tauqir",
              "non_striker": "V Kohli",
              "runs": {
                "batter": 4,
                "extras": 0,
                "total": 4
              }
            },
            {
              "batter": "RG Sharma",
              "bowler": "Mohammad Tauqir",
              "non_striker": "V Kohli",
              "runs": {
                "batter": 4,
                "extras": 0,
                "total": 4
              }
            },
            {
              "batter": "RG Sharma",
              "bowler": "Mohammad Tauqir",
              "non_striker": "V Kohli",
              "runs": {
                "batter": 1,
                "extras": 0,
                "total": 1
              }
            }
          ]
        },
        {
          "over": 15,
          "deliveries": [
            {
              "batter": "RG Sharma",
              "bowler": "Krishna Chandran",
              "non_striker": "V Kohli",
              "runs": {
                "batter": 1,
                "extras": 0,
                "total": 1
              }
            },
            {
              "batter": "V Kohli",
              "bowler": "Krishna Chandran",
              "non_striker": "RG Sharma",
              "runs": {
                "batter": 2,
                "extras": 0,
                "total": 2
              }
            },
            {
              "batter": "V Kohli",
              "bowler": "Krishna Chandran",
              "non_striker": "RG Sharma",
              "runs": {
                "batter": 1,
                "extras": 0,
                "total": 1
              }
            },
            {
              "batter": "RG Sharma",
              "bowler": "Krishna Chandran",
              "non_striker": "V Kohli",
              "runs": {
                "batter": 1,
                "extras": 0,
                "total": 1
              }
            },
            {
              "batter": "V Kohli",
              "bowler": "Krishna Chandran",
              "non_striker": "RG Sharma",
              "runs": {
                "batter": 0,
                "extras": 0,
                "total": 0
              }
            },
            {
              "batter": "V Kohli",
              "bowler": "Krishna Chandran",
              "non_striker": "RG Sharma",
              "runs": {
                "batter": 0,
                "extras": 0,
                "total": 0
              }
            }
          ]
        },
        {
          "over": 16,
          "deliveries": [
            {
              "batter": "RG Sharma",
              "bowler": "Mohammad Tauqir",
              "non_striker": "V Kohli",
              "runs": {
                "batter": 1,
                "extras": 0,
                "total": 1
              }
            },
            {
              "batter": "V Kohli",
              "bowler": "Mohammad Tauqir",
              "non_striker": "RG Sharma",
              "runs": {
                "batter": 0,
                "extras": 0,
                "total": 0
              }
            },
            {
              "batter": "V Kohli",
              "bowler": "Mohammad Tauqir",
              "non_striker": "RG Sharma",
              "runs": {
                "batter": 0,
                "extras": 0,
                "total": 0
              }
            },
            {
              "batter": "V Kohli",
              "bowler": "Mohammad Tauqir",
              "non_striker": "RG Sharma",
              "runs": {
                "batter": 1,
                "extras": 0,
                "total": 1
              }
            },
            {
              "batter": "RG Sharma",
              "bowler": "Mohammad Tauqir",
              "non_striker": "V Kohli",
              "runs": {
                "batter": 4,
                "extras": 0,
                "total": 4
              }
            },
            {
              "batter": "RG Sharma",
              "bowler": "Mohammad Tauqir",
              "non_striker": "V Kohli",
              "runs": {
                "batter": 0,
                "extras": 0,
                "total": 0
              }
            }
          ]
        },
        {
          "over": 17,
          "deliveries": [
            {
              "batter": "V Kohli",
              "bowler": "Krishna Chandran",
              "non_striker": "RG Sharma",
              "runs": {
                "batter": 0,
                "extras": 0,
                "total": 0
              }
            },
            {
              "batter": "V Kohli",
              "bowler": "Krishna Chandran",
              "non_striker": "RG Sharma",
              "runs": {
                "batter": 0,
                "extras": 0,
                "total": 0
              }
            },
            {
              "batter": "V Kohli",
              "bowler": "Krishna Chandran",
              "non_striker": "RG Sharma",
              "runs": {
                "batter": 1,
                "extras": 0,
                "total": 1
              }
            },
            {
              "batter": "RG Sharma",
              "bowler": "Krishna Chandran",
              "non_striker": "V Kohli",
              "runs": {
                "batter": 1,
                "extras": 0,
                "total": 1
              }
            },
            {
              "batter": "V Kohli",
              "bowler": "Krishna Chandran",
              "non_striker": "RG Sharma",
              "runs": {
                "batter": 4,
                "extras": 0,
                "total": 4
              }
            },
            {
              "batter": "V Kohli",
              "bowler": "Krishna Chandran",
              "non_striker": "RG Sharma",
              "runs": {
                "batter": 0,
                "extras": 0,
                "total": 0
              }
            }
          ]
        },
        {
          "over": 18,
          "deliveries": [
            {
              "batter": "RG Sharma",
              "bowler": "Mohammad Tauqir",
              "non_striker": "V Kohli",
              "runs": {
                "batter": 0,
                "extras": 0,
                "total": 0
              }
            },
            {
              "batter": "RG Sharma",
              "bowler": "Mohammad Tauqir",
              "non_striker": "V Kohli",
              "runs": {
                "batter": 0,
                "extras": 0,
                "total": 0
              }
            },
            {
              "batter": "RG Sharma",
              "bowler": "Mohammad Tauqir",
              "non_striker": "V Kohli",
              "runs": {
                "batter": 0,
                "extras": 0,
                "total": 0
              }
            },
            {
              "batter": "RG Sharma",
              "bowler": "Mohammad Tauqir",
              "non_striker": "V Kohli",
              "runs": {
                "batter": 0,
                "extras": 0,
                "total": 0
              }
            },
            {
              "batter": "RG Sharma",
              "bowler": "Mohammad Tauqir",
              "non_striker": "V Kohli",
              "runs": {
                "batter": 4,
                "extras": 0,
                "total": 4
              }
            }
          ]
        }
      ],
      "powerplays": [
        {
          "from": 0.1,
          "to": 9.6,
          "type": "mandatory"
        },
        {
          "from": 16.1,
          "to": 18.5,
          "type": "batting"
        }
      ],
      "target": {
        "overs": 50,
        "runs": 103
      }
    }
  ]
}