{
  "meta": {
    "data_version": "1.0.0",
    "created": "2015-03-15",
    "revision": 1
  },
  "info": {
    "balls_per_over": 6,
    "city": "Hobart",
    "dates": [
      "2015-03-14"
    ],
    "event": {
      "group": "A",
      "match_number": 40,
      "name": "ICC Cricket World Cup"
    },
    "gender": "male",
    "match_type": "ODI",
    "match_type_number": 3637,
    "officials": {
      "match_referees": [
        "JJ Crowe"
      ],
      "reserve_umpires": [
        "MA Gough"
      ],
      "tv_umpires": [
        "JS Wilson"
      ],
      "umpires": [
        "IJ Gould",
        "RK Illingworth"
      ]
    },
    "outcome": {
      "by": {
        "wickets": 7
      },
      "winner": "Australia"
    },
    "overs": 50,
    "player_of_match": [
      "MA Starc"
    ],
    "players": {
      "Australia": [
        "MJ Clarke",
        "AJ Finch",
        "SR Watson",
        "JP Faulkner",
        "DA Warner",
        "SPD Smith",
        "GJ Maxwell",
        "BJ Haddin",
        "MG Johnson",
        "MA Starc",
        "PJ Cummins"
      ],
      "Scotland": [
        "KJ Coetzer",
        "CS MacLeod",
        "MW Machan",
        "PL Mommsen",
        "FRJ Coleman",
        "RD Berrington",
        "MH Cross",
        "JH Davey",
        "RML Taylor",
        "MA Leask",
        "I Wardlaw"
      ]
    },
    "registry": {
      "people": {
        "AJ Finch": "b8d490fd",
        "BJ Haddin": "b0c772ee",
        "CS MacLeod": "9c376401",
        "DA Warner": "dcce6f09",
        "FRJ Coleman": "971c3f6d",
        "GJ Maxwell": "b681e71e",
        "I Wardlaw": "7429c452",
        "IJ Gould": "a9dfdf6c",
        "JH Davey": "d3868bd0",
        "JJ Crowe": "2e760301",
        "JP Faulkner": "808f425a",
        "JS Wilson": "d7f3b72f",
        "KJ Coetzer": "85d8110a",
        "MA Gough": "76752ac8",
        "MA Leask": "28131839",
        "MA Starc": "3fb19989",
        "MG Johnson": "f5180fe6",
        "MH Cross": "8b261d84",
        "MJ Clarke": "f842c2cf",
        "MW Machan": "8c7d6cbe",
        "PJ Cummins": "ded9240e",
        "PL Mommsen": "a56f4b65",
        "RD Berrington": "e21bc7f3",
        "RK Illingworth": "20672246",
        "RML Taylor": "7fa2ab1f",
        "SPD Smith": "30a45b23",
        "SR Watson": "4329fbb5"
      }
    },
    "season": "2014/15",
    "team_type": "international",
    "teams": [
      "Australia",
      "Scotland"
    ],
    "toss": {
      "decision": "field",
      "winner": "Australia"
    },
    "venue": "Bellerive Oval"
  },
  "innings": [
    {
      "team": "Scotland",
      "overs": [
        {
          "over": 0,
          "deliveries": [
            {
              "batter": "KJ Coetzer",
              "bowler": "MA Starc",
              "non_striker": "CS MacLeod",
              "runs": {
                "batter": 0,
                "extras": 0,
                "total": 0
              }
            },
            {
              "batter": "KJ Coetzer",
              "bowler": "MA Starc",
              "non_striker": "CS MacLeod",
              "runs": {
                "batter": 0,
                "extras": 0,
                "total": 0
              }
            },
            {
              "batter": "KJ Coetzer",
              "bowler": "MA Starc",
              "non_striker": "CS MacLeod",
              "runs": {
                "batter": 0,
                "extras": 0,
                "total": 0
              }
            },
            {
              "batter": "KJ Coetzer",
              "bowler": "MA Starc",
              "non_striker": "CS MacLeod",
              "runs": {
                "batter": 0,
                "extras": 0,
                "total": 0
              }
            },
            {
              "batter": "KJ Coetzer",
              "bowler": "MA Starc",
              "non_striker": "CS MacLeod",
              "runs": {
                "batter": 0,
                "extras": 0,
                "total": 0
              }
            },
            {
              "batter": "KJ Coetzer",
              "bowler": "MA Starc",
              "non_striker": "CS MacLeod",
              "runs": {
                "batter": 0,
                "extras": 0,
                "total": 0
              }
            }
          ]
        },
        {
          "over": 1,
          "deliveries": [
            {
              "batter": "CS MacLeod",
              "bowler": "PJ Cummins",
              "non_striker": "KJ Coetzer",
              "runs": {
                "batter": 0,
                "extras": 0,
                "total": 0
              }
            },
            {
              "batter": "CS MacLeod",
              "bowler": "PJ Cummins",
              "non_striker": "KJ Coetzer",
              "runs": {
                "batter": 0,
                "extras": 0,
                "total": 0
              }
            },
            {
              "batter": "CS MacLeod",
              "bowler": "PJ Cummins",
              "non_striker": "KJ Coetzer",
              "runs": {
                "batter": 0,
                "extras": 0,
                "total": 0
              }
            },
            {
              "batter": "CS MacLeod",
              "bowler": "PJ Cummins",
              "non_striker": "KJ Coetzer",
              "runs": {
                "batter": 0,
                "extras": 0,
                "total": 0
              }
            },
            {
              "batter": "CS MacLeod",
              "bowler": "PJ Cummins",
              "non_striker": "KJ Coetzer",
              "runs": {
                "batter": 4,
                "extras": 0,
                "total": 4
              }
            },
            {
              "batter": "CS MacLeod",
              "bowler": "PJ Cummins",
              "non_striker": "KJ Coetzer",
              "runs": {
                "batter": 4,
                "extras": 0,
                "total": 4
              }
            }
          ]
        },
        {
          "over": 2,
          "deliveries": [
            {
              "batter": "KJ Coetzer",
              "bowler": "MA Starc",
              "non_striker": "CS MacLeod",
              "runs": {
                "batter": 0,
                "extras": 0,
                "total": 0
              }
            },
            {
              "batter": "KJ Coetzer",
              "bowler": "MA Starc",
              "non_striker": "CS MacLeod",
              "runs": {
                "batter": 0,
                "extras": 0,
                "total": 0
              }
            },
            {
              "batter": "KJ Coetzer",
              "bowler": "MA Starc",
              "non_striker": "CS MacLeod",
              "runs": {
                "batter": 0,
                "extras": 0,
                "total": 0
              }
            },
            {
              "batter": "KJ Coetzer",
              "bowler": "MA Starc",
              "non_striker": "CS MacLeod",
              "runs": {
                "batter": 0,
                "extras": 0,
                "total": 0
              }
            },
            {
              "batter": "KJ Coetzer",
              "bowler": "MA Starc",
              "non_striker": "CS MacLeod",
              "runs": {
                "batter": 0,
                "extras": 0,
                "total": 0
              },
              "wickets": [
                {
                  "kind": "caught",
                  "player_out": "KJ Coetzer",
                  "fielders": [
                    {
                      "name": "SPD Smith"
                    }
                  ]
                }
              ]
            },
            {
              "batter": "MW Machan",
              "bowler": "MA Starc",
              "non_striker": "CS MacLeod",
              "runs": {
                "batter": 1,
                "extras": 0,
                "total": 1
              }
            }
          ]
        },
        {
          "over": 3,
          "deliveries": [
            {
              "batter": "MW Machan",
              "bowler": "PJ Cummins",
              "non_striker": "CS MacLeod",
              "runs": {
                "batter": 1,
                "extras": 0,
                "total": 1
              }
            },
            {
              "batter": "CS MacLeod",
              "bowler": "PJ Cummins",
              "non_striker": "MW Machan",
              "runs": {
                "batter": 4,
                "extras": 0,
                "total": 4
              }
            },
            {
              "batter": "CS MacLeod",
              "bowler": "PJ Cummins",
              "non_striker": "MW Machan",
              "runs": {
                "batter": 0,
                "extras": 0,
                "total": 0
              }
            },
            {
              "batter": "CS MacLeod",
              "bowler": "PJ Cummins",
              "non_striker": "MW Machan",
              "runs": {
                "batter": 0,
                "extras": 0,
                "total": 0
              }
            },
            {
              "batter": "CS MacLeod",
              "bowler": "PJ Cummins",
              "non_striker": "MW Machan",
              "runs": {
                "batter": 4,
                "extras": 0,
                "total": 4
              }
            },
            {
              "batter": "CS MacLeod",
              "bowler": "PJ Cummins",
              "non_striker": "MW Machan",
              "runs": {
                "batter": 0,
                "extras": 0,
                "total": 0
              }
            }
          ]
        },
        {
          "over": 4,
          "deliveries": [
            {
              "batter": "MW Machan",
              "bowler": "MA Starc",
              "non_striker": "CS MacLeod",
              "runs": {
                "batter": 2,
                "extras": 0,
                "total": 2
              }
            },
            {
              "batter": "MW Machan",
              "bowler": "MA Starc",
              "non_striker": "CS MacLeod",
              "runs": {
                "batter": 0,
                "extras": 0,
                "total": 0
              }
            },
            {
              "batter": "MW Machan",
              "bowler": "MA Starc",
              "non_striker": "CS MacLeod",
              "runs": {
                "batter": 4,
                "extras": 0,
                "total": 4
              }
            },
            {
              "batter": "MW Machan",
              "bowler": "MA Starc",
              "extras": {
                "wides": 1
              },
              "non_striker": "CS MacLeod",
              "runs": {
                "batter": 0,
                "extras": 1,
                "total": 1
              }
            },
            {
              "batter": "MW Machan",
              "bowler": "MA Starc",
              "non_striker": "CS MacLeod",
              "runs": {
                "batter": 0,
                "extras": 0,
                "total": 0
              }
            },
            {
              "batter": "MW Machan",
              "bowler": "MA Starc",
              "non_striker": "CS MacLeod",
              "runs": {
                "batter": 0,
                "extras": 0,
                "total": 0
              }
            },
            {
              "batter": "MW Machan",
              "bowler": "MA Starc",
              "non_striker": "CS MacLeod",
              "runs": {
                "batter": 0,
                "extras": 0,
                "total": 0
              }
            }
          ]
        },
        {
          "over": 5,
          "deliveries": [
            {
              "batter": "CS MacLeod",
              "bowler": "SR Watson",
              "non_striker": "MW Machan",
              "runs": {
                "batter": 0,
                "extras": 0,
                "total": 0
              }
            },
            {
              "batter": "CS MacLeod",
              "bowler": "SR Watson",
              "non_striker": "MW Machan",
              "runs": {
                "batter": 0,
                "extras": 0,
                "total": 0
              }
            },
            {
              "batter": "CS MacLeod",
              "bowler": "SR Watson",
              "non_striker": "MW Machan",
              "runs": {
                "batter": 1,
                "extras": 0,
                "total": 1
              }
            },
            {
              "batter": "MW Machan",
              "bowler": "SR Watson",
              "non_striker": "CS MacLeod",
              "runs": {
                "batter": 0,
                "extras": 0,
                "total": 0
              }
            },
            {
              "batter": "MW Machan",
              "bowler": "SR Watson",
              "non_striker": "CS MacLeod",
              "runs": {
                "batter": 4,
                "extras": 0,
                "total": 4
              }
            },
            {
              "batter": "MW Machan",
              "bowler": "SR Watson",
              "non_striker": "CS MacLeod",
              "runs": {
                "batter": 0,
                "extras": 0,
                "total": 0
              }
            }
          ]
        },
        {
          "over": 6,
          "deliveries": [
            {
              "batter": "CS MacLeod",
              "bowler": "MA Starc",
              "non_striker": "MW Machan",
              "runs": {
                "batter": 4,
                "extras": 0,
                "total": 4
              }
            },
            {
              "batter": "CS MacLeod",
              "bowler": "MA Starc",
              "non_striker": "MW Machan",
              "runs": {
                "batter": 1,
                "extras": 0,
                "total": 1
              }
            },
            {
              "batter": "MW Machan",
              "bowler": "MA Starc",
              "non_striker": "CS MacLeod",
              "runs": {
                "batter": 1,
                "extras": 0,
                "total": 1
              }
            },
            {
              "batter": "CS MacLeod",
              "bowler": "MA Starc",
              "non_striker": "MW Machan",
              "runs": {
                "batter": 0,
                "extras": 0,
                "total": 0
              }
            },
            {
              "batter": "CS MacLeod",
              "bowler": "MA Starc",
              "non_striker": "MW Machan",
              "runs": {
                "batter": 0,
                "extras": 0,
                "total": 0
              }
            },
            {
              "batter": "CS MacLeod",
              "bowler": "MA Starc",
              "non_striker": "MW Machan",
              "runs": {
                "batter": 0,
                "extras": 0,
                "total": 0
              },
              "wickets": [
                {
                  "kind": "caught",
                  "player_out": "CS MacLeod",
                  "fielders": [
                    {
                      "name": "DA Warner"
                    }
                  ]
                }
              ]
            }
          ]
        },
        {
          "over": 7,
          "deliveries": [
            {
              "batter": "MW Machan",
              "bowler": "SR Watson",
              "non_striker": "PL Mommsen",
              "runs": {
                "batter": 1,
                "extras": 0,
                "total": 1
              }
            },
            {
              "batter": "PL Mommsen",
              "bowler": "SR Watson",
              "non_striker": "MW Machan",
              "runs": {
                "batter": 0,
                "extras": 0,
                "total": 0
              }
            },
            {
              "batter": "PL Mommsen",
              "bowler": "SR Watson",
              "non_striker": "MW Machan",
              "runs": {
                "batter": 0,
                "extras": 0,
                "total": 0
              },
              "wickets": [
                {
                  "kind": "caught",
                  "player_out": "PL Mommsen",
                  "fielders": [
                    {
                      "name": "MA Starc"
                    }
                  ]
                }
              ]
            },
            {
              "batter": "MW Machan",
              "bowler": "SR Watson",
              "non_striker": "FRJ Coleman",
              "runs": {
                "batter": 0,
                "extras": 0,
                "total": 0
              }
            },
            {
              "batter": "MW Machan",
              "bowler": "SR Watson",
              "non_striker": "FRJ Coleman",
              "runs": {
                "batter": 2,
                "extras": 0,
                "total": 2
              }
            },
            {
              "batter": "MW Machan",
              "bowler": "SR Watson",
              "non_striker": "FRJ Coleman",
              "runs": {
                "batter": 4,
                "extras": 0,
                "total": 4
              }
            }
          ]
        },
        {
          "over": 8,
          "deliveries": [
            {
              "batter": "FRJ Coleman",
              "bowler": "MG Johnson",
              "non_striker": "MW Machan",
              "runs": {
                "batter": 0,
                "extras": 0,
                "total": 0
              }
            },
            {
              "batter": "FRJ Coleman",
              "bowler": "MG Johnson",
              "non_striker": "MW Machan",
              "runs": {
                "batter": 0,
                "extras": 0,
                "total": 0
              }
            },
            {
              "batter": "FRJ Coleman",
              "bowler": "MG Johnson",
              "non_striker": "MW Machan",
              "runs": {
                "batter": 0,
                "extras": 0,
                "total": 0
              }
            },
            {
              "batter": "FRJ Coleman",
              "bowler": "MG Johnson",
              "non_striker": "MW Machan",
              "runs": {
                "batter": 0,
                "extras": 0,
                "total": 0
              }
            },
            {
              "batter": "FRJ Coleman",
              "bowler": "MG Johnson",
              "non_striker": "MW Machan",
              "runs": {
                "batter": 0,
                "extras": 0,
                "total": 0
              }
            },
            {
              "batter": "FRJ Coleman",
              "bowler": "MG Johnson",
              "non_striker": "MW Machan",
              "runs": {
                "batter": 0,
                "extras": 0,
                "total": 0
              }
            }
          ]
        },
        {
          "over": 9,
          "deliveries": [
            {
              "batter": "MW Machan",
              "bowler": "SR Watson",
              "non_striker": "FRJ Coleman",
              "runs": {
                "batter": 0,
                "extras": 0,
                "total": 0
              }
            },
            {
              "batter": "MW Machan",
              "bowler": "SR Watson",
              "non_striker": "FRJ Coleman",
              "runs": {
                "batter": 2,
                "extras": 0,
                "total": 2
              }
            },
            {
              "batter": "MW Machan",
              "bowler": "SR Watson",
              "non_striker": "FRJ Coleman",
              "runs": {
                "batter": 4,
                "extras": 0,
                "total": 4
              }
            },
            {
              "batter": "MW Machan",
              "bowler": "SR Watson",
              "non_striker": "FRJ Coleman",
              "runs": {
                "batter": 0,
                "extras": 0,
                "total": 0
              }
            },
            {
              "batter": "MW Machan",
              "bowler": "SR Watson",
              "non_striker": "FRJ Coleman",
              "runs": {
                "batter": 0,
                "extras": 0,
                "total": 0
              }
            },
            {
              "batter": "MW Machan",
              "bowler": "SR Watson",
              "non_striker": "FRJ Coleman",
              "runs": {
                "batter": 0,
                "extras": 0,
                "total": 0
              }
            }
          ]
        },
        {
          "over": 10,
          "deliveries": [
            {
              "batter": "FRJ Coleman",
              "bowler": "MG Johnson",
              "extras": {
                "wides": 1
              },
              "non_striker": "MW Machan",
              "runs": {
                "batter": 0,
                "extras": 1,
                "total": 1
              }
            },
            {
              "batter": "FRJ Coleman",
              "bowler": "MG Johnson",
              "non_striker": "MW Machan",
              "runs": {
                "batter": 0,
                "extras": 0,
                "total": 0
              },
              "wickets": [
                {
                  "kind": "caught",
                  "player_out": "FRJ Coleman",
                  "fielders": [
                    {
                      "name": "MJ Clarke"
                    }
                  ]
                }
              ]
            },
            {
              "batter": "RD Berrington",
              "bowler": "MG Johnson",
              "non_striker": "MW Machan",
              "runs": {
                "batter": 0,
                "extras": 0,
                "total": 0
              }
            },
            {
              "batter": "RD Berrington",
              "bowler": "MG Johnson",
              "non_striker": "MW Machan",
              "runs": {
                "batter": 0,
                "extras": 0,
                "total": 0
              }
            },
            {
              "batter": "RD Berrington",
              "bowler": "MG Johnson",
              "non_striker": "MW Machan",
              "runs": {
                "batter": 0,
                "extras": 0,
                "total": 0
              }
            },
            {
              "batter": "RD Berrington",
              "bowler": "MG Johnson",
              "non_striker": "MW Machan",
              "runs": {
                "batter": 0,
                "extras": 0,
                "total": 0
              }
            },
            {
              "batter": "RD Berrington",
              "bowler": "MG Johnson",
              "non_striker": "MW Machan",
              "runs": {
                "batter": 1,
                "extras": 0,
                "total": 1
              }
            }
          ]
        },
        {
          "over": 11,
          "deliveries": [
            {
              "batter": "RD Berrington",
              "bowler": "GJ Maxwell",
              "non_striker": "MW Machan",
              "runs": {
                "batter": 0,
                "extras": 0,
                "total": 0
              },
              "wickets": [
                {
                  "kind": "caught",
                  "player_out": "RD Berrington",
                  "fielders": [
                    {
                      "name": "DA Warner"
                    }
                  ]
                }
              ]
            },
            {
              "batter": "MH Cross",
              "bowler": "GJ Maxwell",
              "non_striker": "MW Machan",
              "runs": {
                "batter": 0,
                "extras": 0,
                "total": 0
              }
            },
            {
              "batter": "MH Cross",
              "bowler": "GJ Maxwell",
              "non_striker": "MW Machan",
              "runs": {
                "batter": 0,
                "extras": 0,
                "total": 0
              }
            },
            {
              "batter": "MH Cross",
              "bowler": "GJ Maxwell",
              "non_striker": "MW Machan",
              "runs": {
                "batter": 0,
                "extras": 0,
                "total": 0
              }
            },
            {
              "batter": "MH Cross",
              "bowler": "GJ Maxwell",
              "extras": {
                "wides": 4
              },
              "non_striker": "MW Machan",
              "runs": {
                "batter": 0,
                "extras": 4,
                "total": 4
              }
            },
            {
              "batter": "MW Machan",
              "bowler": "GJ Maxwell",
              "non_striker": "MH Cross",
              "runs": {
                "batter": 0,
                "extras": 0,
                "total": 0
              }
            },
            {
              "batter": "MW Machan",
              "bowler": "GJ Maxwell",
              "non_striker": "MH Cross",
              "runs": {
                "batter": 2,
                "extras": 0,
                "total": 2
              }
            }
          ]
        },
        {
          "over": 12,
          "deliveries": [
            {
              "batter": "MH Cross",
              "bowler": "MG Johnson",
              "non_striker": "MW Machan",
              "runs": {
                "batter": 0,
                "extras": 0,
                "total": 0
              }
            },
            {
              "batter": "MH Cross",
              "bowler": "MG Johnson",
              "non_striker": "MW Machan",
              "runs": {
                "batter": 4,
                "extras": 0,
                "total": 4
              }
            },
            {
              "batter": "MH Cross",
              "bowler": "MG Johnson",
              "non_striker": "MW Machan",
              "runs": {
                "batter": 0,
                "extras": 0,
                "total": 0
              }
            },
            {
              "batter": "MH Cross",
              "bowler": "MG Johnson",
              "non_striker": "MW Machan",
              "runs": {
                "batter": 0,
                "extras": 0,
                "total": 0
              }
            },
            {
              "batter": "MH Cross",
              "bowler": "MG Johnson",
              "non_striker": "MW Machan",
              "runs": {
                "batter": 0,
                "extras": 0,
                "total": 0
              }
            },
            {
              "batter": "MH Cross",
              "bowler": "MG Johnson",
              "non_striker": "MW Machan",
              "runs": {
                "batter": 0,
                "extras": 0,
                "total": 0
              }
            }
          ]
        },
        {
          "over": 13,
          "deliveries": [
            {
              "batter": "MW Machan",
              "bowler": "GJ Maxwell",
              "non_striker": "MH Cross",
              "runs": {
                "batter": 1,
                "extras": 0,
                "total": 1
              }
            },
            {
              "batter": "MH Cross",
              "bowler": "GJ Maxwell",
              "non_striker": "MW Machan",
              "runs": {
                "batter": 0,
                "extras": 0,
                "total": 0
              }
            },
            {
              "batter": "MH Cross",
              "bowler": "GJ Maxwell",
              "non_striker": "MW Machan",
              "runs": {
                "batter": 1,
                "extras": 0,
                "total": 1
              }
            },
            {
              "batter": "MW Machan",
              "bowler": "GJ Maxwell",
              "non_striker": "MH Cross",
              "runs": {
                "batter": 0,
                "extras": 0,
                "total": 0
              }
            },
            {
              "batter": "MW Machan",
              "bowler": "GJ Maxwell",
              "non_striker": "MH Cross",
              "runs": {
                "batter": 1,
                "extras": 0,
                "total": 1
              }
            },
            {
              "batter": "MH Cross",
              "bowler": "GJ Maxwell",
              "non_striker": "MW Machan",
              "runs": {
                "batter": 0,
                "extras": 0,
                "total": 0
              }
            }
          ]
        },
        {
          "over": 14,
          "deliveries": [
            {
              "batter": "MW Machan",
              "bowler": "MG Johnson",
              "non_striker": "MH Cross",
              "runs": {
                "batter": 0,
                "extras": 0,
                "total": 0
              }
            },
            {
              "batter": "MW Machan",
              "bowler": "MG Johnson",
              "non_striker": "MH Cross",
              "runs": {
                "batter": 4,
                "extras": 0,
                "total": 4
              }
            },
            {
              "batter": "MW Machan",
              "bowler": "MG Johnson",
              "non_striker": "MH Cross",
              "runs": {
                "batter": 4,
                "extras": 0,
                "total": 4
              }
            },
            {
              "batter": "MW Machan",
              "bowler": "MG Johnson",
              "non_striker": "MH Cross",
              "runs": {
                "batter": 0,
                "extras": 0,
                "total": 0
              }
            },
            {
              "batter": "MW Machan",
              "bowler": "MG Johnson",
              "non_striker": "MH Cross",
              "runs": {
                "batter": 2,
                "extras": 0,
                "total": 2
              }
            },
            {
              "batter": "MW Machan",
              "bowler": "MG Johnson",
              "non_striker": "MH Cross",
              "runs": {
                "batter": 0,
                "extras": 0,
                "total": 0
              }
            }
          ]
        },
        {
          "over": 15,
          "deliveries": [
            {
              "batter": "MH Cross",
              "bowler": "GJ Maxwell",
              "non_striker": "MW Machan",
              "runs": {
                "batter": 4,
                "extras": 0,
                "total": 4
              }
            },
            {
              "batter": "MH Cross",
              "bowler": "GJ Maxwell",
              "non_striker": "MW Machan",
              "runs": {
                "batter": 0,
                "extras": 0,
                "total": 0
              }
            },
            {
              "batter": "MH Cross",
              "bowler": "GJ Maxwell",
              "non_striker": "MW Machan",
              "runs": {
                "batter": 0,
                "extras": 0,
                "total": 0
              }
            },
            {
              "batter": "MH Cross",
              "bowler": "GJ Maxwell",
              "non_striker": "MW Machan",
              "runs": {
                "batter": 0,
                "extras": 0,
                "total": 0
              }
            },
            {
              "batter": "MH Cross",
              "bowler": "GJ Maxwell",
              "non_striker": "MW Machan",
              "runs": {
                "batter": 0,
                "extras": 0,
                "total": 0
              }
            },
            {
              "batter": "MH Cross",
              "bowler": "GJ Maxwell",
              "non_striker": "MW Machan",
              "runs": {
                "batter": 0,
                "extras": 0,
                "total": 0
              }
            }
          ]
        },
        {
          "over": 16,
          "deliveries": [
            {
              "batter": "MW Machan",
              "bowler": "PJ Cummins",
              "non_striker": "MH Cross",
              "runs": {
                "batter": 0,
                "extras": 0,
                "total": 0
              }
            },
            {
              "batter": "MW Machan",
              "bowler": "PJ Cummins",
              "non_striker": "MH Cross",
              "runs": {
                "batter": 0,
                "extras": 0,
                "total": 0
              },
              "wickets": [
                {
                  "kind": "caught",
                  "player_out": "MW Machan",
                  "fielders": [
                    {
                      "name": "JP Faulkner"
                    }
                  ]
                }
              ]
            },
            {
              "batter": "MH Cross",
              "bowler": "PJ Cummins",
              "extras": {
                "wides": 1
              },
              "non_striker": "JH Davey",
              "runs": {
                "batter": 0,
                "extras": 1,
                "total": 1
              }
            },
            {
              "batter": "MH Cross",
              "bowler": "PJ Cummins",
              "non_striker": "JH Davey",
              "runs": {
                "batter": 0,
                "extras": 0,
                "total": 0
              }
            },
            {
              "batter": "MH Cross",
              "bowler": "PJ Cummins",
              "non_striker": "JH Davey",
              "runs": {
                "batter": 0,
                "extras": 0,
                "total": 0
              },
              "wickets": [
                {
                  "kind": "caught",
                  "player_out": "MH Cross",
                  "fielders": [
                    {
                      "name": "BJ Haddin"
                    }
                  ]
                }
              ]
            },
            {
              "batter": "RML Taylor",
              "bowler": "PJ Cummins",
              "non_striker": "JH Davey",
              "runs": {
                "batter": 0,
                "extras": 0,
                "total": 0
              }
            },
            {
              "batter": "RML Taylor",
              "bowler": "PJ Cummins",
              "non_striker": "JH Davey",
              "runs": {
                "batter": 0,
                "extras": 0,
                "total": 0
              }
            }
          ]
        },
        {
          "over": 17,
          "deliveries": [
            {
              "batter": "JH Davey",
              "bowler": "GJ Maxwell",
              "non_striker": "RML Taylor",
              "runs": {
                "batter": 0,
                "extras": 0,
                "total": 0
              }
            },
            {
              "batter": "JH Davey",
              "bowler": "GJ Maxwell",
              "non_striker": "RML Taylor",
              "runs": {
                "batter": 4,
                "extras": 0,
                "total": 4
              }
            },
            {
              "batter": "JH Davey",
              "bowler": "GJ Maxwell",
              "non_striker": "RML Taylor",
              "runs": {
                "batter": 0,
                "extras": 0,
                "total": 0
              }
            },
            {
              "batter": "JH Davey",
              "bowler": "GJ Maxwell",
              "non_striker": "RML Taylor",
              "runs": {
                "batter": 4,
                "extras": 0,
                "total": 4
              }
            },
            {
              "batter": "JH Davey",
              "bowler": "GJ Maxwell",
              "non_striker": "RML Taylor",
              "runs": {
                "batter": 2,
                "extras": 0,
                "total": 2
              }
            },
            {
              "batter": "JH Davey",
              "bowler": "GJ Maxwell",
              "non_striker": "RML Taylor",
              "runs": {
                "batter": 1,
                "extras": 0,
                "total": 1
              }
            }
          ]
        },
        {
          "over": 18,
          "deliveries": [
            {
              "batter": "JH Davey",
              "bowler": "PJ Cummins",
              "non_striker": "RML Taylor",
              "runs": {
                "batter": 0,
                "extras": 0,
                "total": 0
              }
            },
            {
              "batter": "JH Davey",
              "bowler": "PJ Cummins",
              "non_striker": "RML Taylor",
              "runs": {
                "batter": 0,
                "extras": 0,
                "total": 0
              }
            },
            {
              "batter": "JH Davey",
              "bowler": "PJ Cummins",
              "extras": {
                "legbyes": 1
              },
              "non_striker": "RML Taylor",
              "runs": {
                "batter": 0,
                "extras": 1,
                "total": 1
              }
            },
            {
              "batter": "RML Taylor",
              "bowler": "PJ Cummins",
              "non_striker": "JH Davey",
              "runs": {
                "batter": 0,
                "extras": 0,
                "total": 0
              }
            },
            {
              "batter": "RML Taylor",
              "bowler": "PJ Cummins",
              "non_striker": "JH Davey",
              "runs": {
                "batter": 0,
                "extras": 0,
                "total": 0
              }
            },
            {
              "batter": "RML Taylor",
              "bowler": "PJ Cummins",
              "non_striker": "JH Davey",
              "runs": {
                "batter": 0,
                "extras": 0,
                "total": 0
              }
            }
          ]
        },
        {
          "over": 19,
          "deliveries": [
            {
              "batter": "JH Davey",
              "bowler": "JP Faulkner",
              "non_striker": "RML Taylor",
              "runs": {
                "batter": 0,
                "extras": 0,
                "total": 0
              }
            },
            {
              "batter": "JH Davey",
              "bowler": "JP Faulkner",
              "non_striker": "RML Taylor",
              "runs": {
                "batter": 0,
                "extras": 0,
                "total": 0
              }
            },
            {
              "batter": "JH Davey",
              "bowler": "JP Faulkner",
              "non_striker": "RML Taylor",
              "runs": {
                "batter": 0,
                "extras": 0,
                "total": 0
              }
            },
            {
              "batter": "JH Davey",
              "bowler": "JP Faulkner",
              "non_striker": "RML Taylor",
              "runs": {
                "batter": 0,
                "extras": 0,
                "total": 0
              }
            },
            {
              "batter": "JH Davey",
              "bowler": "JP Faulkner",
              "non_striker": "RML Taylor",
              "runs": {
                "batter": 0,
                "extras": 0,
                "total": 0
              }
            },
            {
              "batter": "JH Davey",
              "bowler": "JP Faulkner",
              "non_striker": "RML Taylor",
              "runs": {
                "batter": 4,
                "extras": 0,
                "total": 4
              }
            }
          ]
        },
        {
          "over": 20,
          "deliveries": [
            {
              "batter": "RML Taylor",
              "bowler": "PJ Cummins",
              "non_striker": "JH Davey",
              "runs": {
                "batter": 0,
                "extras": 0,
                "total": 0
              },
              "wickets": [
                {
                  "kind": "caught",
                  "player_out": "RML Taylor",
                  "fielders": [
                    {
                      "name": "BJ Haddin"
                    }
                  ]
                }
              ]
            },
            {
              "batter": "MA Leask",
              "bowler": "PJ Cummins",
              "non_striker": "JH Davey",
              "runs": {
                "batter": 1,
                "extras": 0,
                "total": 1
              }
            },
            {
              "batter": "JH Davey",
              "bowler": "PJ Cummins",
              "non_striker": "MA Leask",
              "runs": {
                "batter": 1,
                "extras": 0,
                "total": 1
              }
            },
            {
              "batter": "MA Leask",
              "bowler": "PJ Cummins",
              "non_striker": "JH Davey",
              "runs": {
                "batter": 1,
                "extras": 0,
                "total": 1
              }
            },
            {
              "batter": "JH Davey",
              "bowler": "PJ Cummins",
              "non_striker": "MA Leask",
              "runs": {
                "batter": 0,
                "extras": 0,
                "total": 0
              }
            },
            {
              "batter": "JH Davey",
              "bowler": "PJ Cummins",
              "non_striker": "MA Leask",
              "runs": {
                "batter": 4,
                "extras": 0,
                "total": 4
              }
            }
          ]
        },
        {
          "over": 21,
          "deliveries": [
            {
              "batter": "MA Leask",
              "bowler": "JP Faulkner",
              "non_striker": "JH Davey",
              "runs": {
                "batter": 0,
                "extras": 0,
                "total": 0
              }
            },
            {
              "batter": "MA Leask",
              "bowler": "JP Faulkner",
              "non_striker": "JH Davey",
              "runs": {
                "batter": 5,
                "extras": 0,
                "total": 5
              }
            },
            {
              "batter": "JH Davey",
              "bowler": "JP Faulkner",
              "non_striker": "MA Leask",
              "runs": {
                "batter": 0,
                "extras": 0,
                "total": 0
              }
            },
            {
              "batter": "JH Davey",
              "bowler": "JP Faulkner",
              "non_striker": "MA Leask",
              "runs": {
                "batter": 0,
                "extras": 0,
                "total": 0
              }
            },
            {
              "batter": "JH Davey",
              "bowler": "JP Faulkner",
              "non_striker": "MA Leask",
              "runs": {
                "batter": 0,
                "extras": 0,
                "total": 0
              }
            },
            {
              "batter": "JH Davey",
              "bowler": "JP Faulkner",
              "non_striker": "MA Leask",
              "runs": {
                "batter": 2,
                "extras": 0,
                "total": 2
              }
            }
          ]
        },
        {
          "over": 22,
          "deliveries": [
            {
              "batter": "MA Leask",
              "bowler": "PJ Cummins",
              "non_striker": "JH Davey",
              "runs": {
                "batter": 0,
                "extras": 0,
                "total": 0
              }
            },
            {
              "batter": "MA Leask",
              "bowler": "PJ Cummins",
              "non_striker": "JH Davey",
              "runs": {
                "batter": 4,
                "extras": 0,
                "total": 4
              }
            },
            {
              "batter": "MA Leask",
              "bowler": "PJ Cummins",
              "non_striker": "JH Davey",
              "runs": {
                "batter": 4,
                "extras": 0,
                "total": 4
              }
            },
            {
              "batter": "MA Leask",
              "bowler": "PJ Cummins",
              "non_striker": "JH Davey",
              "runs": {
                "batter": 4,
                "extras": 0,
                "total": 4
              }
            },
            {
              "batter": "MA Leask",
              "bowler": "PJ Cummins",
              "non_striker": "JH Davey",
              "runs": {
                "batter": 0,
                "extras": 0,
                "total": 0
              }
            },
            {
              "batter": "MA Leask",
              "bowler": "PJ Cummins",
              "non_striker": "JH Davey",
              "runs": {
                "batter": 0,
                "extras": 0,
                "total": 0
              }
            }
          ]
        },
        {
          "over": 23,
          "deliveries": [
            {
              "batter": "JH Davey",
              "bowler": "JP Faulkner",
              "non_striker": "MA Leask",
              "runs": {
                "batter": 0,
                "extras": 0,
                "total": 0
              }
            },
            {
              "batter": "JH Davey",
              "bowler": "JP Faulkner",
              "extras": {
                "wides": 1
              },
              "non_striker": "MA Leask",
              "runs": {
                "batter": 0,
                "extras": 1,
                "total": 1
              }
            },
            {
              "batter": "JH Davey",
              "bowler": "JP Faulkner",
              "non_striker": "MA Leask",
              "runs": {
                "batter": 0,
                "extras": 0,
                "total": 0
              }
            },
            {
              "batter": "JH Davey",
              "bowler": "JP Faulkner",
              "non_striker": "MA Leask",
              "runs": {
                "batter": 0,
                "extras": 0,
                "total": 0
              }
            },
            {
              "batter": "JH Davey",
              "bowler": "JP Faulkner",
              "non_striker": "MA Leask",
              "runs": {
                "batter": 0,
                "extras": 0,
                "total": 0
              }
            },
            {
              "batter": "JH Davey",
              "bowler": "JP Faulkner",
              "non_striker": "MA Leask",
              "runs": {
                "batter": 0,
                "extras": 0,
                "total": 0
              }
            },
            {
              "batter": "JH Davey",
              "bowler": "JP Faulkner",
              "non_striker": "MA Leask",
              "runs": {
                "batter": 3,
                "extras": 0,
                "total": 3
              }
            }
          ]
        },
        {
          "over": 24,
          "deliveries": [
            {
              "batter": "JH Davey",
              "bowler": "PJ Cummins",
              "non_striker": "MA Leask",
              "runs": {
                "batter": 0,
                "extras": 0,
                "total": 0
              }
            },
            {
              "batter": "JH Davey",
              "bowler": "PJ Cummins",
              "non_striker": "MA Leask",
              "runs": {
                "batter": 0,
                "extras": 0,
                "total": 0
              }
            },
            {
              "batter": "JH Davey",
              "bowler": "PJ Cummins",
              "non_striker": "MA Leask",
              "runs": {
                "batter": 0,
                "extras": 0,
                "total": 0
              }
            },
            {
              "batter": "JH Davey",
              "bowler": "PJ Cummins",
              "non_striker": "MA Leask",
              "runs": {
                "batter": 0,
                "extras": 0,
                "total": 0
              }
            },
            {
              "batter": "JH Davey",
              "bowler": "PJ Cummins",
              "non_striker": "MA Leask",
              "runs": {
                "batter": 1,
                "extras": 0,
                "total": 1
              }
            },
            {
              "batter": "MA Leask",
              "bowler": "PJ Cummins",
              "non_striker": "JH Davey",
              "runs": {
                "batter": 4,
                "extras": 0,
                "total": 4
              }
            }
          ]
        },
        {
          "over": 25,
          "deliveries": [
            {
              "batter": "JH Davey",
              "bowler": "MA Starc",
              "non_striker": "MA Leask",
              "runs": {
                "batter": 0,
                "extras": 0,
                "total": 0
              }
            },
            {
              "batter": "JH Davey",
              "bowler": "MA Starc",
              "non_striker": "MA Leask",
              "runs": {
                "batter": 0,
                "extras": 0,
                "total": 0
              },
              "wickets": [
                {
                  "kind": "bowled",
                  "player_out": "JH Davey"
                }
              ]
            },
            {
              "batter": "I Wardlaw",
              "bowler": "MA Starc",
              "non_striker": "MA Leask",
              "runs": {
                "batter": 0,
                "extras": 0,
                "total": 0
              }
            },
            {
              "batter": "I Wardlaw",
              "bowler": "MA Starc",
              "non_striker": "MA Leask",
              "runs": {
                "batter": 0,
                "extras": 0,
                "total": 0
              },
              "wickets": [
                {
                  "kind": "bowled",
                  "player_out": "I Wardlaw"
                }
              ]
            }
          ]
        }
      ],
      "powerplays": [
        {
          "from": 0.1,
          "to": 9.6,
          "type": "mandatory"
        }
      ]
    },
    {
      "team": "Australia",
      "overs": [
        {
          "over": 0,
          "deliveries": [
            {
              "batter": "MJ Clarke",
              "bowler": "I Wardlaw",
              "non_striker": "AJ Finch",
              "runs": {
                "batter": 1,
                "extras": 0,
                "total": 1
              }
            },
            {
              "batter": "AJ Finch",
              "bowler": "I Wardlaw",
              "non_striker": "MJ Clarke",
              "runs": {
                "batter": 1,
                "extras": 0,
                "total": 1
              }
            },
            {
              "batter": "MJ Clarke",
              "bowler": "I Wardlaw",
              "non_striker": "AJ Finch",
              "runs": {
                "batter": 0,
                "extras": 0,
                "total": 0
              }
            },
            {
              "batter": "MJ Clarke",
              "bowler": "I Wardlaw",
              "non_striker": "AJ Finch",
              "runs": {
                "batter": 0,
                "extras": 0,
                "total": 0
              }
            },
            {
              "batter": "MJ Clarke",
              "bowler": "I Wardlaw",
              "non_striker": "AJ Finch",
              "runs": {
                "batter": 4,
                "extras": 0,
                "total": 4
              }
            },
            {
              "batter": "MJ Clarke",
              "bowler": "I Wardlaw",
              "non_striker": "AJ Finch",
              "runs": {
                "batter": 0,
                "extras": 0,
                "total": 0
              }
            }
          ]
        },
        {
          "over": 1,
          "deliveries": [
            {
              "batter": "AJ Finch",
              "bowler": "RML Taylor",
              "non_striker": "MJ Clarke",
              "runs": {
                "batter": 1,
                "extras": 0,
                "total": 1
              }
            },
            {
              "batter": "MJ Clarke",
              "bowler": "RML Taylor",
              "non_striker": "AJ Finch",
              "runs": {
                "batter": 0,
                "extras": 0,
                "total": 0
              }
            },
            {
              "batter": "MJ Clarke",
              "bowler": "RML Taylor",
              "non_striker": "AJ Finch",
              "runs": {
                "batter": 0,
                "extras": 0,
                "total": 0
              }
            },
            {
              "batter": "MJ Clarke",
              "bowler": "RML Taylor",
              "non_striker": "AJ Finch",
              "runs": {
                "batter": 0,
                "extras": 0,
                "total": 0
              }
            },
            {
              "batter": "MJ Clarke",
              "bowler": "RML Taylor",
              "non_striker": "AJ Finch",
              "runs": {
                "batter": 0,
                "extras": 0,
                "total": 0
              }
            },
            {
              "batter": "MJ Clarke",
              "bowler": "RML Taylor",
              "non_striker": "AJ Finch",
              "runs": {
                "batter": 0,
                "extras": 0,
                "total": 0
              }
            }
          ]
        },
        {
          "over": 2,
          "deliveries": [
            {
              "batter": "AJ Finch",
              "bowler": "I Wardlaw",
              "non_striker": "MJ Clarke",
              "runs": {
                "batter": 4,
                "extras": 0,
                "total": 4
              }
            },
            {
              "batter": "AJ Finch",
              "bowler": "I Wardlaw",
              "non_striker": "MJ Clarke",
              "runs": {
                "batter": 6,
                "extras": 0,
                "total": 6
              }
            },
            {
              "batter": "AJ Finch",
              "bowler": "I Wardlaw",
              "non_striker": "MJ Clarke",
              "runs": {
                "batter": 0,
                "extras": 0,
                "total": 0
              }
            },
            {
              "batter": "AJ Finch",
              "bowler": "I Wardlaw",
              "non_striker": "MJ Clarke",
              "runs": {
                "batter": 0,
                "extras": 0,
                "total": 0
              }
            },
            {
              "batter": "AJ Finch",
              "bowler": "I Wardlaw",
              "non_striker": "MJ Clarke",
              "runs": {
                "batter": 4,
                "extras": 0,
                "total": 4
              }
            },
            {
              "batter": "AJ Finch",
              "bowler": "I Wardlaw",
              "non_striker": "MJ Clarke",
              "runs": {
                "batter": 0,
                "extras": 0,
                "total": 0
              }
            }
          ]
        },
        {
          "over": 3,
          "deliveries": [
            {
              "batter": "MJ Clarke",
              "bowler": "RML Taylor",
              "non_striker": "AJ Finch",
              "runs": {
                "batter": 0,
                "extras": 0,
                "total": 0
              }
            },
            {
              "batter": "MJ Clarke",
              "bowler": "RML Taylor",
              "non_striker": "AJ Finch",
              "runs": {
                "batter": 4,
                "extras": 0,
                "total": 4
              }
            },
            {
              "batter": "MJ Clarke",
              "bowler": "RML Taylor",
              "non_striker": "AJ Finch",
              "runs": {
                "batter": 0,
                "extras": 0,
                "total": 0
              }
            },
            {
              "batter": "MJ Clarke",
              "bowler": "RML Taylor",
              "non_striker": "AJ Finch",
              "runs": {
                "batter": 1,
                "extras": 0,
                "total": 1
              }
            },
            {
              "batter": "AJ Finch",
              "bowler": "RML Taylor",
              "non_striker": "MJ Clarke",
              "runs": {
                "batter": 4,
                "extras": 0,
                "total": 4
              }
            },
            {
              "batter": "AJ Finch",
              "bowler": "RML Taylor",
              "non_striker": "MJ Clarke",
              "runs": {
                "batter": 0,
                "extras": 0,
                "total": 0
              },
              "wickets": [
                {
                  "kind": "caught",
                  "player_out": "AJ Finch",
                  "fielders": [
                    {
                      "name": "FRJ Coleman"
                    }
                  ]
                }
              ]
            }
          ]
        },
        {
          "over": 4,
          "deliveries": [
            {
              "batter": "MJ Clarke",
              "bowler": "I Wardlaw",
              "non_striker": "SR Watson",
              "runs": {
                "batter": 6,
                "extras": 0,
                "total": 6
              }
            },
            {
              "batter": "MJ Clarke",
              "bowler": "I Wardlaw",
              "extras": {
                "wides": 1
              },
              "non_striker": "SR Watson",
              "runs": {
                "batter": 0,
                "extras": 1,
                "total": 1
              }
            },
            {
              "batter": "MJ Clarke",
              "bowler": "I Wardlaw",
              "non_striker": "SR Watson",
              "runs": {
                "batter": 4,
                "extras": 0,
                "total": 4
              }
            },
            {
              "batter": "MJ Clarke",
              "bowler": "I Wardlaw",
              "non_striker": "SR Watson",
              "runs": {
                "batter": 0,
                "extras": 0,
                "total": 0
              }
            },
            {
              "batter": "MJ Clarke",
              "bowler": "I Wardlaw",
              "non_striker": "SR Watson",
              "runs": {
                "batter": 0,
                "extras": 0,
                "total": 0
              }
            },
            {
              "batter": "MJ Clarke",
              "bowler": "I Wardlaw",
              "non_striker": "SR Watson",
              "runs": {
                "batter": 0,
                "extras": 0,
                "total": 0
              }
            },
            {
              "batter": "MJ Clarke",
              "bowler": "I Wardlaw",
              "non_striker": "SR Watson",
              "runs": {
                "batter": 0,
                "extras": 0,
                "total": 0
              }
            }
          ]
        },
        {
          "over": 5,
          "deliveries": [
            {
              "batter": "SR Watson",
              "bowler": "RML Taylor",
              "non_striker": "MJ Clarke",
              "runs": {
                "batter": 0,
                "extras": 0,
                "total": 0
              }
            },
            {
              "batter": "SR Watson",
              "bowler": "RML Taylor",
              "non_striker": "MJ Clarke",
              "runs": {
                "batter": 0,
                "extras": 0,
                "total": 0
              }
            },
            {
              "batter": "SR Watson",
              "bowler": "RML Taylor",
              "non_striker": "MJ Clarke",
              "runs": {
                "batter": 0,
                "extras": 0,
                "total": 0
              }
            },
            {
              "batter": "SR Watson",
              "bowler": "RML Taylor",
              "non_striker": "MJ Clarke",
              "runs": {
                "batter": 0,
                "extras": 0,
                "total": 0
              }
            },
            {
              "batter": "SR Watson",
              "bowler": "RML Taylor",
              "non_striker": "MJ Clarke",
              "runs": {
                "batter": 0,
                "extras": 0,
                "total": 0
              }
            },
            {
              "batter": "SR Watson",
              "bowler": "RML Taylor",
              "non_striker": "MJ Clarke",
              "runs": {
                "batter": 1,
                "extras": 0,
                "total": 1
              }
            }
          ]
        },
        {
          "over": 6,
          "deliveries": [
            {
              "batter": "SR Watson",
              "bowler": "JH Davey",
              "non_striker": "MJ Clarke",
              "runs": {
                "batter": 1,
                "extras": 0,
                "total": 1
              }
            },
            {
              "batter": "MJ Clarke",
              "bowler": "JH Davey",
              "non_striker": "SR Watson",
              "runs": {
                "batter": 0,
                "extras": 0,
                "total": 0
              }
            },
            {
              "batter": "MJ Clarke",
              "bowler": "JH Davey",
              "non_striker": "SR Watson",
              "runs": {
                "batter": 1,
                "extras": 0,
                "total": 1
              }
            },
            {
              "batter": "SR Watson",
              "bowler": "JH Davey",
              "non_striker": "MJ Clarke",
              "runs": {
                "batter": 0,
                "extras": 0,
                "total": 0
              }
            },
            {
              "batter": "SR Watson",
              "bowler": "JH Davey",
              "non_striker": "MJ Clarke",
              "runs": {
                "batter": 1,
                "extras": 0,
                "total": 1
              }
            },
            {
              "batter": "MJ Clarke",
              "bowler": "JH Davey",
              "non_striker": "SR Watson",
              "runs": {
                "batter": 0,
                "extras": 0,
                "total": 0
              }
            }
          ]
        },
        {
          "over": 7,
          "deliveries": [
            {
              "batter": "SR Watson",
              "bowler": "RML Taylor",
              "non_striker": "MJ Clarke",
              "runs": {
                "batter": 1,
                "extras": 0,
                "total": 1
              }
            },
            {
              "batter": "MJ Clarke",
              "bowler": "RML Taylor",
              "non_striker": "SR Watson",
              "runs": {
                "batter": 0,
                "extras": 0,
                "total": 0
              }
            },
            {
              "batter": "MJ Clarke",
              "bowler": "RML Taylor",
              "non_striker": "SR Watson",
              "runs": {
                "batter": 4,
                "extras": 0,
                "total": 4
              }
            },
            {
              "batter": "MJ Clarke",
              "bowler": "RML Taylor",
              "non_striker": "SR Watson",
              "runs": {
                "batter": 0,
                "extras": 0,
                "total": 0
              }
            },
            {
              "batter": "MJ Clarke",
              "bowler": "RML Taylor",
              "non_striker": "SR Watson",
              "runs": {
                "batter": 1,
                "extras": 0,
                "total": 1
              }
            },
            {
              "batter": "SR Watson",
              "bowler": "RML Taylor",
              "non_striker": "MJ Clarke",
              "runs": {
                "batter": 4,
                "extras": 0,
                "total": 4
              }
            }
          ]
        },
        {
          "over": 8,
          "deliveries": [
            {
              "batter": "MJ Clarke",
              "bowler": "JH Davey",
              "non_striker": "SR Watson",
              "runs": {
                "batter": 0,
                "extras": 0,
                "total": 0
              }
            },
            {
              "batter": "MJ Clarke",
              "bowler": "JH Davey",
              "non_striker": "SR Watson",
              "runs": {
                "batter": 0,
                "extras": 0,
                "total": 0
              }
            },
            {
              "batter": "MJ Clarke",
              "bowler": "JH Davey",
              "non_striker": "SR Watson",
              "runs": {
                "batter": 0,
                "extras": 0,
                "total": 0
              }
            },
            {
              "batter": "MJ Clarke",
              "bowler": "JH Davey",
              "non_striker": "SR Watson",
              "runs": {
                "batter": 0,
                "extras": 0,
                "total": 0
              }
            },
            {
              "batter": "MJ Clarke",
              "bowler": "JH Davey",
              "non_striker": "SR Watson",
              "runs": {
                "batter": 0,
                "extras": 0,
                "total": 0
              }
            },
            {
              "batter": "MJ Clarke",
              "bowler": "JH Davey",
              "non_striker": "SR Watson",
              "runs": {
                "batter": 0,
                "extras": 0,
                "total": 0
              }
            }
          ]
        },
        {
          "over": 9,
          "deliveries": [
            {
              "batter": "SR Watson",
              "bowler": "RML Taylor",
              "non_striker": "MJ Clarke",
              "runs": {
                "batter": 4,
                "extras": 0,
                "total": 4
              }
            },
            {
              "batter": "SR Watson",
              "bowler": "RML Taylor",
              "non_striker": "MJ Clarke",
              "runs": {
                "batter": 0,
                "extras": 0,
                "total": 0
              }
            },
            {
              "batter": "SR Watson",
              "bowler": "RML Taylor",
              "non_striker": "MJ Clarke",
              "runs": {
                "batter": 0,
                "extras": 0,
                "total": 0
              }
            },
            {
              "batter": "SR Watson",
              "bowler": "RML Taylor",
              "non_striker": "MJ Clarke",
              "runs": {
                "batter": 0,
                "extras": 0,
                "total": 0
              }
            },
            {
              "batter": "SR Watson",
              "bowler": "RML Taylor",
              "non_striker": "MJ Clarke",
              "runs": {
                "batter": 4,
                "extras": 0,
                "total": 4
              }
            },
            {
              "batter": "SR Watson",
              "bowler": "RML Taylor",
              "non_striker": "MJ Clarke",
              "runs": {
                "batter": 0,
                "extras": 0,
                "total": 0
              }
            }
          ]
        },
        {
          "over": 10,
          "deliveries": [
            {
              "batter": "MJ Clarke",
              "bowler": "JH Davey",
              "non_striker": "SR Watson",
              "runs": {
                "batter": 0,
                "extras": 0,
                "total": 0
              }
            },
            {
              "batter": "MJ Clarke",
              "bowler": "JH Davey",
              "non_striker": "SR Watson",
              "runs": {
                "batter": 4,
                "extras": 0,
                "total": 4
              }
            },
            {
              "batter": "MJ Clarke",
              "bowler": "JH Davey",
              "non_striker": "SR Watson",
              "runs": {
                "batter": 0,
                "extras": 0,
                "total": 0
              }
            },
            {
              "batter": "MJ Clarke",
              "bowler": "JH Davey",
              "non_striker": "SR Watson",
              "runs": {
                "batter": 4,
                "extras": 0,
                "total": 4
              }
            },
            {
              "batter": "MJ Clarke",
              "bowler": "JH Davey",
              "non_striker": "SR Watson",
              "runs": {
                "batter": 0,
                "extras": 0,
                "total": 0
              }
            },
            {
              "batter": "MJ Clarke",
              "bowler": "JH Davey",
              "non_striker": "SR Watson",
              "runs": {
                "batter": 0,
                "extras": 0,
                "total": 0
              }
            }
          ]
        },
        {
          "over": 11,
          "deliveries": [
            {
              "batter": "SR Watson",
              "bowler": "I Wardlaw",
              "non_striker": "MJ Clarke",
              "runs": {
                "batter": 1,
                "extras": 0,
                "total": 1
              }
            },
            {
              "batter": "MJ Clarke",
              "bowler": "I Wardlaw",
              "non_striker": "SR Watson",
              "runs": {
                "batter": 6,
                "extras": 0,
                "total": 6
              }
            },
            {
              "batter": "MJ Clarke",
              "bowler": "I Wardlaw",
              "non_striker": "SR Watson",
              "runs": {
                "batter": 0,
                "extras": 0,
                "total": 0
              }
            },
            {
              "batter": "MJ Clarke",
              "bowler": "I Wardlaw",
              "non_striker": "SR Watson",
              "runs": {
                "batter": 1,
                "extras": 0,
                "total": 1
              }
            },
            {
              "batter": "SR Watson",
              "bowler": "I Wardlaw",
              "non_striker": "MJ Clarke",
              "runs": {
                "batter": 0,
                "extras": 0,
                "total": 0
              }
            },
            {
              "batter": "SR Watson",
              "bowler": "I Wardlaw",
              "non_striker": "MJ Clarke",
              "runs": {
                "batter": 2,
                "extras": 0,
                "total": 2
              }
            }
          ]
        },
        {
          "over": 12,
          "deliveries": [
            {
              "batter": "MJ Clarke",
              "bowler": "JH Davey",
              "non_striker": "SR Watson",
              "runs": {
                "batter": 1,
                "extras": 0,
                "total": 1
              }
            },
            {
              "batter": "SR Watson",
              "bowler": "JH Davey",
              "non_striker": "MJ Clarke",
              "runs": {
                "batter": 1,
                "extras": 0,
                "total": 1
              }
            },
            {
              "batter": "MJ Clarke",
              "bowler": "JH Davey",
              "non_striker": "SR Watson",
              "runs": {
                "batter": 0,
                "extras": 0,
                "total": 0
              }
            },
            {
              "batter": "MJ Clarke",
              "bowler": "JH Davey",
              "non_striker": "SR Watson",
              "runs": {
                "batter": 1,
                "extras": 0,
                "total": 1
              }
            },
            {
              "batter": "SR Watson",
              "bowler": "JH Davey",
              "non_striker": "MJ Clarke",
              "runs": {
                "batter": 4,
                "extras": 0,
                "total": 4
              }
            },
            {
              "batter": "SR Watson",
              "bowler": "JH Davey",
              "non_striker": "MJ Clarke",
              "runs": {
                "batter": 0,
                "extras": 0,
                "total": 0
              },
              "wickets": [
                {
                  "kind": "caught",
                  "player_out": "SR Watson",
                  "fielders": [
                    {
                      "name": "MH Cross"
                    }
                  ]
                }
              ]
            }
          ]
        },
        {
          "over": 13,
          "deliveries": [
            {
              "batter": "MJ Clarke",
              "bowler": "I Wardlaw",
              "non_striker": "JP Faulkner",
              "runs": {
                "batter": 4,
                "extras": 0,
                "total": 4
              }
            },
            {
              "batter": "MJ Clarke",
              "bowler": "I Wardlaw",
              "non_striker": "JP Faulkner",
              "runs": {
                "batter": 0,
                "extras": 0,
                "total": 0
              },
              "wickets": [
                {
                  "kind": "caught",
                  "player_out": "MJ Clarke",
                  "fielders": [
                    {
                      "name": "MA Leask"
                    }
                  ]
                }
              ]
            },
            {
              "batter": "DA Warner",
              "bowler": "I Wardlaw",
              "non_striker": "JP Faulkner",
              "runs": {
                "batter": 6,
                "extras": 0,
                "total": 6
              }
            },
            {
              "batter": "DA Warner",
              "bowler": "I Wardlaw",
              "non_striker": "JP Faulkner",
              "runs": {
                "batter": 4,
                "extras": 0,
                "total": 4
              }
            },
            {
              "batter": "DA Warner",
              "bowler": "I Wardlaw",
              "non_striker": "JP Faulkner",
              "runs": {
                "batter": 1,
                "extras": 0,
                "total": 1
              }
            },
            {
              "batter": "JP Faulkner",
              "bowler": "I Wardlaw",
              "non_striker": "DA Warner",
              "runs": {
                "batter": 1,
                "extras": 0,
                "total": 1
              }
            }
          ]
        },
        {
          "over": 14,
          "deliveries": [
            {
              "batter": "JP Faulkner",
              "bowler": "JH Davey",
              "non_striker": "DA Warner",
              "runs": {
                "batter": 4,
                "extras": 0,
                "total": 4
              }
            },
            {
              "batter": "JP Faulkner",
              "bowler": "JH Davey",
              "non_striker": "DA Warner",
              "runs": {
                "batter": 4,
                "extras": 0,
                "total": 4
              }
            },
            {
              "batter": "JP Faulkner",
              "bowler": "JH Davey",
              "non_striker": "DA Warner",
              "runs": {
                "batter": 1,
                "extras": 0,
                "total": 1
              }
            },
            {
              "batter": "DA Warner",
              "bowler": "JH Davey",
              "extras": {
                "wides": 1
              },
              "non_striker": "JP Faulkner",
              "runs": {
                "batter": 0,
                "extras": 1,
                "total": 1
              }
            },
            {
              "batter": "DA Warner",
              "bowler": "JH Davey",
              "non_striker": "JP Faulkner",
              "runs": {
                "batter": 6,
                "extras": 0,
                "total": 6
              }
            },
            {
              "batter": "DA Warner",
              "bowler": "JH Davey",
              "non_striker": "JP Faulkner",
              "runs": {
                "batter": 4,
                "extras": 0,
                "total": 4
              }
            },
            {
              "batter": "DA Warner",
              "bowler": "JH Davey",
              "non_striker": "JP Faulkner",
              "runs": {
                "batter": 0,
                "extras": 0,
                "total": 0
              }
            }
          ]
        },
        {
          "over": 15,
          "deliveries": [
            {
              "batter": "JP Faulkner",
              "bowler": "MA Leask",
              "extras": {
                "legbyes": 2
              },
              "non_striker": "DA Warner",
              "runs": {
                "batter": 0,
                "extras": 2,
                "total": 2
              }
            },
            {
              "batter": "JP Faulkner",
              "bowler": "MA Leask",
              "extras": {
                "wides": 1
              },
              "non_striker": "DA Warner",
              "runs": {
                "batter": 0,
                "extras": 1,
                "total": 1
              }
            },
            {
              "batter": "JP Faulkner",
              "bowler": "MA Leask",
              "non_striker": "DA Warner",
              "runs": {
                "batter": 6,
                "extras": 0,
                "total": 6
              }
            }
          ]
        }
      ],
      "powerplays": [
        {
          "from": 0.1,
          "to": 9.6,
          "type": "mandatory"
        }
      ],
      "target": {
        "overs": 50,
        "runs": 131
      }
    }
  ]
}